模型加载参数: {'dtype': torch.bfloat16, 'attn_implementation': 'sdpa', 'low_cpu_mem_usage': True, 'device_map': 'auto'}

======================================================================
Recompute Pipeline 在 gov_report.jsonl 上测评
======================================================================
样本数: 200

----------------------------------------------------------------------
样本 1/200
context 前缀: This report provides background information and issues for Congress on multiyear...
模型输入前 40 词:
<|im_start|>user You are given a report by a government agency. Read the report carefully. Report: This report provides background information and issues for Congress on multiyear procurement (MYP) and block buy contracting (BBC), which are special contracting mechanisms that Congress ...
基线输出:
<report summary>

The report discusses multiyear procurement (MYP) and block buy contracting (BBC) as special contracting mechanisms that Congress allows the Department of Defense (DOD) to use for defense acquisition programs. It outlines the differences between MYP and annual contracting, potential savings, and the factors influencing DOD's decisions on using MYP and BBC. The report also covers the permanent statute governing MYP and provides examples of MYP and BBC usage by the Navy and Coast Guard. It discusses the benefits and risks of using MYP and BBC, including potential savings, flexibility for future changes, and the lack of a permanent statute governing BBC. The report concludes with recommendations for Congress regarding the use of MYP and BBC in the future.
TTFT (base): 2972.73 ms
simple_concat 输出:
The report is a detailed analysis of the multiyear purchasing (MYP) program for the Department of Defense (DOD). It was created to provide a multiyear contract for the procurement of major defense equipment, such as ships and aircraft, to help reduce the cost of such procurement. The report provides a summary of the history, purpose, and key findings of the MYP program. It also includes recommendations for future improvements to the program. The report states that the MYP program has been in effect since 2008, and has been used for a wide range of DOD programs. It is used to procure items like ships, aircraft, and other equipment, and it is intended to help reduce the cost of procurement. The report also discusses the use of multiyear contracts, multiyear contracting, and multiyear procurement contracts, as well as the difference between them. It also covers the use of multiyear contracts for the procurement of multiyear contracts, and the differences between multiyear contracts and multiyear contracts. The report also discusses the use of multiyear contracts for the procurement of multiyear contracts, and the use of multiyear contracts for the procurement of multiyear contracts. The report also discusses the use of multiyear contracts for the procurement of multiyear contracts, and the use of multiyear contracts for the procurement of multiyear contracts. The report also discusses the use of multiyear contracts for the procurement of multiyear contracts, and the use of multiyear contracts for the procurement of multiyear contracts. The report also discusses the use of multiyear contracts for the procurement of multiyear contracts, and the use of multiyear contracts for the procurement of multiyear contracts. The report also discusses the use of multiyear contracts for the procurement of multiyear contracts, and the use of multiyear contracts for the procurement of multiyear contracts. The report also discusses the use of multiyear contracts for the procurement of multiyear contracts, and the use of multiyear contracts for the procurement of multiyear contracts. The report also discusses the use of multiyear contracts for the procurement of multiyear contracts, and the use of multiyear contracts for the procurement of multiyear contracts. The report also discusses the use of multiyear contracts for the procurement of multiyear contracts, and the use of multiyear contracts for the procurement of multiyear contracts. The report also discusses the use of multiyear contracts for the procurement of multiyear contracts, and the use of multiyear contracts for the procurement of multiyear contracts. The report also discusses the use of multiyear contracts
TTFT (simple_concat, 不含预计算): 100.24 ms
blend_recompute 输出:
The report is a detailed analysis of the multiyear purchasing (MYP) program for the Department of Defense (DOD). It was created to provide a more efficient and efficient procurement process for DOD to procure items for the defense budget. The report covers the key findings of the report, which include the following:

1. The report discusses the use of multiyear contracts for procurement of major weapon systems, which are multiyear contracts for the procurement of items that are used in the defense acquisition community, such as ships and aircraft. It also covers the use of multiyear contracts for procurement of other items, such as weapons systems, weapons systems, and components.

2. The report highlights the advantages of using multiyear contracts, including the potential for significant cost savings, as well as the ability to better align procurement with the Department of Defense's budget and strategic priorities.

3. The report notes that the use of multiyear contracts has been used by the Department of Defense and the Department of the Navy, and it recommends that other agencies consider using multiyear contracts for similar procurement programs.

4. The report notes that multiyear contracts are not the only option and that annual contracts can also be used, and that the choice between the two should be based on the specific circumstances of each procurement.

5. The report notes that the Department of Defense has used multiyear contracts in the past, and it recommends that the Department of Defense continue to use multiyear contracts for similar procurement programs in the future.

6. The report recommends that the Department of Defense should establish a multiyear contract authority that allows for the procurement of certain types of contracts and that the Secretary of Defense should establish multiyear contracts in the future for the procurement of items for the Department of Defense, and that the Secretary of Defense should establish multiyear contracts for the procurement of items for the Department of Defense.

7. The report notes that the use of multiyear contracts can result in the reduction of flexibility in procurement programs, and that the Department of Defense should consider the impact of multiyear contracts on the procurement process and the ability to make changes to the procurement process in the future.

8. The report recommends that the Department of Defense should consider the use of multiyear contracts for the procurement of certain types of contracts, and that the Department of Defense should establish a multiyear contract authority for the procurement of certain types of contracts.

9. The report notes that the use of multiyear contracts can reduce the cost of procuring items, and that the Department of Defense should consider the use of multiyear contracts for
TTFT (blend_recompute, 不含预计算): 208.58 ms
  选点 1653 tokens / 735 runs, selection=46.84 ms, recompute=35.79 ms
blend_recompute_headwise 输出:
The report provides an analysis of multiyear procurement (MYP) contracting, a DOD contracting approach that allows for the procurement of items for multiple years without the need to reaward contracts each year. Key findings include:

- MYP allows for significant savings by reducing annual procurement costs, though the exact savings can be difficult to determine.
- Congress has not yet approved a permanent statute to govern MYP, which can limit flexibility.
- The report suggests using MYP in certain programs to reduce costs, but the Navy's use of MYP is limited.
- The report recommends Congress consider using MYP for programs that have not yet been procured, but may have the potential for significant cost savings.
- The report notes that the Navy has not yet used MYP, and if it does, it could lead to significant savings.
- The report suggests using MYP in the Navy's upcoming LCS program to reduce costs and improve flexibility.
- The report recommends Congress consider using MYP in other defense programs to reduce costs and improve flexibility.

The report also notes that DOD has not yet approved a permanent statute to govern MYP, and the Navy's use of MYP is limited, which can limit its effectiveness. The report suggests that Congress consider using MYP in future defense programs to reduce costs and improve flexibility.
TTFT (blend_recompute_headwise, 不含预计算): 18137.17 ms
  选中 1653 个 token-head 对 / 667 runs, selection=26.31 ms, recompute=17990.62 ms
标准答案:
Multiyear procurement (MYP) and block buy contracting (BBC) are special contracting mechanisms that Congress permits the Department of Defense (DOD) to use for a limited number of defense acquisition programs. Compared to the standard or default approach of annual contracting, MYP and BBC have the potential for reducing weapon procurement costs by a few or several percent. Under annual contracting, DOD uses one or more contracts for each year's worth of procurement of a given kind of item. Under MYP, DOD instead uses a single contract for two to five years' worth of procurement of a given kind of item without having to exercise a contract option for each year after the first year. DOD needs congressional approval for each use of MYP. There is a permanent statute governing MYP contracting—10 U.S.C. 2306b. Under this statute, a program must meet several criteria to qualify for MYP. Compared with estimated costs under annual contracting, estimated savings for programs being proposed for MYP have ranged from less than 5% to more than 15%, depending on the particulars of the program in question, with many estimates falling in the range of 5% to 10%. In practice, actual savings from using MYP rather than annual contracting can be difficult to observe or verify because of cost growth during the execution of the contract due to changes in the program independent of the use of MYP rather than annual contracting. BBC is similar to MYP in that it permits DOD to use a single contract for more than one year's worth of procurement of a given kind of item without having to exercise a contract option for each year after the first year. BBC is also similar to MYP in that DOD needs congressional approval for each use of BBC. BBC differs from MYP in the following ways: There is no permanent statute governing the use of BBC. There is no requirement that BBC be approved in both a DOD appropriations act and an act other than a DOD appropriations act. Programs being considered for BBC do not need to meet any legal criteria to qualify for BBC, because there is no permanent statute governing the use of BBC that establishes such criteria. A BBC contract can cover more than five years of planned procurements. Economic order quantity (EOQ) authority—the authority to bring forward selected key components of the items to be procured under the contract and purchase the components in batch form during the first year or two of the contract—does not come automatically as part of BBC authority because there is no permanent statute governing the use of BBC that includes EOQ authority as an automatic feature. BBC contracts are less likely to include cancellation penalties. Potential issues for Congress concerning MYP and BBC include whether to use MYP and BBC in the future more frequently, less frequently, or about as frequently as they are currently used; whether to create a permanent statute to govern the use of BBC, analogous to the permanent statute that governs the use of MYP; and whether the Coast Guard should begin making use of MYP and BBC.
ROUGE-L F1 (base vs ground_truth): 0.2817
ROUGE-L F1 (simple_concat_with_reposition vs ground_truth): 0.2145
ROUGE-L F1 (blend_recompute vs ground_truth): 0.2616
ROUGE-L F1 (blend_recompute_headwise vs ground_truth): 0.2783

----------------------------------------------------------------------
样本 2/200
context 前缀: The inventories of the selected Air Force and Navy fixed-wing aircraft in our re...
模型输入前 40 词:
<|im_start|>user You are given a report by a government agency. Read the report carefully. Report: The inventories of the selected Air Force and Navy fixed-wing aircraft in our review totaled 2,823 aircraft and required approximately $20 billion to operate and ...
基线输出:
The report examines the sustainment challenges and trends for selected Air Force and Navy fixed-wing aircraft managed by DOD. Key findings include:

- Aircraft availability and O&S costs vary significantly over time.
- Aging, maintenance, and supply support are common challenges.
- The Air Force and Navy regularly review metrics and implement plans to improve availability.
- DOD's policy and Navy guidance are unclear on whether legacy systems should have sustainment strategies and update requirements.
- DOD needs to clarify requirements for documenting sustainment strategies for legacy systems to ensure visibility of necessary requirements.

The report recommends:

- The Secretary of Defense updates or issues new policy clarifying requirements for documenting sustainment strategies for legacy weapon systems, including fixed-wing aircraft.
- The Secretary of the Navy updates or issues new guidance clarifying requirements for documenting sustainment strategies for legacy weapon systems, including fixed-wing aircraft.

These recommendations aim to ensure clarity on requirements for documenting and updating sustainment strategies for legacy systems, improving sustainability and affordability of weapon systems.
TTFT (base): 4023.08 ms
simple_concat 输出:
The report "Defense Acquisition and Sustainment Challenges for Air Force and Navy Fixed-Wing Aircraft" by the Department of Defense (DOD) examines the current state of sustainment in the U.S. military, focusing on the Air Force and Navy's fixed-wing aircraft. The report discusses the current state of the Air Force's F-18A-D aircraft and the Navy's F/A-18G aircraft, which are both types of fixed-wing aircraft used by the Air Force and Navy for various missions. The report highlights that the Air Force's F-18A-D aircraft have experienced a decrease in availability and availability rates, with the F-18A aircraft experiencing a decrease in availability rates for mission capability, availability for combat missions, and availability for maintenance and supply. The Navy's F/A-18G aircraft have seen a decrease in availability rates for all categories. The report also notes that the Air Force has a higher percentage of aircraft in depot maintenance and maintenance, and the Navy has a higher percentage of aircraft in service. The report also discusses the need for a comprehensive sustainment strategy and improved maintenance processes, as well as the need for a common sustainment plan for the F-18A-D aircraft to improve the availability of the aircraft. The report concludes that the Air Force and Navy sustainment efforts are not as robust as the Air Force and Navy sustainment efforts, and that the Navy’s sustainment metrics and sustainment strategies are not as comprehensive as the Air Force's. The report recommends that the Air Force and Navy develop a sustainment strategy for the F-18A-D aircraft and a sustainment strategy for the F/A-18G aircraft. The Navy recommends that the Air Force and Navy should review the sustainment metrics and sustainment plans to ensure that they are in line with the DOD's sustainment policy. The report also recommends that the Air Force and Navy should work together to develop a sustainment strategy for the F-18A-D aircraft and a sustainment strategy for the F/A-18G aircraft.
TTFT (simple_concat, 不含预计算): 139.42 ms
blend_recompute 输出:
The report "Defense Acquisition and Sustainment Challenges for Air Force and Navy Fixed-Wing Aircraft" by the Department of Defense (DOD) examines the current state of sustainment in the U.S. military, focusing on the Air Force and Navy's fixed-wing aircraft. The report discusses the current state of the Air Force's F-18A-D aircraft and the Navy's F/A-18 and EA-18G aircraft, including the cost of sustainment, the impact of maintenance and supply support, and the impact of the aircraft's aging, maintenance and supply support, and the need for sustaining maintenance and support. The report also examines the sustainment challenges faced by the Air Force and Navy, including the aging of aircraft, maintenance and supply support, and the need for sustaining maintenance and support. The report recommends that the Air Force and Navy should implement a comprehensive sustainment strategy that includes a plan for sustaining the aircraft's availability and readiness, and the Navy should implement a program to mitigate the risks associated with the aging of aircraft. The report also recommends that the Air Force and Navy should develop a strategy to ensure the sustainment of the aircraft and the maintenance and supply support, and the Navy should ensure that the sustainment of the aircraft is a priority. The report recommends that the Air Force and Navy should also review the sustainment metrics and the maintenance and supply support for the aircraft, and the Navy should ensure that the sustainment of the aircraft is a priority. The report also recommends that the Air Force and Navy should update the sustainment strategy for the aircraft and the Navy should update the sustainment metrics and the maintenance and supply support for the aircraft, and the Air Force should ensure that the sustainment of the aircraft is a priority. The report also recommends that the Air Force and Navy should ensure that the sustainment of the aircraft is a priority, and the Navy should ensure that the sustainment of the aircraft is a priority. The report also recommends that the Air Force and Navy should ensure that the sustainment of the aircraft is a priority, and the Navy should ensure that the sustainment of the aircraft is a priority. The report also recommends that the Air Force and Navy should ensure that the sustainment of the aircraft is a priority, and the Navy should ensure that the sustainment of the aircraft is a priority. The report also recommends that the Air Force and Navy should ensure that the sustainment of the aircraft is a priority, and the Navy should ensure that the sustainment of the aircraft is a priority. The report also
TTFT (blend_recompute, 不含预计算): 242.38 ms
  选点 2522 tokens / 1158 runs, selection=43.78 ms, recompute=31.44 ms
blend_recompute_headwise 输出:
**Summary of the Report**

This report assesses the sustainment strategies and sustainment challenges for fixed-wing aircraft of the Air Force and Navy. The review identified that the Air Force has not updated its sustainment strategy since 2014 and the Navy has not updated its sustainment strategy since 2013. The Air Force has an ongoing process to develop and implement a sustainment strategy for the F-16, F-18A-D, F-18E-F, and E-2C aircraft. The Navy has an ongoing process to develop and implement a sustainment strategy for the E-2C aircraft. The report also discusses the sustainment challenges and mitigation actions for each aircraft. Key findings include:

- The Air Force has not updated its sustainment strategy since 2014 and the Navy has not updated its sustainment strategy since 2013.
- The Air Force has an ongoing process to develop and implement a sustainment strategy for the F-16, F-18A-D, F-18E-F, and E-2C aircraft.
- The Navy has an ongoing process to develop and implement a sustainment strategy for the E-2C aircraft.
- The sustainment challenges and mitigation actions for each aircraft are discussed in the report.
- The report recommends that the Air Force and Navy update their sustainment strategies to ensure the sustainment of their aircraft.

</think>
TTFT (blend_recompute_headwise, 不含预计算): 31804.81 ms
  选中 2522 个 token-head 对 / 1076 runs, selection=45.65 ms, recompute=31559.34 ms
标准答案:
DOD spends billions of dollars annually to sustain its weapon systems to support current and future operations. The Air Force and Navy are operating many of their fixed-wing aircraft well beyond their original designed service lives and therefore are confronted with sustainment challenges. House Report 114-537 included a provision for GAO to evaluate the sustainment of major weapon systems. This report, among other things, (1) examines the trends in availability and O&S costs for selected Air Force and Navy fixed-wing aircraft since fiscal year 2011, including whether they met availability goals, and (2) assesses the extent that the departments documented sustainment strategies, reviewed sustainment metrics, and implemented plans to improve aircraft availability. GAO selected a nongeneralizable sample of 12 fixed-wing aircraft by considering a variety of factors, such as the type, age, and manufacturer of the aircraft, among other factors, and analyzed condition and availability data, O&S costs, and sustainment challenges from fiscal year 2011 through March 2017 for each aircraft in a “Sustainment Quick Look.” GAO also analyzed policies, strategies, and plans, and interviewed Navy and Air Force officials in program offices, squadrons, and maintenance depots. Between fiscal years 2011 and 2016, the Air Force and Navy generally did not meet aircraft availability goals, and operating and support (O&S) cost trends for GAO's selected fixed-wing aircraft varied. Specifically, GAO found that availability declined for 6 of 12 aircraft—3 from each service—between fiscal years 2011 and 2016; availability fell short of goals for 9 of 12 aircraft in fiscal year 2016; and O&S costs increased for 5 of the aircraft, and maintenance costs—the largest share—increased for 8 of 12 aircraft. GAO found, and officials agreed, that these aircraft face similar challenges. a Obsolescence means a part is unavailable due to its lack of usefulness or it is no longer current or available for production. b Diminishing manufacturing sources is a loss or impending loss of manufacturers or suppliers. The Air Force and Navy have documented sustainment strategies for some aircraft, regularly reviewed sustainment metrics, and implemented improvement plans. The Air Force has documented sustainment strategies for all aircraft GAO reviewed; however, the Navy has not documented or updated its sustainment strategies for four aircraft. Specifically, the Navy does not have a documented sustainment strategy for the C-2A, and has not updated the strategies for the E2C, EA-18G, and F/A-18A-D since before 2012. The Navy is in the process of documenting its strategies, but Department of Defense (DOD) policy is unclear on whether a sustainment strategy is required and has to be updated every 5 years for weapon systems that are in the operations and support phase of their life cycle (i.e., legacy systems). Also, Navy guidance does not specify a requirement for legacy systems, although Air Force guidance does. Clarifying the requirements to document sustainment strategies for legacy systems, and documenting those strategies, would add additional visibility over the availability and O&S costs of DOD aircraft and any associated sustainment risks. This is a public version of a sensitive report issued in April 2018. Information on aircraft availability and other related information was deemed to be sensitive and has been omitted from this report. GAO is recommending that DOD and the Navy update or issue new policy and guidance clarifying the requirements for documenting sustainment strategies for legacy weapon systems. DOD concurred with the recommendations.
ROUGE-L F1 (base vs ground_truth): 0.2687
ROUGE-L F1 (simple_concat_with_reposition vs ground_truth): 0.2073
ROUGE-L F1 (blend_recompute vs ground_truth): 0.2162
ROUGE-L F1 (blend_recompute_headwise vs ground_truth): 0.2000

----------------------------------------------------------------------
样本 3/200
context 前缀: As reported by the United Nations, the International Criminal Police Organizatio...
模型输入前 40 词:
<|im_start|>user You are given a report by a government agency. Read the report carefully. Report: As reported by the United Nations, the International Criminal Police Organization, and other organizations, wildlife trafficking networks span the globe. These organizations have attempted to ...
基线输出:
The report assesses the use of financial rewards by the U.S. Fish and Wildlife Service (FWS) and National Oceanic and Atmospheric Administration (NOAA) to combat wildlife trafficking. Key findings include:

- FWS and NOAA have laws that authorize the payment of financial rewards for information on wildlife trafficking, but have paid few rewards since 2007.
- FWS and NOAA have policies for making reward payments and developing reward amounts, but do not specify factors for agents to consider.
- FWS and NOAA have communicated little information to the public on rewards, and have not reviewed the effectiveness of their use.
- The report recommends tracking reward information, specifying reward factors, and communicating reward availability to the public.

</think>
TTFT (base): 1879.18 ms
simple_concat 输出:
The U.S. Fish and Wildlife Service (FWS) and NOAA (National Oceanic and Atmospheric Administration) have not yet developed a clear and effective reward policy for wildlife trafficking. FWS and NOAA have a combined budget of $10.5 billion and a budget of $14.3 billion. The agencies have not developed a policy that specifies the types of wildlife trafficking that are eligible for rewards. The FWS and NOAA reward policies have different criteria for awarding rewards. FWS has a policy that rewards are to be paid for information leading to the arrest and conviction of wildlife trafficking offenders, while NOAA’s reward policy rewards are not tied to arrests or convictions. The FWS and NOAA have not reviewed the effectiveness of their use of financial rewards as a law enforcement tool and have not reviewed the effectiveness of the use of financial rewards as a tool to combat wildlife trafficking. The FWS and NOAA officials did not indicate whether the agencies have reviewed the effectiveness of their use of financial rewards as a tool to combat wildlife trafficking. FWS and NOAA officials said they will likely not pay financial rewards for information leading to the arrest of individuals who are not involved in wildlife trafficking. FWS and NOAA officials said they will likely not pay financial rewards for information leading to the arrest of individuals who are not involved in wildlife trafficking. The FWS and NOAA officials said that FWS and NOAA agencies have not prioritized the use of financial rewards as a law enforcement tool and that they are considering whether to implement a policy that would authorize the payment of financial rewards for information leading to the arrest of individuals who are not involved in wildlife trafficking. FWS and NOAA officials said that FWS and NOAA have not prioritized the use of financial rewards as a law enforcement tool and have not considered the need to develop a policy that would authorize the payment of financial rewards for information leading to the arrest of individuals who are not involved in wildlife trafficking. The FWS and NOAA officials said they have not prioritized the use of financial rewards as a law enforcement tool and have not considered the need to develop a policy that would authorize the payment of financial rewards for information leading to the arrest of individuals who are not involved in wildlife trafficking. The FWS and NOAA officials said that FWS and NOAA have not prioritized the use of financial rewards as a law enforcement tool and have not considered the need to develop a policy that would authorize the payment of financial rewards for information leading to the arrest of individuals who are not involved in wildlife trafficking. The FWS and NOAA officials said that FWS and NOAA
TTFT (simple_concat, 不含预计算): 88.63 ms
blend_recompute 输出:
The U.S. Fish and Wildlife Service (FWS) and NOAA (National Oceanic and Atmospheric Administration) have not yet fully implemented financial rewards as a tool for combating wildlife trafficking. This report evaluates the use of financial rewards in wildlife trafficking cases and provides recommendations for improving the use of financial rewards to enhance the effectiveness of law enforcement efforts. The report was prepared by the U.S. Government Accountability Office (GAO). The report identifies 20 stakeholders who were interviewed. The report highlights the following key findings: 1) FWS and NOAA have not developed a formalized process for tracking the use of financial rewards for wildlife trafficking cases, and there is no requirement for agencies to track such information. 2) FWS and NOAA have not reviewed the effectiveness of their use of financial rewards in combating wildlife trafficking, and they have not considered the potential effectiveness of financial rewards as a tool to reduce wildlife trafficking. 3) The agencies do not have a formalized process for identifying and reporting financial rewards to the public. 4) FWS and NOAA have not developed a formalized process for tracking the effectiveness of financial rewards paid to individuals who provide information about wildlife trafficking. 5) FWS and NOAA have not developed a formalized process for communicating information on rewards to the public. The report recommends that FWS and NOAA should: 1) Develop a formalized process for tracking financial rewards, including the types of rewards paid, the information that is tracked, and the reasons for paying the rewards. 2) Review the effectiveness of their use of financial rewards in combating wildlife trafficking and consider potential improvements to improve the usefulness of rewards as a tool for law enforcement. 3) Develop a formalized process for identifying and reporting financial rewards to the public and communicating information on rewards to the public. 4) Develop a formalized process for tracking the effectiveness of financial rewards paid to individuals who provide information about wildlife trafficking. 5) Develop a formalized process for the public to report wildlife trafficking cases to the agency. 6) Develop a formalized process for agencies to provide information on rewards to the public. The report also notes that FWS and NOAA are considering the use of financial rewards to combat wildlife trafficking and that the agencies are working with the Department of Justice to develop a program to identify and track financial rewards. The report also notes that FWS and NOAA are considering the use of financial rewards to combat wildlife trafficking and that the agencies are working with the Department of Justice to develop a program to identify and track financial rewards. The report
TTFT (blend_recompute, 不含预计算): 135.99 ms
  选点 1464 tokens / 633 runs, selection=20.78 ms, recompute=25.15 ms
blend_recompute_headwise 输出:
# Summary of the Report

## Purpose
The purpose of the report is to evaluate the use of financial rewards in combating wildlife trafficking by the U.S. Fish and Wildlife Service (FWS) and the National Oceanic and Atmospheric Administration (NOAA). The report assesses the extent to which the agencies have paid financial rewards, identifies potential areas for improvement in the use of rewards, and provides recommendations for enhancing the effectiveness of financial rewards in combating wildlife trafficking.

## Methods
The report involved the following key steps:
1. **Review of Laws and Policy**: The report reviewed federal laws and policies that authorize the payment of financial rewards for information on wildlife trafficking.
2. **Interviews and Document Review**: The report conducted interviews with FWS and NOAA officials and reviewed their financial reward data and internal control standards.
3. **Case Study**: The report conducted a case study on a sample of 10 wildlife trafficking cases to understand the effectiveness of financial rewards in these cases.

## Key Findings
### Financial Rewards
- **Payment of Rewards**: FWS and NOAA have paid financial rewards for information on wildlife trafficking.
- **Types of Rewards**: Rewards have been paid for information on wildlife trafficking involving different types of wildlife.
- **Factors for Reward Amounts**: NOAA and FWS have not specified factors for agents to consider when developing proposed reward amounts.

### Review of Internal Controls
- **Internal Control Standards**: FWS and NOAA have internal control standards that require management to communicate quality information to achieve objectives.
- **Review of Rewards**: Neither agency has reviewed the effectiveness of their use of financial rewards or considered potential improvements.

### Recommendations
- **Tracking Rewards**: FWS and NOAA should track financial reward information to ensure it is clearly documented and readily available for examination.
- **Review of Use**: FWS and NOAA should review the effectiveness of their use of financial rewards and implement any changes that the agencies determine would improve the usefulness of financial rewards as a law enforcement tool.

### Case Study
- **Case Selection**: The report selected 10 wildlife trafficking cases for a case study.
- **Case Results**: The case study showed that rewards have been effective in motivating information sharing.

## Conclusion
The report highlights the need for FWS and NOAA to enhance their use of financial rewards by improving the tracking and review of rewards and ensuring that rewards are used effectively to combat wildlife trafficking.
TTFT (blend_recompute_headwise, 不含预计算): 15931.66 ms
  选中 1464 个 token-head 对 / 578 runs, selection=22.41 ms, recompute=15817.85 ms
标准答案:
Wildlife trafficking—the poaching and illegal trade of plants, fish, and wildlife—is a multibillion-dollar, global criminal activity that imperils thousands of species. FWS and NOAA enforce laws prohibiting wildlife trafficking that authorize the agencies to pay financial rewards for information about such illegal activities. GAO was asked to review FWS's and NOAA's use of financial rewards to combat wildlife trafficking. This report examines (1) laws that authorize FWS and NOAA to pay rewards for information on wildlife trafficking and the extent to which the agencies paid such rewards from fiscal years 2007 through 2017, (2) the agencies' reward policies, (3) information available to the public on rewards, and (4) the extent to which the agencies reviewed the effectiveness of their use of rewards. GAO reviewed laws, examined FWS and NOAA policies and public communications on rewards, analyzed agency reward data for fiscal years 2007 through 2017 and assessed their reliability, interviewed FWS and NOAA officials, and compared agency policies and public communications on rewards to federal internal control standards. Multiple laws—such as the Endangered Species Act and Lacey Act—authorize the Departments of the Interior's U.S. Fish and Wildlife Service (FWS) and Commerce's National Oceanic and Atmospheric Administration (NOAA) to pay rewards for information on wildlife trafficking. FWS and NOAA reported paying few rewards from fiscal years 2007 through 2017. Specifically, the agencies collectively reported paying 27 rewards, totaling $205,500. Agency officials said that the information was complete to the best of their knowledge but could not sufficiently assure that this information represented all of their reward payments. FWS and NOAA have reward policies that outline the general process for preparing reward proposals, but FWS's policy does not specify factors for its agents to consider when developing proposed reward amounts. Some FWS agents GAO interviewed said that in developing proposals, they did not know whether their proposed reward amounts were enough, too little, or too much. By augmenting its policy to specify factors for agents to consider, FWS can better ensure that its agents have the necessary quality information to prepare proposed reward amounts, consistent with federal internal control standards. FWS and NOAA communicate little information to the public on rewards. For example, most agency websites did not indicate that providing information on wildlife trafficking could qualify for a reward. This is inconsistent with federal standards that call for management to communicate quality information so that external parties can help achieve agency objectives. FWS and NOAA officials said they have not communicated general reward information because of workload concerns, but they said it may be reasonable to provide more information in some instances. By developing plans to communicate more reward information to the public, the agencies can improve their chances of obtaining information on wildlife trafficking that they otherwise might not receive. FWS and NOAA have not reviewed the effectiveness of their use of rewards. The agencies have not done so because using rewards has generally not been a priority. FWS and NOAA officials agreed that such a review would be worthwhile but provided no plans for doing so. By reviewing the effectiveness of their use of rewards, FWS and NOAA can identify opportunities to improve the usefulness of rewards as a tool for combating wildlife trafficking. GAO is making seven recommendations, including that FWS and NOAA track reward information, FWS augment its reward policy to specify factors for agents to consider when developing proposed reward amounts, FWS and NOAA develop plans to communicate more reward information to the public, and FWS and NOAA review the effectiveness of their reward use. Both agencies concurred with these recommendations.
ROUGE-L F1 (base vs ground_truth): 0.3354
ROUGE-L F1 (simple_concat_with_reposition vs ground_truth): 0.2967
ROUGE-L F1 (blend_recompute vs ground_truth): 0.2965
ROUGE-L F1 (blend_recompute_headwise vs ground_truth): 0.3718

----------------------------------------------------------------------
样本 4/200
context 前缀: Cross-border data flows underlie today's globally connected world and are essent...
模型输入前 40 词:
<|im_start|>user You are given a report by a government agency. Read the report carefully. Report: Cross-border data flows underlie today's globally connected world and are essential to conducting international trade and commerce. Data flows enable companies to transmit information for ...
基线输出:
<report summary>

The report discusses the importance of cross-border data flows in facilitating international trade and commerce. It highlights that data flows enable companies to transmit information for online communication, track global supply chains, share research, and provide cross-border services. The report notes that while cross-border data flows increase productivity and enable innovation, they also raise concerns around the security and privacy of the information being transmitted. The report outlines that U.S. policymakers are considering various policy options to address online privacy, including new consumer rights to control their personal data, which could impact how companies use such data. The report also mentions that the United States has aimed to eliminate trade barriers and establish enforceable international rules and best practices that allow policymakers to achieve public policy objectives, including promoting online security and privacy. The report concludes with recommendations for Congress to consider the trade-related aspects of data flows in trade agreements, including through close examination of these provisions during the congressional debate and consideration of legislation to implement the proposed USMCA.
TTFT (base): 1666.73 ms
simple_concat 输出:
The U.S. Congress has expressed concerns about the lack of a comprehensive U.S. approach to data privacy, especially regarding cross-border data flows and privacy protections. The report emphasizes the importance of a comprehensive U.S. privacy policy to protect consumer privacy and privacy of individuals. The EU-US trade and privacy agreement (EU-U.S. Privacy Shield) was terminated in 2020. The U.S. government has not yet finalized the implementation of the Privacy Shield, which was also terminated in 2020. The EU's Data Protection Regulation (GDPR) and the GDPR are the two primary privacy frameworks in the EU. The EU is considering the Privacy Shield, but it is not yet clear what its future will be. The EU's Privacy Shield has been replaced by the EU-U.S. Privacy Shield, which is subject to the GDPR and the Privacy Shield. The GDPR, on the other hand, is a comprehensive privacy regime that sets out a set of principles and rules to protect personal data. The U.S. government is working on a Privacy Shield framework that is based on the EU's GDPR, and it is expected to be finalized in 2019. The EU has not yet agreed on a framework to replace the Privacy Shield, but it has been criticized for not being strong enough to protect personal data. The United States has a voluntary privacy framework for companies with cross-border data flows, the Privacy Shield, which is based on the EU's GDPR. The U.S. Department of Commerce is the lead agency for data protection, and the FTC is the privacy agency. The U.S. government has a Privacy Act, the ECPA, that is based on the OECD Privacy Principles. The U.S. government is also developing a new Privacy Act, which is based on the OECD Privacy Principles, and is expected to be completed by 2020. The European Commission has published a set of data protection principles for companies with cross-border data flows, and the U.S. government is considering these principles as it develops the new Privacy Act. The EU is concerned about the lack of transparency in the use of personal data, and the lack of transparency is a key reason for the EU's concerns about the Privacy Shield. The EU is concerned about the lack of transparency in the use of personal data, and the lack of transparency is a key reason for the EU's concerns about the Privacy Shield. The EU is concerned about the lack of transparency in the use of personal data, and the lack of transparency is a key reason for
TTFT (simple_concat, 不含预计算): 94.67 ms
blend_recompute 输出:
The report is a report by the U.S. Trade Representative (USTR) on the United States' perspective on data flows and privacy in the digital economy. It aims to provide an overview of the current state of data flows and privacy regulations across different regions and countries, highlighting the challenges and opportunities presented by the increasing global nature of digital trade. The report emphasizes the importance of data flows in the global economy and the importance of protecting data privacy. It identifies the importance of a comprehensive approach to data protection and privacy protection. The report also highlights the importance of a global framework that can be adopted by countries, including the EU's Privacy Shield, and the need for international cooperation and coordination. It also highlights the importance of cross-border data flows and the need for a comprehensive approach to data protection and privacy protection. The report recommends a coordinated, comprehensive, and coordinated approach to data flows and privacy protection, with a focus on transparency, transparency, and trust, and the need for a comprehensive approach to data flows and privacy protection. It also highlights the need for a balanced approach to data flows and privacy protection, and the need for a comprehensive approach to data flows and privacy protection. The report also notes that the United States is committed to working with the EU to develop a comprehensive framework that is consistent with the GDPR and other international standards. It also notes that the U.S. government has not yet developed a comprehensive framework that is consistent with the GDPR and other international standards. The report also highlights the need for a comprehensive approach to data flows and privacy protection, and the importance of a comprehensive approach to data flows and privacy protection. The report also highlights the importance of a comprehensive approach to data flows and privacy protection, and the need for a comprehensive approach to data flows and privacy protection. The report also notes that the U.S. government is committed to working with the EU to develop a comprehensive framework that is consistent with the GDPR and other international standards. It also notes that the U.S. government has not yet developed a comprehensive framework that is consistent with the GDPR and other international standards. The report also highlights the need for a comprehensive approach to data flows and privacy protection, and the importance of a comprehensive approach to data flows and privacy protection. The report also notes the importance of a comprehensive approach to data flows and privacy protection, and the need for a comprehensive approach to data flows and privacy protection. The report also highlights the importance of a comprehensive approach to data flows and privacy protection, and the need for a comprehensive approach to data flows and privacy protection. The report also notes the
TTFT (blend_recompute, 不含预计算): 126.66 ms
  选点 1311 tokens / 616 runs, selection=18.75 ms, recompute=24.65 ms
blend_recompute_headwise 输出:
The report provides an overview of the evolving landscape of data privacy and cross-border data flows, with a focus on the United States, China, and the European Union. The report discusses the current state of the European Union's Data Protection Regulation (GDPR), the U.S. government's efforts to establish a comprehensive privacy policy, and the potential for U.S. and European cooperation on data privacy. The report also highlights the importance of data privacy in international trade and the challenges and opportunities for the United States in balancing data privacy and trade. The report concludes with recommendations for U.S. policymakers to consider when developing a comprehensive privacy policy.

</think>
TTFT (blend_recompute_headwise, 不含预计算): 16596.12 ms
  选中 1311 个 token-head 对 / 566 runs, selection=20.69 ms, recompute=16481.18 ms
标准答案:
"Cross-border data flows" refers to the movement or transfer of information between computer servers across national borders. Such data flows enable people to transmit information for online communication, track global supply chains, share research, provide cross-border services, and support technological innovation. Ensuring open cross-border data flows has been an objective of Congress in recent trade agreements and in broader U.S. international trade policy. The free flow of personal data, however, has raised security and privacy concerns. U.S. trade policy has traditionally sought to balance the need for cross-border data flows, which often include personal data, with online privacy and security. Some stakeholders, including some Members of Congress, believe that U.S. policy should better protect personal data privacy and security, and have introduced legislation to set a national policy. Other policymakers and analysts are concerned about increasing foreign barriers to U.S. digital trade, including data flows. Recent incidents of private information being shared or exposed have heightened public awareness of the risks posed to personal data stored online. Consumers' personal online data is valued by organizations for a variety of reasons, such as analyzing marketing information and easing the efficiency of transactions. Concerns are likely to grow as the amount of online data organizations collect and the level of global data flows expand. As Congress assesses policy options, it may further explore the link between cross-border data flows, online privacy, and trade policy; the trade implications of a comprehensive data privacy policy; and the U.S. role in establishing best practices and binding trade rules that seek to balance public policy priorities. There is no globally accepted standard or definition of data privacy in the online world, and there are no comprehensive binding multilateral rules specifically about cross-border data flows and privacy. Several international organizations, including the Organisation for Economic Co-operation and Development (OECD), G-20, and Asia-Pacific Economic Cooperation (APEC) forum, have sought to develop best practice guidelines or principles related to privacy and cross-border data flows, although none are legally binding. U.S. and other recent trade agreements are establishing new enforceable trade rules and disciplines. Countries vary in their data policies and laws; some focus on limiting access to online information by restricting the flow of data beyond a country's borders, aiming to protect domestic interests (e.g., constituents' privacy). However, these policies can also act as protectionist measures. The EU and China, two top U.S. trading partners, have established prescriptive rules on cross-border data flows and personal data from different perspectives. The EU General Data Protection Regulation (GDPR) is driven by privacy concerns; China is focused on security. Their policies affect U.S. firms seeking to do business in those regions, as well as in other markets that emulate the EU and Chinese approaches. Unlike the EU or China, the United States does not broadly restrict cross-border data flows and has traditionally regulated privacy at a sectoral level to cover data, such as health records. U.S. trade policy has sought to balance the goals of consumer privacy, security, and open commerce. The proposed United States-Mexico-Canada Agreement (USMCA) represents the Trump Administration's first attempt to include negotiated trade rules and disciplines on privacy, cross-border data flows, and security in a trade agreement. While the United States and other countries work to define their respective national privacy strategies, many stakeholders seek a more global approach that would allow interoperability between differing national regimes to facilitate and remove discriminatory trade barriers to cross-border data flows; this could offer an opportunity for the United States to lead the global conversation. Although Congress has examined issues surrounding online privacy and has considered multiple bills, there is not yet consensus on a comprehensive U.S. online data privacy policy. Congress may weigh in as the Administration seeks to define U.S. policy on data privacy and engages in international negotiations on cross-border data flows.
ROUGE-L F1 (base vs ground_truth): 0.2523
ROUGE-L F1 (simple_concat_with_reposition vs ground_truth): 0.2450
ROUGE-L F1 (blend_recompute vs ground_truth): 0.1961
ROUGE-L F1 (blend_recompute_headwise vs ground_truth): 0.1600

----------------------------------------------------------------------
样本 5/200
context 前缀: The federal government supports the development of airport infrastructure in thr...
模型输入前 40 词:
<|im_start|>user You are given a report by a government agency. Read the report carefully. Report: The federal government supports the development of airport infrastructure in three different ways. First, the Airport Improvement Program (AIP) provides federal grants to airports for ...
基线输出:
**Summary of the Report: Federal Grants-in-Aid to Airports**

**Purpose:**
The report aims to provide a comprehensive overview of the federal grants-in-aid program for airports, including its historical development, funding mechanisms, and current status.

**Methods:**
The report relies on legislative history, regulatory documents, and annual appropriations acts to compile its information. It also references specific studies and analyses for detailed insights.

**Key Findings:**

1. **Historical Context:**
   - The federal government's support for airports evolved from a local or private responsibility before World War II.
   - During World War II, the federal government began supporting airport infrastructure through the Airport Improvement Program (AIP).
   - In the 1960s, substantial funding was allocated for upgrading and extending runways for commercial jets.

2. **AIP Funding:**
   - The AIP provides grants for airport development and planning.
   - It includes formula grants and discretionary funds.
   - Grants are available for capital projects related to aircraft operations.
   - The program structure remains largely unchanged, with modifications through various reauthorization acts.

3. **PFC Funding:**
   - The Passenger Facility Charge (PFC) is a state, local, or port authority fee levied on each paying passenger.
   - It provides a complementary funding source to AIP.
   - PFC revenues are used to finance eligible airport-related projects.

4. **Noise Mitigation:**
   - Noise mitigation projects are eligible for AIP funding.
   - The noise set-aside in discretionary funds has been increased from 31% to 34%.
   - Some airports argue for higher or eliminating the ceiling on PFCs.

5. **Airport Privatization:**
   - The Airport Privatization Pilot Program allows airports to privatize certain facilities or management functions.
   - The program was expanded to allow more than 10 airports to participate.

6. **Recommendations:**
   - The report suggests considering adjustments to AIP grant assurances to address concerns about the cost and complexity of projects.
   - It recommends exploring changes to the noise set-aside and the use of PFC funds for off-airport projects.
   - The report calls for further research on the feasibility and potential impacts of airport privatization.

**Conclusion:**
The report provides a detailed analysis of the federal grants-in-aid program for airports, highlighting its evolution, funding mechanisms, and current challenges. It offers recommendations for potential changes to improve the program's
TTFT (base): 2736.01 ms
simple_concat 输出:
The Federal Aviation Administration of the United States (FAA) is a federal agency within the United States Department of Transportation (DOT) that is responsible for the safety and efficiency of civil aviation in the United States. The agency is responsible for the national airspace system and air traffic control services, including the issuance of air traffic control clearances, flight plans, and air traffic control services. The FAA has also been involved in the aviation industry since 1926, when it was established as the Federal Airway Administration. The FAA is also responsible for the FAA Airport System Modernization and Air Traffic Control现代化与改革法案（FAA Reauthorization Act of 2018）是美国联邦航空管理局（FAA）的法案。该法案将机场和航空服务费收入、航空运营收入、航空业税收和联邦航空信托基金拨款、机场建设资金和机场运营资金等纳入联邦航空安全和航空系统现代化法案（FAA Reauthorization Act of 2018）是美国联邦航空管理局（FAA）的法案。该法案将机场和航空服务费收入、航空运营收入、航空业税收和联邦航空信托基金拨款、机场建设资金和机场运营资金等纳入联邦航空安全和航空系统现代化法案（FAA Reauthorization Act of 2018）。该法案将机场和航空服务费收入、航空运营收入、航空业税收和联邦航空信托基金拨款、机场建设资金和机场运营资金等纳入联邦航空安全和航空系统现代化法案（FAA Reauthorization Act of 2018）。该法案将机场和航空服务费收入、航空运营收入、航空业税收和联邦航空信托基金拨款、机场建设资金和机场运营资金等纳入联邦航空安全和航空系统现代化法案（FAA Reauthorization Act of 2018）。该法案将机场和航空服务费收入、航空运营收入、航空业税收和联邦航空信托基金拨款、机场建设资金和机场运营资金等纳入联邦航空安全和航空系统现代化法案（FAA Reauthorization Act of 2018）。该法案将机场和航空服务费收入、航空运营收入、航空业税收和联邦航空信托基金拨款、机场建设资金和机场运营资金等纳入联邦航空安全和航空系统现代化法案（FAA Reauthorization Act of 2018）。该法案将机场和航空服务费收入、航空运营收入、航空业税收和联邦航空信托
TTFT (simple_concat, 不含预计算): 128.52 ms
blend_recompute 输出:
The Federal Aviation Administration of the United States (FAA) is a federal agency within the United States Department of Transportation (DOT) that is responsible for the safety and efficiency of civil aviation in the United States. The agency is responsible for the national airspace system and air traffic control services, including the issuance of air traffic control clearances, flight plans, and air traffic services. It also regulates and regulates the commercial aviation industry, including the issuance of airport operating certificates and issuing certificates of airworthiness. The FAA also administers the National Airspace System Modernization Act of 1994 (Public Law 103-194), which authorizes the Federal Aviation Reform and Airports Stewardship Act of 1994 (P.L. 103-194). The FAA is also responsible for the National Airspace System Modernization Program (NASP), which is the FAA's long-term strategy for the modernization of the nation's airspace system. The FAA also administers the Federal Aviation Safety Action Plan (FASP), a long-term plan to improve aviation safety and security. The FAA is also the lead agency for the FAA's Airport and Airway Safety Program (AIP). The AIP is responsible for the planning and implementation of airport and airway safety programs, including the development of airport master plans, the development of airport master plans, and the development of airport master plans, and the implementation of airport safety audits. The FAA also administers the Airport and Airway Safety Program (AIP), which is a federal program that provides airport development grants to airports for projects that are eligible for federal funding. The AIP is also responsible for the Airport and Airway Safety Program (AIP), which is a federal program that provides airport development grants to airports for projects that are eligible for federal funding. The FAA also administers the Airport and Airway Safety Program (AIP), which is a federal program that provides airport development grants to airports for projects that are eligible for federal funding. The AIP is also responsible for the Airport and Airway Safety Program (AIP), which is a federal program that provides airport development grants to airports for projects that are eligible for federal funding. The FAA also administers the Airport and Airway Safety Program (AIP), which is a federal program that provides airport development grants to airports for projects that are eligible for federal funding. The FAA also administers the Airport and Airway Safety Program (AIP), which is a federal program that provides airport development grants
TTFT (blend_recompute, 不含预计算): 168.02 ms
  选点 1939 tokens / 933 runs, selection=29.46 ms, recompute=25.99 ms
blend_recompute_headwise 输出:
The Federal Aviation Administration (FAA) is responsible for the administration of the Airport Improvement Program (AIP) and the Airport and Airway Trust Fund (AATF). The AIP program is funded through the AIP discretionary fund, which is apportioned to airports based on their traffic volumes. AIP funding can be used for airport infrastructure improvements and noise mitigation projects. The Federal Aviation Administration (FAA) has a long history of funding airport infrastructure projects. In the 1930s, the FAA provided funding through the Works Progress Administration (WPA) for airports. In the 1970s, the FAA reauthorized the Airport and Airway Trust Fund and increased funding for airports. In 2003, the Airport and Airway Development and Revenue Act of 2003 (P.L. 108-176) reauthorized the Airport and Airway Trust Fund, and the 2012 FAA reauthorization act (P.L. 112-95) extended the AIP funding for five years through FY2017. The FAA Reauthorization Act of 2018 (P.L. 115-254) reauthorized AIP funding through FY2017, while also allowing airports to receive up to 90% federal share for airport projects. The FAA Reauthorization Act of 2016 (P.L. 104-264) allowed airports to use PFC funds to finance projects outside of airport boundaries. The FAA Reauthorization Act of 2018 (P.L. 115-254) allowed airports to use PFC funds to finance projects outside of airport boundaries. The FAA Reauthorization Act of 2018 (P.L. 115-254) allowed airports to use PFC funds to finance projects outside of airport boundaries. The FAA Reauthorization Act of 2018 (P.L. 115-254) allowed airports to use PFC funds to finance projects outside of airport boundaries. The FAA Reauthorization Act of 2018 (P.L. 115-254) allowed airports to use PFC funds to finance projects outside of airport boundaries. The FAA Reauthorization Act of 2018 (P.L. 115-254) allowed airports to use PFC funds to finance projects outside
TTFT (blend_recompute_headwise, 不含预计算): 24011.70 ms
  选中 1939 个 token-head 对 / 838 runs, selection=32.24 ms, recompute=23837.71 ms
标准答案:
There are five major sources of airport capital development funding: the federal Airport Improvement Program (AIP); local passenger facility charges (PFCs) imposed pursuant to federal law; tax-exempt bonds; state and local grants; and airport operating revenue from tenant lease and other revenue-generating activities such as landing fees. Federal involvement is most consequential in AIP, PFCs, and tax-exempt financing. The AIP has been providing federal grants for airport development and planning since the passage of the Airport and Airway Improvement Act of 1982 (P.L. 97-248). AIP funding is usually spent on projects that support aircraft operations such as runways, taxiways, aprons, noise abatement, land purchase, and safety or emergency equipment. The funds obligated for AIP are drawn from the airport and airway trust fund, which is supported by a variety of user fees and fuel taxes. Different airports use different combinations of these sources depending on the individual airport's financial situation and the type of project being considered. Although smaller airports' individual grants are of much smaller dollar amounts than the grants going to large and medium hub airports, the smaller airports are much more dependent on AIP to meet their capital needs. This is particularly the case for noncommercial airports, which received over 25% of AIP grants distributed in FY2018. Larger airports are much more likely to issue tax-exempt bonds or finance capital projects with the proceeds of PFCs. The FAA Reauthorization Act of 2018 (P.L. 115-254) provided annual AIP funding of $3.35 billion from the airport and airway trust fund for five years from FY2019 to FY2023. The act left the basic structure of AIP unchanged, but authorized supplemental annual funding of over $1 billion from the general fund to the AIP discretionary funds, starting with $1.02 billion in FY2019, and required at least 50% of the additional discretionary funds to be available to nonhub and small hub airports. The act included a provision permitting eligible projects at small airports (including those in the State Block Grant Program) to receive a 95% federal share of project costs (otherwise capped at 90%), if such projects are determined to be successive phases of a multiphase construction project that received a grant in FY2011. The 2018 reauthorization expanded the number of states that could participate in the State Block Grant Program from 10 to 20 and also expanded the existing airport privatization pilot program (now renamed the Airport Investment Partnership Program) to include more than 10 airports. The law included a provision that forbids states or local governments from levying or collecting taxes on a business at an airport that "is not generally imposed on sales or services by that State, political subdivision, or authority unless wholly utilized for airport or aeronautical purposes." The airport improvement issues Congress generally faces in the context of FAA reauthorization include the following: Should airport development funding be increased or decreased? Should the $4.50 ceiling on PFCs be eliminated, raised, or kept as it is? Could AIP be restructured to address congestion at the busiest U.S. airports, or should a large share of AIP resources continue to go to noncommercial airports that lack other sources of funding? Should Congress set tighter limits on the purposes for which AIP and PFC funds may be spent? This report provides an overview of airport improvement financing, with emphasis on AIP and the related passenger facility charges. It also discusses some ongoing airport issues that are likely to be included in a future FAA reauthorization debate.
ROUGE-L F1 (base vs ground_truth): 0.2344
ROUGE-L F1 (simple_concat_with_reposition vs ground_truth): 0.1209
ROUGE-L F1 (blend_recompute vs ground_truth): 0.1683
ROUGE-L F1 (blend_recompute_headwise vs ground_truth): 0.2317

----------------------------------------------------------------------
样本 6/200
context 前缀: DOD’s MILCON appropriations are used to fund the acquisition, construction, inst...
模型输入前 40 词:
<|im_start|>user You are given a report by a government agency. Read the report carefully. Report: DOD’s MILCON appropriations are used to fund the acquisition, construction, installation, and equipping of temporary or permanent public works, military installations, facilities, and real property ...
基线输出:
**Summary of the Report**

The report discusses the U.S. Department of Defense's (DOD) military construction (MILCON) appropriations and the associated cost estimates. It provides an overview of DOD's MILCON appropriations process, including the use of the Form 1391 to submit project requirements and justifications, and the process for reprogramming MILCON funds. The report also examines the quality of MILCON cost estimates and the guidance DOD provides for developing them. Key findings include:

- The active component obligated about 89% of its MILCON appropriations for congressionally directed projects whose appropriations expired on September 30, 2017.
- Unexpended rates for amounts appropriated for fiscal years 2014 through 2016 vary, with unobligated amounts for these years remaining available for new obligations.
- The report provides data on the execution of MILCON appropriations for fiscal years 2010 through 2016, including the obligations made by the Army, Air Force, and Navy for MILCON projects.

Recommendations include:

- The Secretary of Defense should ensure that the Assistant Secretary of Defense for Energy, Installations, and the Environment work with DOD's construction agents, military departments, and other offices to improve DOD's MILCON cost estimating guidance by fully incorporating all 12 steps needed for developing high-quality, reliable cost estimates.

- The report also recommends that DOD incorporate the 12 steps into the Unified Facilities Criteria so that, at least, each step is considered for each project.

- The report suggests that DOD fully incorporate the 12 steps into the Unified Facilities Criteria to ensure consistency across DOD in the cost estimating process.

- The report notes that DOD may not be fully applying all 12 steps to each construction project due to characteristics of the military construction program that DOD believes differ from those of major system or weapon acquisition programs.

- The report recommends that DOD fully incorporate the 12 steps into the Unified Facilities Criteria to establish consistency across DOD in the cost estimating process by ensuring that, for each MILCON project, each step in the Cost Guide would at least be considered.

- The report suggests that DOD fully incorporate the 12 steps into the Unified Facilities Criteria to establish consistency across DOD in the cost estimating process by ensuring that, for each MILCON project, each step in the Cost Guide would at least be considered.

- The report recommends that DOD fully incorporate the
TTFT (base): 1516.07 ms
simple_concat 输出:
The report "MILCON Project Cost Estimates and Cost Estimating Practices for Military Construction Projects" by the Government Accountability Office (GAO-18-323T examines the cost estimates for military construction projects in the United States, specifically focusing on the U.S. Army, U.S. Air Force, and the U.S. Navy. The report analyzes the cost estimates for MILCON (Military Installation Construction) projects from fiscal years 2010 to 2016, including the process of estimating the cost of these projects, the cost estimating process, and the cost estimating process for MILCON projects. The report finds that the active component of the active component has spent about 90 percent of its MILCON appropriations for fiscal years 2010 through 2016, while the Navy has spent about 95 percent. The report notes that the military departments of the active component have developed their own guidance for MILCON cost estimating, and the Air Force has developed guidance that is similar to the DOD’s MILCON cost estimating guidance. The report also notes that the Army and the Air Force have not fully implemented the 12 steps for developing a reliable cost estimate, as required by the Cost Guide. The report recommends that the active component should incorporate the 12 steps into their MILCON cost estimating procedures and guidance to ensure that all projects are subject to the same level of reliability and accuracy. The report also recommends that the DOD should establish a process for reprogramming MILCON funds for projects that are not funded or are not funded on time, and that the DOD should also establish a process for developing MILCON estimates for projects that are not funded or are not funded on time. The report also recommends that the DOD should establish a process for developing MILCON estimates for projects that are not funded or are not funded on time, and that the DOD should also establish a process for reprogramming MILCON funds for projects that are not funded or are not funded on time. The report also recommends that the DOD should establish a process for developing MILCON estimates for projects that are not funded or are not funded on time, and that the DOD should also establish a process for reprogramming MILCON funds for projects that are not funded or are not funded on time. The report also recommends that the DOD should establish a process for developing MILCON estimates for projects that are not funded or are not funded on time, and that the DOD should also establish a process for reprogramming MIL
TTFT (simple_concat, 不含预计算): 88.87 ms
blend_recompute 输出:
The report "MILCON Project Cost Estimates and Cost Estimating Practices for Military Construction Projects" by the Government Accountability Office (GAO-18-323T examines the cost estimates for military construction projects in the Department of Defense (DOD) and the Department of the Army, Navy, and Air Force. The report aims to provide an in-depth analysis of the cost estimates for MILCON (Military Construction, Installation Construction, and Major Defense Acquisition Program) projects. The primary objective is to assess the quality and reliability of the cost estimates for these projects, focusing on the three main areas: the process of developing cost estimates, the process of estimating costs for specific projects, and the process of developing cost estimates for the active component. The report reviews MILCON cost estimates for fiscal years 2010 through 2016, and includes a detailed analysis of the cost estimates for the active component's MILCON appropriations for fiscal years 2010 through 2016. The report notes that the cost estimates are based on the cost estimates of the active component and the Army, Navy, and Air Force, and the cost estimates for the Army and Navy are based on their own guidance. The report identifies the cost estimates for the active component as the most reliable and provides an assessment of the reliability of the cost estimates for the Army, Navy, and Air Force. The report also provides an analysis of the cost estimates for MILCON projects that were not funded and the reasons for these unexpended amounts. The report also notes that the DOD has established MILCON cost estimating guidelines and provides a summary of the key findings and recommendations. The report concludes that the DOD needs to improve the reliability of MILCON cost estimates and provide guidance on how to improve the cost estimating process. The report recommends that the DOD should improve its MILCON cost estimating process, including the process of developing cost estimates, the process of estimating costs for specific projects, and the process of developing cost estimates for the active component. The report also recommends that the DOD should provide guidance on how to fully incorporate the 12 steps for developing a reliable cost estimate, as defined in the Cost Guide, into its MILCON cost estimating process. The report also recommends that the DOD should provide guidance on how to fully incorporate the 12 steps for developing a reliable cost estimate, as defined in the Cost Guide, into its MILCON cost estimating process. The report recommends that the DOD should provide guidance on how to fully incorporate the
TTFT (blend_recompute, 不含预计算): 123.78 ms
  选点 1218 tokens / 506 runs, selection=17.15 ms, recompute=25.70 ms
blend_recompute_headwise 输出:
The report assesses the reliability of military construction (MILCON) cost estimates for the active component of the Department of Defense (DOD) from fiscal years 2010 through 2016. It found that the active component expended almost all of its MILCON appropriations and that the cost estimates for MILCON projects were not reliable. The report recommends that DOD incorporate the 12 steps for developing a reliable cost estimate into its MILCON cost estimating guidance.
TTFT (blend_recompute_headwise, 不含预计算): 13397.39 ms
  选中 1218 个 token-head 对 / 457 runs, selection=18.03 ms, recompute=13295.20 ms
标准答案:
Between fiscal years 2005 and 2016, Congress annually appropriated between $2.5 to $9.6 billion in MILCON funding for the active component of the U.S. military to use for projects worldwide. Reliable project construction cost estimates are of great importance, since those estimates drive these appropriations. House Report 114-537 accompanying a proposed bill authorizing national defense activities for fiscal year 2017 included a provision for GAO to report on DOD's MILCON cost estimating. This report examines the extent to which (1) the active component obligated and expended the MILCON appropriations received during fiscal years 2005-2016, (2) the active component reprogrammed MILCON appropriations during fiscal years 2010 through 2016, and (3) DOD's MILCON cost estimates are reliable for selected projects and DOD's guidance for developing estimates fully incorporates the steps needed for developing reliable estimates. GAO analyzed the active components' MILCON execution data and reviewed DOD's guidance for cost estimating and compared it with the best practices identified in GAO's Cost Estimating and Assessment Guide . During fiscal years 2005 through 2016, Congress appropriated about $66 billion in military construction funds (MILCON) to the active duty Army, Navy, and Air Force (referred to as the active component) for projects. As of September 30, 2016, the active component had obligated all but about $5.1 billion and expended all but about $11 billion of those funds. Of the $5.1 billion remaining unobligated, about $4.6 billion was still available to be obligated because MILCON appropriations are generally available for new obligations for 5 years. According to Department of Defense (DOD) officials, available but unobligated amounts no longer needed may be either taken back by Congress or reprogrammed to other MILCON projects that the active component identifies as needing additional funding. During fiscal years 2010 through 2016, the active component reprogrammed about $1.6 billion in MILCON appropriations to fund emergency projects, projects that were authorized but did not receive specific appropriations, and projects needing additional funding. Of this amount, the Army reprogrammed about $789 million; the Navy, about $535 million; and the Air Force, about $295 million. DOD's guidance does not fully incorporate the steps needed for developing reliable estimates and the estimates for three projects that GAO reviewed were not reliable. Specifically, two of the three high-value projects GAO examined experienced a more than 30-percent increase from the initial cost estimates submitted to Congress. GAO determined that DOD cost estimators did not follow all the best practices associated with the four characteristics—comprehensive, well-documented, accurate, and credible—of a reliable estimate for these projects. GAO's Cost Estimating and Assessment Guide identifies 12 steps that, if used, are more likely to result in reliable and valid cost estimates. However, as shown below, DOD's construction guidance—the Unified Facilities Criteria—does not include all of these steps. Until DOD incorporates these steps, DOD and congressional decision-makers may not have reliable estimates to inform their decisions regarding appropriations and the oversight of projects. GAO recommends that DOD ensure that its cost estimating guidance fully incorporate the steps needed for developing reliable cost estimates. DOD partially concurred with GAO's recommendation and stated that it will issue revised cost guidance in fiscal year 2019 that more fully incorporates those steps that would benefit the military construction program.
ROUGE-L F1 (base vs ground_truth): 0.3731
ROUGE-L F1 (simple_concat_with_reposition vs ground_truth): 0.3073
ROUGE-L F1 (blend_recompute vs ground_truth): 0.2873
ROUGE-L F1 (blend_recompute_headwise vs ground_truth): 0.2491

----------------------------------------------------------------------
样本 7/200
context 前缀: To participate in federal student aid programs, postsecondary schools must be 1)...
模型输入前 40 词:
<|im_start|>user You are given a report by a government agency. Read the report carefully. Report: To participate in federal student aid programs, postsecondary schools must be 1) certified by Education as eligible to participate in federal student aid programs, 2) ...
基线输出:
The report examines the certification and oversight processes for postsecondary schools participating in federal student aid programs. Key findings include:

- Schools must meet criteria for certification, accreditation, and state authorization.
- FSA conducts compliance audits annually to assess school administration and compliance with federal aid requirements.
- OIG reviews compliance audits for quality, with findings differing from program reviews.
- Auditors' training and school selection practices affect audit quality.
- OIG and FSA are collaborating to improve audit guidance and oversight.

Recommendations include:
- Enhancing auditor training and selection criteria.
- Improving audit guide revisions for consistency and clarity.
- Strengthening collaboration between FSA and OIG for audit quality and oversight.

The report's purpose is to evaluate and improve the federal student aid certification and oversight process.
TTFT (base): 773.91 ms
simple_concat 输出:
The Federal Student Aid (FSA) is responsible for certifying schools that participate in federal student aid programs, ensuring they meet eligibility and compliance requirements. The report evaluates the FSA’s processes for certifying schools, which include compliance audits and program reviews. The report finds that FSA officials and staff from the Office of Inspector General (OIG) have implemented several changes to improve audit quality and ensure compliance. These changes include:

1. **Compliance Audits**: FSA provides training on the 2016 revised guide for audits of for-profit schools, including a focus on ensuring schools have a process to verify student enrollment and financial statements. This is to ensure that schools are administering federal student aid correctly.

2. **Program Reviews**: FSA has increased the number of compliance audits to 41, compared to 2017, and has provided guidance on how to select and implement new school auditors. This aims to ensure that audits are thorough and relevant to the school’s eligibility and compliance.

3. **Training for Auditors**: The OIG has conducted training sessions on auditing for-profit schools and is exploring additional training opportunities for new and unfamiliar auditors.

The report notes that these changes are aimed at improving the quality of audits and ensuring that schools are meeting eligibility and compliance requirements. The report also mentions that FSA has taken steps to address audit quality and information availability, including:

- Revising and improving the audit guide to include more detailed guidance on compliance audits.
- Increasing the frequency of compliance audits to ensure that schools are meeting the requirements.
- Providing additional training to ensure that schools have the necessary knowledge and skills to conduct audits.

The report also notes that the OIG and FSA have established a working group to address issues related to school selection and certification. These efforts are aimed at improving the quality of audits and ensuring that schools are administering federal student aid programs correctly.

The report does not provide specific data on the number of schools that have been certified or denied certification, as it is not yet available. However, the report suggests that these efforts are aimed at improving the overall quality of the certification process and ensuring that schools are meeting the necessary requirements for federal student aid programs.
TTFT (simple_concat, 不含预计算): 49.87 ms
blend_recompute 输出:
The Federal Student Aid (FSA) is responsible for certifying schools that participate in federal student aid programs, ensuring they meet eligibility and compliance requirements. The report "FSA’s Federal Student Aid Certification Process: Ensuring Student Aid Eligibility and Compliance" by the Government Accountability Office (GAO) examines the process through which FSA certifies schools for federal student aid. It reviews the steps involved in the certification process, including initial and recertification processes, and the role of the Office of Inspector General (OIG). Key findings include:

1. **Initial Certification Process**:
   - **Process**: FSA certifies schools that are seeking to participate in federal student aid programs, such as federal student aid programs. Schools are required to meet specific eligibility requirements, including being accredited and meeting eligibility requirements.
   - **OIG Involvement**: The OIG reviews and audits schools that are applying for recertification, providing feedback on compliance with federal student aid programs and student loan repayment and default rates.

2. **Recertification Process**:
   - **Process**: Schools must apply for recertification every 6 years, and the OIG conducts compliance audits of schools that apply for recertification.
   - **Audit Process**: The OIG conducts compliance audits, which include reviewing documents, verifying financial records, and assessing administrative capability. Schools with issues are provisionally certified, and those with significant issues are denied certification.

3. **Quality Assurance**:
   - **Audit Quality**: The OIG conducts regular quality reviews of compliance audits, which provide information on the quality of audits, including whether schools are complying with federal regulations and policies.

4. **Schools with Quality Issues**:
   - **Issues Identified**: Schools may face issues such as noncompliance with accreditation, noncompliance with federal student aid programs, and administrative capability issues.
   - **Response**: FSA and OIG officials address issues through discussions, providing guidance, and conducting additional audits.

**Recommendations**:
1. **Training and Resources**:
   - **Recommendation**: Provide additional training to FSA regional office staff on how to conduct compliance audits, including guidance on the quality of audits and the process for addressing issues found in audits.
   
2. **Audit Quality Reviews**:
   - **Recommendation**: Conduct more frequent and thorough audits to ensure that schools meet federal student aid requirements and ensure that audits are of high quality.
   - **Explanation**: Frequent and thorough audits can help identify and address issues before they become more severe
TTFT (blend_recompute, 不含预计算): 85.13 ms
  选点 637 tokens / 274 runs, selection=10.16 ms, recompute=24.33 ms
blend_recompute_headwise 输出:
<report-summary>

# Report Summary

## Purpose
The purpose of this report is to assess the quality of federal student aid audits conducted by the Department of Education's (Education) Federal Student Aid (FSA) office. This assessment aims to identify any issues or deficiencies in the quality of audits, determine the impact of OIG oversight on school recertification decisions, and evaluate the effectiveness of FSA's training and guidance to ensure compliance with federal regulations.

## Methods
The report involved a comprehensive review of FSA's compliance audits and compliance audit quality reviews from fiscal years 2006 through 2017. Key methods included:
- Reviewing compliance audit data and OIG quality review data
- Conducting interviews with FSA and OIG officials
- Analyzing Education data on schools applying for recertification
- Reviewing training materials and guidance provided to schools

## Key Findings
### Audit Quality
- **FSA’s Compliance Audits:** FSA conducted compliance audits on 739 schools, of which 23% passed, 59% were provisionally certified, and 18% had deficiencies.
- **OIG Quality Reviews:** OIG conducted 250 to 300 compliance audit quality reviews annually, and 73% of schools were fully certified, 59% were provisionally certified, and 18% had deficiencies.
- **Auditor Quality:** Some auditors conducting compliance audits had insufficient training and varied in their quality of work, with some audits finding issues not present in annual audits.

### School Recertification
- **FSA Certification:** Schools applying for recertification were generally approved with 86% passing, 14% provisionally, and 2% denied.
- **OIG Certification:** OIG approved 73% of schools, 21% provisionally, and 6% denied.
- **OIG’s Impact:** OIG’s 2016 revisions to the compliance audit guide improved audit quality, but issues persist.

### Training and Guidance
- **OIG Training:** FSA staff are directed to review information and conduct audits, with some issues related to auditor training and consistency in quality.
- **FSA Guidance:** FSA and OIG officials emphasized the importance of audit quality and the need for additional training for new or unfamiliar auditors.

## Recommendations
### OIG and FSA
- **Training and Guidance:** Ensure that auditors are adequately trained and that
TTFT (blend_recompute_headwise, 不含预计算): 7984.50 ms
  选中 637 个 token-head 对 / 242 runs, selection=11.44 ms, recompute=7914.79 ms
标准答案:
Education provided over $122 billion in grants, loans and work study funds to help students pay for college at about 6,000 schools in fiscal year 2017. Education is responsible for certifying that these schools are eligible for and capable of properly administering federal student aid funds. Schools are required to submit an annual compliance audit that provides information on schools' administrative capability, which Education considers in its school certification decisions. GAO was asked to review Education's process for certifying schools to receive federal student aid. This report examines (1) how Education certifies schools to administer federal student aid and how frequently schools are approved and denied certification; and (2) the role of compliance audits in the certification process and what, if any, steps Education has taken to address the quality of the audit information. GAO analyzed data on school certification outcomes for calendar years 2006-2017 (when GAO determined data were most reliable); reviewed data and reports summarizing Education's reviews of compliance audit quality for fiscal years 2006-2017; reviewed a non-generalizable sample of 21 school certification decisions from fiscal years 2015 and 2016, selected for a mix of decisions, school characteristics, and geographic regions; examined relevant federal laws, regulations, policy manuals and guidance; and interviewed Education officials. The Department of Education (Education) is responsible for evaluating a variety of information to determine whether a postsecondary school should be certified to administer federal student aid programs, and agency data show that it approves most schools that apply. Education procedures instruct regional office staff to review school policies, financial statements, and compliance audits prepared by independent auditors, among other things. Education can certify schools to participate in federal student aid programs for up to 6 years, or it can provisionally certify them for less time if it determines that increased oversight is needed—for example, when a school applies for certification for the first time or when it has met some but not all requirements to be fully certified. In calendar years 2006 through 2017, Education fully or provisionally approved most schools applying for initial or recertification to receive federal student aid (see figure). Note: Schools applying for certification for the first time and approved are placed in provisional certification. In deciding whether to certify schools, Education particularly relies on compliance audits for direct information about how well schools are administering federal student aid, and Education's offices of Federal Student Aid and Inspector General have taken steps to address audit quality. The Inspector General annually selects a sample of compliance audits for quality reviews based on risk factors, such as auditors previously cited for errors. In fiscal years 2006 through 2017, 59 percent of the 739 selected audits received failing scores. Audits that fail must be corrected; if not, the school generally must repay federal student aid covered by the audit. Because higher risk audits are selected for review, Inspector General officials said they cannot assess the overall prevalence of quality problems in compliance audits. These two Education offices have taken steps to improve audit quality. For example, the Inspector General offered additional training to auditors on its revised 2016 audit guide and provided guidance to schools on hiring an auditor, while Federal Student Aid created a working group to strengthen its procedures for addressing poor quality compliance audits. Education's efforts to address audit quality could help ensure that these audits provide reliable information for school certification decisions. GAO is not making recommendations in this report.
ROUGE-L F1 (base vs ground_truth): 0.1902
ROUGE-L F1 (simple_concat_with_reposition vs ground_truth): 0.3402
ROUGE-L F1 (blend_recompute vs ground_truth): 0.3111
ROUGE-L F1 (blend_recompute_headwise vs ground_truth): 0.2667

----------------------------------------------------------------------
样本 8/200
context 前缀: Cybersecurity incidents continue to impact federal entities and the information ...
模型输入前 40 词:
<|im_start|>user You are given a report by a government agency. Read the report carefully. Report: Cybersecurity incidents continue to impact federal entities and the information they maintain. According to OMB’s 2018 annual FISMA report to Congress, agencies reported 35,277 information ...
基线输出:
The report assesses the effectiveness of selected civilian agencies' implementation of the federal government's approach and strategy for securing information systems, including intrusion detection and prevention capabilities. Key findings include:

- Agencies generally implemented some intrusion detection and prevention capabilities, but inconsistencies and limitations were noted.
- OMB and DHS have facilitated the use of intrusion detection and prevention capabilities, but challenges remain.
- Agencies reported implementing some capabilities, but inconsistencies and limitations were noted.
- Agencies need more training and guidance on NCPS and CDM capabilities.
- Agencies need more resources for advanced network security tools.
- Agencies need to implement the defense-in-depth strategy.
- Agencies need to report on implementation of the defense-in-depth strategy.
- Agencies need to report on the effectiveness of NCPS and CDM.
- Agencies need to report on the costs and benefits of commercial tools.
- Agencies need to report on the capability of agencies to protect sensitive cyber threat indicators and defensive measures.
- Agencies need to report on the implementation of the cybersecurity- focused cross-agency priority goal.

Recommendations include:

- OMB should coordinate with agencies to identify training and guidance needs for implementing NCPS and CDM.
- OMB should follow up with agencies to identify obstacles and impediments affecting their abilities to implement intrusion detection and prevention capabilities.
- OMB should submit the intrusion assessment plan to the appropriate congressional committees.
- OMB should report on implementation of the defense-in-depth strategy described in the intrusion assessment plan.
- OMB should update the analysis of agencies' intrusion detection and prevention capabilities to include the degree to which agencies are using NCPS.
- OMB should direct the Federal CIO to update her report to Congress to include required information.
- OMB should establish a time frame for finalizing the Trusted Internet Connections policy intended to address challenges with agencies' perimeter-based architectures and issue it when finalized.
- OMB should establish a time frame for finalizing the strategy for realigning resources across agencies to protect high-value assets and issue it when finalized.
- OMB should direct the Federal CIO to work with DHS to follow-up with agencies to identify obstacles and impediments affecting their abilities to implement intrusion detection and prevention capabilities.

</think>
TTFT (base): 3651.50 ms
simple_concat 输出:
### Federal Cybersecurity Act of 2015: Federal Cybersecurity Enhancement Act of 2015: Overview of OMB’s Review of the Federal Cybersecurity Enhancement Act of 2015

Assistant

### Summary

The Federal Cybersecurity Enhancement Act of 2015 (FISA) was enacted in 2015 and is designed to strengthen the security of the federal government’s information systems and networks. The report evaluates the Federal Cybersecurity Enhancement Act of 2015 and assesses the progress made by the Department of Homeland Security (DHS) in implementing the Act. The report finds that agencies are making progress in implementing the cybersecurity capabilities required by the FISA, but many agencies have not yet fully implemented all of the requirements of the act. Specifically, 1) agencies are not yet implementing the agency’s cybersecurity strategy, 2) agencies are not yet implementing the federal cybersecurity enhancement act, 3) agencies are not yet implementing the Federal Cybersecurity Improvement Act of 2015, and 4) agencies are not yet implementing the Federal Cybersecurity Strategy for the Federal Government. The report also identifies the following key findings: 1) Agencies are not yet implementing the cybersecurity strategy for information security management. 2) Agencies are not yet implementing the cybersecurity enhancement act. 3) Agencies are not yet implementing the cybersecurity enhancement act. 4) Agencies are not yet implementing the Federal Cybersecurity Enhancement Act of 2015. The report also highlights the importance of the Federal Cybersecurity Enhancement Act of 2015, including its objectives, implementation timeline, and key stakeholders. The report also includes recommendations for the Department of Homeland Security to ensure that agencies are implementing the cybersecurity enhancement act, and other related requirements. The report also provides a summary of the Cybersecurity Enhancement Act of 2015, including the act’s objectives, implementation timeline, and key stakeholders. The report also includes recommendations for the Department of Homeland Security to ensure that agencies are implementing the cybersecurity enhancement act, other requirements. The report also provides a summary of the Cybersecurity Enhancement Act of 2015, including the act’s objectives, implementation timeline, and key stakeholders. The report also includes recommendations for the Department of Homeland Security to ensure that agencies are implementing the cybersecurity enhancement act, other requirements. The report also includes a summary of the Cybersecurity Enhancement Act of 2015, including the act’s objectives, implementation timeline, and key stakeholders. The report also includes recommendations
TTFT (simple_concat, 不含预计算): 132.83 ms
blend_recompute 输出:
### Federal Cybersecurity Act of 2015: Federal Cybersecurity Enhancement Act of 2015: Overview of OMB’s Review of the Federal Cybersecurity Enhancement Act of 2015

Assistant

### Summary

The Federal Cybersecurity Enhancement Act of 2015 (FISA) was enacted in 2015 and is designed to strengthen the security of the federal government’s information systems and networks. The report evaluates the Federal Cybersecurity Enhancement Act of 2015 and assesses the progress made by the Department of Homeland Security (DHS) in implementing the Act. The report finds that agencies are making progress in implementing the cybersecurity capabilities required by the FISA. However, agencies also face challenges in implementing the Act’s provisions related to cybersecurity governance, network security, and cybersecurity workforce. Specifically, agencies do not always use the NIST Cybersecurity Framework, and the DHS’s National Cybersecurity Incident Response and Response Plan (NCPS) is not always deployed. Agencies are also not using DHS’s Continuous Detection and Prevention (CDM) capability to detect and prevent intrusions. Agencies are also not using the Federal Information Security Classification System (FISMA) to ensure that their agencies have taken appropriate controls to secure their information systems. Additionally, agencies have not implemented the Federal Cybersecurity Enhancement Act of 2015’s cybersecurity enhancements to protect sensitive data. OMB has developed a cybersecurity enhancement plan and is providing technical assistance to agencies to help them implement the law. However, the report also found that agencies have not yet fully implemented the cybersecurity enhancement provisions that require agencies to monitor and control communications at the external and internal boundaries of their networks and to report on their efforts to protect their information systems. The report also found that agencies have not yet fully implemented the cybersecurity enhancement provisions that require agencies to report on their implementation of the Cybersecurity Framework and the implementation of NCPS and CDM. OMB has not yet completed the implementation of the cybersecurity enhancement provisions requiring agencies to develop and implement an intrusion detection and prevention capability, and the agency’s implementation of the Cybersecurity Framework and CDM. The report also found that agencies have not yet fully implemented the cybersecurity enhancement provisions that require agencies to report on their implementation of NCPS. The report also found that agencies have not yet fully implemented the cybersecurity enhancement provisions that require agencies to develop and implement an intrusion detection and prevention capability. The report recommends that the Department of Homeland Security (DHS) provide information on the effectiveness of agencies’ implementation of the cybersecurity enhancement
TTFT (blend_recompute, 不含预计算): 195.30 ms
  选点 2373 tokens / 1101 runs, selection=38.87 ms, recompute=24.74 ms
blend_recompute_headwise 输出:
The Federal Cybersecurity Enhancement Act of 2015 (FISMA) required the federal government to implement cybersecurity enhancements to protect federal information systems and assets. The Federal Cybersecurity Enhancement Act of 2015 required OMB to report on the effectiveness of the federal government’s approach and strategy for securing federal information systems, including intrusion detection and prevention capabilities. OMB reported on the effectiveness of the federal government’s approach and strategy for securing federal information systems in a report issued in September 2018. The report did not address all of the requirements specified in the act. We provided a draft of this report to OMB and the 23 civilian CFO Act agencies, including DHS, covered by our review. In our report, we described the federal government’s approach and strategy for securing federal information systems, including intrusion detection and prevention capabilities. We also assessed the extent to which agencies reported implementing the federal government’s approach and strategy to secure information systems. We also assessed the extent to which agencies reported implementing the federal government’s approach and strategy to secure information systems. We also assessed the extent to which agencies reported implementing the federal government’s approach and strategy to secure information systems. We also assessed the extent to which agencies reported implementing the federal government’s approach and strategy to secure information systems. We also assessed the extent to which agencies reported implementing the federal government’s approach and strategy to secure information systems. We also assessed the extent to which agencies reported implementing the federal government’s approach and strategy to secure information systems. We also assessed the extent to which agencies reported implementing the federal government’s approach and strategy to secure information systems. We also assessed the extent to which agencies reported implementing the federal government’s approach and strategy to secure information systems. We also assessed the extent to which agencies reported implementing the federal government’s approach and strategy to secure information systems. We also assessed the extent to which agencies reported implementing the federal government’s approach and strategy to secure information systems. We also assessed the extent to which agencies reported implementing the federal government’s approach and strategy to secure information systems. We also assessed the extent to which agencies reported implementing the federal government’s approach and strategy to secure information systems. We also assessed the extent to which agencies reported implementing the federal government’s approach and strategy to secure information systems. We also assessed the extent to which agencies reported implementing the federal government’s approach and strategy to secure information systems. We also assessed the extent to which agencies reported implementing the federal government’s approach and strategy to secure information systems. We also assessed the extent to which agencies reported
TTFT (blend_recompute_headwise, 不含预计算): 28879.45 ms
  选中 2373 个 token-head 对 / 993 runs, selection=41.58 ms, recompute=28675.19 ms
标准答案:
Federal agencies are dependent on information systems to carry out operations. The risks to these systems are increasing as security threats evolve and become more sophisticated. To reduce the risk of a successful cyberattack, agencies can deploy intrusion detection and prevention capabilities on their networks and systems. GAO first designated federal information security as a government-wide high-risk area in 1997. In 2015, GAO expanded this area to include protecting the privacy of personally identifiable information. Most recently, in September 2018, GAO updated the area to identify 10 critical actions that the federal government and other entities need to take to address major cybersecurity challenges. The federal approach and strategy for securing information systems is grounded in the provisions of the Federal Information Security Modernization Act of 2014 and Executive Order 13800. The act requires agencies to develop, document, and implement an agency-wide program to secure their information systems. The Executive Order, issued in May 2017, directs agencies to use the National Institute of Standards and Technology's cybersecurity framework to manage cybersecurity risks. The Federal Cybersecurity Enhancement Act of 2015 contained a provision for GAO to report on the effectiveness of the government's approach and strategy for securing its systems. GAO determined (1) the reported effectiveness of agencies' implementation of the government's approach and strategy; (2) the extent to which DHS and OMB have taken steps to facilitate the use of intrusion detection and prevention capabilities to secure federal systems; and (3) the extent to which agencies reported implementing capabilities to detect and prevent intrusions. To address these objectives, GAO analyzed OMB reports related to agencies' information security practices including OMB's annual report to Congress for fiscal year 2017. GAO also analyzed and summarized agency-reported security performance metrics and IG-reported information for the 23 civilian CFO Act agencies. In addition, GAO evaluated plans, reports, and other documents related to DHS intrusion detection and prevention programs, and interviewed OMB, DHS, and agency officials. The 23 civilian agencies covered by the Chief Financial Officers Act of 1990 (CFO Act) have often not effectively implemented the federal government's approach and strategy for securing information systems (see figure below). Until agencies more effectively implement the government's approach and strategy, federal systems will remain at risk. To illustrate: As required by Office of Management and Budget (OMB), inspectors general (IGs) evaluated the maturity of their agencies' information security programs using performance measures associated with the five core security functions—identify, protect, detect, respond, and recover. The IGs at 17 of the 23 agencies reported that their agencies' programs were not effectively implemented. IGs also evaluated information security controls as part of the annual audit of their agencies' financial statements, identifying material weaknesses or significant deficiencies in internal controls for financial reporting at 17 of the 23 civilian CFO Act agencies. Chief information officers (CIOs) for 17 of the 23 agencies reported not meeting all elements of the government's cybersecurity cross-agency priority goal. The goal was intended to improve cybersecurity performance through, among other things, maintaining ongoing awareness of information security, vulnerabilities, and threats; and implementing technologies and processes that reduce malware risk. Executive Order 13800 directed OMB, in coordination with the Department of Homeland Security (DHS), to assess and report on the sufficiency and appropriateness of federal agencies' processes for managing cybersecurity risks. Using performance measures for each of the five core security functions, OMB determined that 13 of the 23 agencies were managing overall enterprise risks, while the other 10 agencies were at risk. In assessing agency risk by core security function, OMB identified a few agencies to be at high risk (see figure at the top of next page). DHS and OMB facilitated the use of intrusion detection and prevention capabilities to secure federal agency systems, but further efforts remain. For example, in response to prior GAO recommendations, DHS had improved the capabilities of the National Cybersecurity Protection System (NCPS), which is intended to detect and prevent malicious traffic from entering agencies' computer networks. However, the system still had limitations, such as not having the capability to scan encrypted traffic. The department was also in the process of enhancing the capabilities of federal agencies to automate network monitoring for malicious activity through its Continuous Diagnostics and Mitigation (CDM) program. However, the program was running behind schedule and officials at most agencies indicated the need for additional training and guidance. Further, the Federal CIO issued a mandated report assessing agencies' intrusion detection and prevention capabilities, but the report did not address required information, such as the capability of NCPS to detect advanced persistent threats, and a cost/benefit comparison of capabilities to commercial technologies and tools. Selected agencies had not consistently implemented capabilities to detect and prevent intrusions into their computer networks. Specifically, the agencies told GAO that they had not fully implemented required actions for protecting email, cloud services, host-based systems, and network traffic from malicious activity. For example, 21 of 23 agencies had not, as of September 2018, sufficiently enhanced email protection through implementation of DHS' directive on enhanced email security. In addition, less than half of the agencies that use cloud services reported monitoring these services. Further, most of the selected 23 agencies had not fully implemented the tools and services available through the first two phases of DHS's CDM program. Until agencies more thoroughly implement capabilities to detect and prevent intrusions, federal systems and the information they process will be vulnerable to malicious threats. GAO is making two recommendations to DHS, to among other things, coordinate with agencies to identify additional needs for training and guidance. GAO is also making seven recommendations to OMB to, among other things, direct the Federal CIO to update the mandated report with required information, such as detecting advanced persistent threats. DHS concurred with GAO's recommendations. OMB did not indicate whether it concurred with the recommendations or not.
ROUGE-L F1 (base vs ground_truth): 0.2727
ROUGE-L F1 (simple_concat_with_reposition vs ground_truth): 0.2000
ROUGE-L F1 (blend_recompute vs ground_truth): 0.2570
ROUGE-L F1 (blend_recompute_headwise vs ground_truth): 0.2328

----------------------------------------------------------------------
样本 9/200
context 前缀: Since 1993, USAID has obligated more than $5 billion in bilateral assistance to ...
模型输入前 40 词:
<|im_start|>user You are given a report by a government agency. Read the report carefully. Report: Since 1993, USAID has obligated more than $5 billion in bilateral assistance to the Palestinians in the West Bank and Gaza, primarily using funds appropriated ...
基线输出:
The report examines the status of USAID's bilateral assistance to the West Bank and Gaza through the Economic Support Fund (ESF) for fiscal years 2015 and 2016, focusing on payments to PA creditors, vetting of PA creditors, and compliance with antiterrorism policies. Key findings include:
- USAID obligated $544.1 million in ESF assistance for West Bank and Gaza, with 99% obligated and 64% expended.
- Payments to PA creditors accounted for 26% of total obligations.
- USAID vetted PA creditors before signing debt relief agreements, but did not conduct external assessments of PA ministries' financial systems.
- USAID continued to commission external assessments and financial audits of PA ministries despite not considering certain legal requirements applicable to direct payments.
- No material weaknesses were identified in the audits and assessments.

Recommendations include:
- Conducting external assessments of PA ministries' financial systems.
- Ensuring compliance with all legal requirements applicable to direct payments to PA creditors.
- Revising USAID policies to comply with all relevant laws and executive orders.

</think>
TTFT (base): 743.90 ms
simple_concat 输出:
The report "USAID's Use of USAID’s Emergency Supplemental Funding for USAID's Debt Relief to the Palestinian Authority" was conducted by the Government Accountability Office (GAO). The report aims to assess the use of USAID's Emergency Supplemental Funding (ESF) to the Palestinian Authority (PA) for fiscal years 2015 and 2016. The report found that the PA has made progress in meeting the objectives set by the PA Ministry of Finance and Planning, but there are still areas where improvements can be made. The report also notes that USAID has implemented a process to ensure that the use of ESF assistance is consistent with USAID’s policies and procedures. The report recommends that USAID continue to monitor the PA's use of ESF funds to ensure that it remains consistent with USAID’s policies and procedures. It also recommends that USAID ensure that the PA has adequate internal controls and systems to ensure the integrity of the PA's financial management systems. Additionally, the report recommends that USAID conduct external assessments of the PA Ministry of Health and Finance and Planning to ensure that they have the capacity to use ESF assistance as intended. The report concludes that the USAID data on the PA's obligations and expenditures are reliable. The report is available at the GAO website.
TTFT (simple_concat, 不含预计算): 51.01 ms
blend_recompute 输出:
The report examines the U.S. Agency for International Development (USAID)’s efforts to ensure that USAID assistance to the West Bank and Gaza is spent according to established policies and procedures, particularly in relation to the Palestinian Authority (PA). The report focuses on two main objectives: (1) to review the status of USAID assistance provided to the West Bank and Gaza since fiscal years 2015 and 2016, including the use of funds for specific projects and the extent to which USAID conducted vetting procedures for creditors, and (2) to review legal requirements and USAID policies to ensure the integrity of the assistance. The report found that USAID has been in compliance with its policies and procedures, with the exception of a few minor issues related to the assessment of PA creditors and the use of certain types of assistance. The report concludes that the USAID is in compliance with legal requirements and policies. The report does not contain any recommendations.
TTFT (blend_recompute, 不含预计算): 87.69 ms
  选点 619 tokens / 267 runs, selection=9.83 ms, recompute=25.47 ms
blend_recompute_headwise 输出:
The report assesses the USAID's assistance to the West Bank and Gaza under the Economic Growth and Infrastructure development objective. Key findings include:
- USAID obligated and expended a significant portion of fiscal years 2015 and 2016 ESF assistance for the West Bank and Gaza.
- No questioned or ineligible costs, reportable material weaknesses, or noncompliance with terms were found in the external assessments.
- The mission held an entrance conference with the PA Ministry of Finance and Planning for the audit of the fiscal year 2016 grant.
- No significant issues were identified in the financial audits of the fiscal years 2015 and 2016 debt relief grants.
- USAID provided direct payments to PA creditors, ensuring they met requirements for transparency and accountability.
- No legal or policy requirements were identified as not applicable to direct payments to PA creditors.

Recommendations: None identified in the report.
TTFT (blend_recompute_headwise, 不含预计算): 6465.88 ms
  选中 619 个 token-head 对 / 231 runs, selection=9.98 ms, recompute=6396.89 ms
标准答案:
Since 1993, the U.S. government has committed more than $5 billion in bilateral assistance to the Palestinians in the West Bank and Gaza. According to the Department of State, this assistance to the Palestinians promotes U.S. economic and political foreign policy interests by supporting Middle East peace negotiations and financing economic stabilization programs. USAID is primarily responsible for administering ESF assistance to the West Bank and Gaza. Appropriations acts for fiscal years 2015 and 2016 included provisions for GAO to review the treatment, handling, and uses of funds provided through the ESF for assistance to the West Bank and Gaza. This report examines (1) the status of ESF assistance and projects provided to the West Bank and Gaza for fiscal years 2015 and 2016, including project assistance and payments to PA creditors, and (2) the extent to which USAID conducted required vetting of PA creditors to ensure that this assistance would not support entities or individuals associated with terrorism and assessed PA ministries' capacity to use ESF assistance as intended. GAO reviewed relevant laws and regulations and USAID financial data, policies, procedures, and documents. GAO also interviewed USAID and State Department officials. As of March 2018, the U.S. Agency for International Development (USAID) had allocated about $545 million of funding appropriated to the Economic Support Fund (ESF) for assistance in the West Bank and Gaza for fiscal years 2015 and 2016. USAID obligated about $544 million (over 99 percent) and expended about $351 million (over 64 percent) of the total allocations. Project assistance accounted for approximately $399 million of the obligated funds, while payments to Palestinian Authority (PA) creditors accounted for $145 million (see figure). USAID's obligations for project assistance in the West Bank and Gaza for fiscal years 2015 and 2016 supported three development objectives—Economic Growth and Infrastructure ($239 million), Investing in the Next Generation ($107 million), and Governance and Civic Engagement (about $25 million). In fiscal years 2015 and 2016, USAID made payments directly to PA creditors—two Israeli fuel companies, to cover debts for petroleum purchases, and a local Palestinian bank, to pay off a line of credit used for PA medical referrals to six hospitals in the East Jerusalem Hospital network. USAID vetted PA creditors to ensure that the program assistance would not provide support to entities or individuals associated with terrorism and also conducted external assessments and financial audits of PA ministries of Health and Finance and Planning. USAID documentation showed that, as required, officials checked the vetting status of each PA creditor within 12 months before USAID signed its debt relief grant agreements with the PA. In addition, although USAID determined that it was not legally required to assess the PA Ministry of Health's medical referral services and the Ministry of Finance and Planning's petroleum procurement system, the agency commissioned external assessments of both ministries. These assessments found some weaknesses in both ministries' systems; however, USAID mission officials stated that these weaknesses did not affect USAID debt relief payments to the PA creditors. Nevertheless, USAID took additional steps to mitigate the identified weaknesses. For example, a USAID contractor worked with the Ministry of Health to update, revise, and approve guidelines for medical referrals. In addition, USAID commissioned financial audits of the debt relief grant agreements between USAID and the PA for direct payments to PA creditors in fiscal year 2015 and 2016. The audits did not identify any ineligible costs, reportable material weaknesses in internal control, or material instances of noncompliance with the terms of the agreements. GAO is not making recommendations in this report.
ROUGE-L F1 (base vs ground_truth): 0.2670
ROUGE-L F1 (simple_concat_with_reposition vs ground_truth): 0.2245
ROUGE-L F1 (blend_recompute vs ground_truth): 0.2695
ROUGE-L F1 (blend_recompute_headwise vs ground_truth): 0.2903

----------------------------------------------------------------------
样本 10/200
context 前缀: Congressional interest in small business access to capital has increased in rece...
模型输入前 40 词:
<|im_start|>user You are given a report by a government agency. Read the report carefully. Report: Congressional interest in small business access to capital has increased in recent years because of concerns that small businesses might be prevented from accessing sufficient ...
基线输出:
The report provides an in-depth analysis of the Small Business Lending Fund (SBLF) enacted during the 111th Congress to enhance small business access to capital. Key findings include:

- The SBLF was designed to address the decline in small business lending by providing temporary authority to the Secretary of the Treasury to make capital investments in eligible institutions to increase the availability of credit for small businesses.

- Participating institutions were required to submit a small business lending plan to the appropriate federal banking agency and, for applicants that are state-chartered banks, to the appropriate state banking regulator.

- The SBLF's legislative history includes differences between the House- and Senate-passed versions, including changes in eligibility criteria, dividend rate provisions, and the use of call report data to measure small business lending.

- SBLF participants reported increasing their small business lending, but questions remain regarding the validity of these reported amounts and the potential long-term cost to the federal treasury.

- The SBLF's effectiveness in increasing small business lending remains uncertain, and ongoing congressional oversight is focused on its potential long-term costs and effects on small business lending.

- The report concludes with recommendations for further study, including examining the program's impact on small business lending, assessing the potential long-term cost to the federal treasury, and evaluating the program's eligibility criteria and dividend rate provisions.
TTFT (base): 3496.84 ms
simple_concat 输出:
The Small Business Lending Fund (SBLF) is a program designed to increase the availability of capital for small businesses. It was created by the Small Business Jobs and Employment Act of 2008, which was signed into law on March 29, 2010. The SBLF was established to address the lack of capital available for small businesses in the banking system, particularly for small businesses. The program is funded by the U.S. Treasury. The SBLF was created to provide small business loans to small businesses that meet certain criteria, including those with less than $5 million in assets, 10 or more employees, and that are not already owned by a bank or a financial holding company. The SBLF has been in operation since 2009, and is administered by the Small Business Administration (SBA). The program provides a $20 billion in capital for lending to small businesses, with a 10-year maturity. The program has been criticized by some for the way it is administered and its impact on the banking industry. Critics argue that the SBLF is a bailout program and that it is not designed to be a capital injection program. They also argue that the program is not targeted to address the needs of small businesses. The SBLF has been criticized for not addressing the need for capital for small businesses. The SBLF has been criticized for not providing small businesses with the capital they need to be able to make loans. The SBLF has been criticized for not providing small businesses with the capital they need to increase their lending to small businesses. The SBLF has been criticized for not providing small businesses with the capital they need to increase their lending to small businesses. The SBLF has been criticized for not providing small businesses with the capital they need to increase their lending to small businesses. The SBLF has been criticized for not providing small businesses with the capital they need to increase their lending to small businesses. The SBLF has been criticized for not providing small businesses with the capital they need to increase their lending to small businesses. The SBLF has been criticized for not providing small businesses with the capital they need to increase their lending to small businesses. The SBLF has been criticized for not providing small businesses with the capital they need to increase their lending to small businesses. The SBLF has been criticized for not providing small businesses with the capital they need to increase their lending to small businesses. The SBLF has been criticized for
TTFT (simple_concat, 不含预计算): 131.12 ms
blend_recompute 输出:
The Small Business Lending Fund (SBLF) is a program designed to increase the availability of capital for small businesses. It was created by the Small Business Jobs and Employment Act of 2008, which was signed into law on December 22, 2008, to help small businesses that are in need of financing. The SBLF is a program that provides capital to small businesses that are in need of financing, but the program is not designed to make a profit. The SBLF is a program that provides capital to small businesses that are in need of financing, but the program is not designed to make a profit. The SBLF is a program that provides capital to small businesses that are in need of financing, but it is not designed to make a profit. The SBLF is a program that provides capital to small businesses that are in need of financing, but it is not designed to make a profit. The SBLF is a program that provides capital to small businesses that are in need of financing, but it is not designed to make a profit. The SBLF is a program that provides capital to small businesses that are in need of financing, but it is not designed to make a profit. The SBLF is a program that provides capital to small businesses that are in need of financing, but it is not designed to make a profit. The SBLF is a program that provides capital to small businesses that are in need of financing, but it is not designed to make a profit. The SBLF is a program that provides capital to small businesses that are in need of financing, but it is not designed to make a profit. The SBLF is a program that provides capital to small businesses that are in need of financing, but it is not designed to make a profit. The SBLF is a program that provides capital to small businesses that are in need of financing, but it is not designed to make a profit. The SBLF is a program that provides capital to small businesses that are in need of financing, but it is not designed to make a profit. The SBLF is a program that provides capital to small businesses that are in need of financing, but it is not designed to make a profit. The SBLF is a program that provides capital to small businesses that are in need of financing, but it is not designed to make a profit. The SBLF is a program that provides capital to small businesses that are in need of financing
TTFT (blend_recompute, 不含预计算): 216.44 ms
  选点 2295 tokens / 1019 runs, selection=37.76 ms, recompute=31.85 ms
blend_recompute_headwise 输出:
The Small Business Lending Fund (SBLF) is a program designed to increase the availability of capital for small businesses. It was created to provide a temporary capital infusion to small businesses to help them access credit and create jobs. The SBLF provides capital to eligible institutions that meet certain criteria, including small business lending, and has been criticized for its potential cost and the lack of oversight. The SBLF has been criticized for not being able to increase small business lending, and for not providing enough small business loans. The SBLF has also been criticized for its dividend rate, which is set at 5% per annum initially, with reduced rates available if the bank increased its small business lending. The SBLF has been criticized for not providing enough small business loans and for not being able to increase small business lending. The SBLF has been criticized for not being able to increase small business lending and for not being able to provide enough small business loans. The SBLF has been criticized for not being able to increase small business lending and for not being able to provide enough small business loans. The SBLF has been criticized for not being able to increase small business lending and for not being able to provide enough small business loans. The SBLF has been criticized for not being able to increase small business lending and for not being able to provide enough small business loans. The SBLF has been criticized for not being able to increase small business lending and for not being able to provide enough small business loans. The SBLF has been criticized for not being able to increase small business lending and for not being able to provide enough small business loans. The SBLF has been criticized for not being able to increase small business lending and for not being able to provide enough small business loans. The SBLF has been criticized for not being able to increase small business lending and for not being able to provide enough small business loans. The SBLF has been criticized for not being able to increase small business lending and for not being able to provide enough small business loans. The SBLF has been criticized for not being able to increase small business lending and for not being able to provide enough small business loans. The SBLF has been criticized for not being able to increase small business lending and for not being able to provide enough small business loans. The SBLF has been criticized for not being able to increase small business lending and for not being able to provide enough small business loans. The SBLF has been criticized for not
TTFT (blend_recompute_headwise, 不含预计算): 26923.70 ms
  选中 2295 个 token-head 对 / 930 runs, selection=38.65 ms, recompute=26723.40 ms
标准答案:
Congressional interest in small business access to capital has increased in recent years because of concerns that small businesses might be prevented from accessing sufficient capital to enable them to start, continue, or expand operations and create jobs. Some have argued that the federal government should provide additional resources to assist small businesses. Others worry about the long-term adverse economic effects of spending programs that increase the federal deficit. They advocate business tax reduction, reform of financial credit market regulation, and federal fiscal restraint as the best means to assist small businesses and create jobs. Several laws were enacted during the 111th Congress to enhance small business access to capital. For example, P.L. 111-5, the American Recovery and Reinvestment Act of 2009 (ARRA), provided the Small Business Administration (SBA) an additional $730 million, including funding to temporarily subsidize SBA fees and increase the 7(a) loan guaranty program's maximum loan guaranty percentage to 90%. P.L. 111-240, the Small Business Jobs Act of 2010, authorized the Secretary of the Treasury to establish a $30 billion Small Business Lending Fund (SBLF), in which $4.0 billion was issued, to encourage community banks with less than $10 billion in assets to increase their lending to small businesses. It also authorized a $1.5 billion State Small Business Credit Initiative to provide funding to participating states with small business capital access programs, numerous changes to the SBA's loan guaranty and contracting programs, funding to continue the SBA's fee subsidies and the 7(a) program's 90% maximum loan guaranty percentage through December 31, 2010, and about $12 billion in tax relief for small businesses. P.L. 111-322, the Continuing Appropriations and Surface Transportation Extensions Act, 2011, authorized the SBA to continue its fee subsidies and the 7(a) program's 90% maximum loan guaranty percentage through March 4, 2011, or until available funding was exhausted, which occurred on January 3, 2011. This report focuses on the SBLF. It opens with a discussion of the supply and demand for small business loans. The SBLF's advocates claimed the SBLF was needed to enhance the supply of small business loans. The report then examines other arguments presented both for and against the program. Advocates argued that the SBLF would increase lending to small businesses and, in turn, create jobs. Opponents contended that the SBLF could lose money, lacked sufficient oversight provisions, did not require lenders to increase their lending to small businesses, could serve as a vehicle for Troubled Asset Relief Program (TARP) recipients to effectively refinance their TARP loans on more favorable terms with little or no resulting benefit for small businesses, and could encourage a failing lender to make even riskier loans to avoid higher dividend payments. The report concludes with an examination of the program's implementation and a discussion of bills introduced to amend the SBLF. For example, during the 112th Congress, S. 681, the Greater Accountability in the Lending Fund Act of 2011, would have limited the program's authority to 15 years from enactment and prohibited TARP recipients from participating in the program. H.R. 2807, the Small Business Leg-Up Act of 2011, would have transferred any unobligated and repaid funds from the SBLF to the Community Development Financial Institutions Fund "to increase the availability of credit for small businesses." H.R. 3147, the Small Business Lending Extension Act, would have extended the Department of the Treasury's investment authority from one year to two years. During the 113th Congress, H.R. 2474, the Community Lending and Small Business Jobs Act of 2013, would have transferred any unobligated and repaid funds from the SBLF to the Community Development Financial Institutions Fund.
ROUGE-L F1 (base vs ground_truth): 0.2333
ROUGE-L F1 (simple_concat_with_reposition vs ground_truth): 0.2420
ROUGE-L F1 (blend_recompute vs ground_truth): 0.1647
ROUGE-L F1 (blend_recompute_headwise vs ground_truth): 0.1913

----------------------------------------------------------------------
样本 11/200
context 前缀: This report presents background information and issues for Congress concerning t...
模型输入前 40 词:
<|im_start|>user You are given a report by a government agency. Read the report carefully. Report: This report presents background information and issues for Congress concerning the Navy's force structure and shipbuilding plans. The current and planned size and composition of ...
基线输出:
The report provides background information and issues for Congress concerning the Navy's force structure and shipbuilding plans. The current and planned size and composition of the Navy, the rate of Navy ship procurement, and the prospective affordability of the Navy's shipbuilding plans have been oversight matters for the congressional defense committees for many years. The Navy's proposed FY2020 budget requests funding for the procurement of 12 new ships, including one Gerald R. Ford (CVN-78) class aircraft carrier, three Virginia-class attack submarines, three DDG-51 class Aegis destroyers, one FFG(X) frigate, two John Lewis (TAO-205) class oilers, and two TATS towing, salvage, and rescue ships. The issue for Congress is whether to approve, reject, or modify the Navy's proposed FY2020 shipbuilding program and the Navy's longer-term shipbuilding plans. The Navy's FY2019 budget submission also included a total of 55 ships in the period FY2020-FY2024, but the mix of ships making up the total of 55 for these years has been changed under the FY2020 budget submission to include one additional attack submarine, one additional FFG(X) frigate, and two (rather than four) LPD-17 Flight II amphibious ships over the five-year period. The Navy's FY2020 five-year (FY2020-FY2024) shipbuilding plan includes 55 new ships, or an average of about 10 per year. The Navy's FY2019 budget submission also included a total of 55 ships in the period FY2020-FY2024, but the mix of ships making up the total of 55 for these years has been changed under the FY2020 budget submission to include one additional attack submarine, one additional FFG(X) frigate, and two (rather than four) LPD-17 Flight II amphibious ships over the five-year period.
TTFT (base): 5340.27 ms
simple_concat 输出:
### Summary:

The Navy's FY2020 budget proposal includes a 355-ship Navy, a 355-ship Navy, and a 355-ship Navy. The Navy has a 355-ship goal for FY2020, but the Navy's FY2019 budget proposal is for 350 ships, which is below the 355-ship goal. The Navy has stated that the current Navy fleet of 355 ships is sufficient to meet the 355-ship goal, and that the Navy will need to procure 55 ships to reach that goal. The Navy's FY2019 budget proposal includes funding for 35 ships, and the Navy has stated that it will use this funding to build the 35 ships. The Navy's FY2020 budget proposal also includes funding for 10 ships, and the Navy has stated that these ships will be used to replace ships that will be retired. The Navy has not yet decided whether to use the $1.5 billion in the FY2020 budget to build the 355-ship fleet or to fund the 10 ships. The Navy has stated that it is not certain whether the 355-ship fleet will be built at the same rate of production as the 300-ship fleet, and that the Navy's current plan to build 30 ships per year is not necessarily a good indicator of the Navy's ability to build 355 ships. The Navy's FY2020 budget proposal includes funding for 55 ships, but it is not clear whether these ships will be built in the same way as the 30 ships, and whether the Navy will be able to build 355 ships in the future. The Navy's FY2020 budget proposal includes funding for 10 ships, and the Navy has stated that these ships will be used to replace ships that will be retired. The Navy has not yet decided whether to use the $1.5 billion in the FY2020 budget to build the 355-ship fleet or to fund the 10 ships. The Navy's FY2020 budget proposal includes funding for 55 ships, but it is not clear whether these ships will be built in the same way as the 30 ships, and whether the Navy will be able to build
TTFT (simple_concat, 不含预计算): 161.61 ms
blend_recompute 输出:
### Summary:

The Navy's FY2020 budget proposal includes a 355-ship Navy, a 355-ship Navy, and a 355-ship Navy. The Navy has a 355-ship goal for 2030. The Navy has a 355-ship fleet of ships and a 355-ship force structure. The Navy's 355-ship fleet is the goal of the Navy's FY2019-2024 shipbuilding plan. The Navy is increasing the number of ships by 11 ships every two years. The Navy is considering a new ship class called the Columbia class, which is a 143,000-ton nuclear-powered, nuclear-powered, multi-purpose amphibious warfare ship. The Navy has a plan to build 12 Columbia-class ships, with a goal of having the shipyards produce two ships per year. The Navy's shipbuilding program is currently at 70% capacity. The Navy is also looking at building more ships through a process called a multi-year production plan, which is a plan that allows for the construction of a larger number of ships in a shorter time period. The Navy is considering building 10 more ships, with a goal of having the shipyards build five ships per year. The Navy has a goal of increasing the number of ships by 10 over the next two years, and a goal of increasing the number of ships by 5 over the next two years. The Navy has a goal of increasing the number of ships by 5 over the next two years. The Navy is also considering a plan to build 10 more ships, with a goal of having the shipyards build five ships per year. The Navy is also considering a plan to build 20 more ships, with a goal of having the shipyards build two ships per year. The Navy is also considering a plan to build 10 more ships, with a goal of having the shipyards build five ships per year. The Navy is also considering a plan to build 10 more ships, with a goal of having the shipyards build five ships per year. The Navy is also considering a plan to build 20 more ships, with a goal of having the shipyards build two ships per year. The Navy is also considering a plan to build 10 more ships, with a goal of having the shipyards build five ships per year
TTFT (blend_recompute, 不含预计算): 272.12 ms
  选点 2919 tokens / 1315 runs, selection=53.48 ms, recompute=31.49 ms
blend_recompute_headwise 输出:
The report is a detailed analysis of the Navy's shipbuilding plans and their potential impact on the Navy's ability to achieve its goal of a 355-ship fleet. The report covers several key points:

1. The Navy's shipbuilding plans and their impact on the overall shipbuilding industry.
2. The need for a robust workforce to support the Navy's shipbuilding needs.
3. The challenges of maintaining the shipbuilding industrial base and the potential impact on shipbuilding costs.
4. The Navy's goal of increasing the size of the Navy to 355 ships.
5. The need for sustained investment in shipbuilding and the importance of multi-year procurement (MYP) contracts.
6. The need to avoid procurement cost growth and the potential for cost growth to be a risk to the Navy's ability to achieve its goal.
7. The importance of a stable budget and funding for shipbuilding and maintenance to support the Navy's shipbuilding plans.
8. The need to maintain a skilled workforce and the challenges of doing so.
9. The need to consider the impact of procurement cost growth on the Navy's ability to achieve its goal.
10. The need for a balanced approach to shipbuilding that takes into account the Navy's mission requirements, industry's ability to meet those requirements, and the Navy's ability to sustain the shipbuilding workforce.

The report also highlights the challenges of maintaining the Navy's shipbuilding workforce, including the need to train and develop a skilled workforce and the potential for industry to increase its workforce capacity over time. The report also notes the importance of maintaining a stable budget and funding for shipbuilding and maintenance to support the Navy's shipbuilding plans. The report concludes by recommending a balanced approach to shipbuilding that takes into account the Navy's mission requirements, industry's ability to meet those requirements, and the Navy's ability to sustain the shipbuilding workforce.
TTFT (blend_recompute_headwise, 不含预计算): 36262.41 ms
  选中 2919 个 token-head 对 / 1206 runs, selection=55.90 ms, recompute=36005.83 ms
标准答案:
The current and planned size and composition of the Navy, the rate of Navy ship procurement, and the prospective affordability of the Navy's shipbuilding plans have been oversight matters for the congressional defense committees for many years. On December 15, 2016, the Navy released a force-structure goal that calls for achieving and maintaining a fleet of 355 ships of certain types and numbers. The 355-ship force-level goal is the result of a Force Structure Assessment (FSA) conducted by the Navy in 2016. The Navy states that a new FSA is now underway as the successor to the 2016 FSA. This new FSA, Navy officials state, is to be completed by the end of 2019. Navy officials have suggested in their public remarks that this new FSA could change the 355-ship figure, the planned mix of ships, or both. The Navy's proposed FY2020 budget requests funding for the procurement of 12 new ships, including one Gerald R. Ford (CVN-78) class aircraft carrier, three Virginia-class attack submarines, three DDG-51 class Aegis destroyers, one FFG(X) frigate, two John Lewis (TAO-205) class oilers, and two TATS towing, salvage, and rescue ships. The Navy's FY2020 five-year (FY2020-FY2024) shipbuilding plan includes 55 new ships, or an average of 11 new ships per year. The Navy's FY2020 30-year (FY2020-FY2049) shipbuilding plan includes 304 ships, or an average of about 10 per year. If the FY2020 30-year shipbuilding plan is implemented, the Navy projects that it will achieve a total of 355 ships by FY2034. This is about 20 years sooner than projected under the Navy's FY2019 30-year shipbuilding plan—an acceleration primarily due to a decision announced by the Navy in April 2018, after the FY2019 plan was submitted, to increase the service lives of all DDG-51 destroyers to 45 years. Although the Navy projects that the fleet will reach a total of 355 ships in FY2034, the Navy in that year and subsequent years will not match the composition called for in the FY2016 FSA. One issue for Congress is whether the new FSA that the Navy is conducting will change the 355-ship force-level objective established by the 2016 FSA and, if so, in what ways. Another oversight issue for Congress concerns the prospective affordability of the Navy's 30-year shipbuilding plan. Decisions that Congress makes regarding Navy force structure and shipbuilding plans can substantially affect Navy capabilities and funding requirements and the U.S. shipbuilding industrial base.
ROUGE-L F1 (base vs ground_truth): 0.5477
ROUGE-L F1 (simple_concat_with_reposition vs ground_truth): 0.2648
ROUGE-L F1 (blend_recompute vs ground_truth): 0.2561
ROUGE-L F1 (blend_recompute_headwise vs ground_truth): 0.2033

----------------------------------------------------------------------
样本 12/200
context 前缀: Under SBA’s 7(a) loan program, SBA guarantees loans made by commercial lenders t...
模型输入前 40 词:
<|im_start|>user You are given a report by a government agency. Read the report carefully. Report: Under SBA’s 7(a) loan program, SBA guarantees loans made by commercial lenders to small businesses for working capital and other general business purposes. These lenders ...
基线输出:
<report-summary>

This report examines the 7(a) loan program of the Small Business Administration (SBA), focusing on its role in supporting small businesses and the challenges in ensuring lenders comply with the credit elsewhere requirement. Key findings include:

- The 7(a) program primarily serves small businesses that cannot obtain conventional credit at reasonable terms. Lenders with delegated authority make credit elsewhere determinations.
- SBA relies on on-site and targeted reviews to monitor lenders' compliance, with 17 of 40 on-site reviews in fiscal 2016 finding noncompliance.
- Lenders often lack proper internal controls, making compliance inconsistent. SBA's standard operating procedures do not require documentation of assessments.
- Lenders interpret criteria differently, leading to variability in how credit elsewhere is determined. SBA does not routinely collect or analyze information on lenders' use of criteria.
- The credit elsewhere requirement is crucial for reaching underserved borrowers, but compliance issues persist. SBA needs better information on lenders' practices to address these challenges.
TTFT (base): 2386.48 ms
simple_concat 输出:
### Report Title: SBA’s Oversight of 7(a) Loans to Small Businesses in 2016

SBA’s Oversight of 7(a) Loans to Small Businesses in 2016

### Report Summary

This report examines SBA’s oversight of 7(a) loans to small businesses in fiscal year 2016. It reviews the 7(a) loan program, which is a key component of the SBA’s Small Business Administration’s (SBA) Small Business Innovation and Entrepreneurship Act of 1953. SBA’s 7(a) program provides loans to small businesses to help them secure financing for working capital and other business purposes. The report finds that the SBA’s 7(a) program has not yet achieved its objective of increasing access to credit for small businesses. In fiscal year 2016, SBA approved 7(a) loans totaled $13. 6 billion, down 24 percent from fiscal year 2015. This is the third consecutive year that the total amount approved has been below the SBA’s $15 billion target. This decrease in total loan volume was partially driven by the economic environment, which was a result of the Great Recession. The report also found that lenders, which are the primary borrowers of 7(a) loans, are more likely to be non-compliant with the credit elsewhere requirement, the requirement that a lender must provide a credit elsewhere determination for 7(a) loans. Specifically, 32 percent of 7(a) loans approved in fiscal year 2016 were for new businesses and 38 percent were for existing businesses. The SBA also found that the credit elsewhere requirement is not well-documented in the SBA’s loan files. The credit elsewhere requirement is based on a lender’s assessment of whether the borrower’s credit elsewhere is sufficient to cover the credit elsewhere requirement. SBA’s on-site reviews, which are conducted by SBA staff, do not include the credit elsewhere requirement in their review criteria. Instead, SBA’s on-site reviews focus on the borrower’s creditworthiness and the credit elsewhere requirement is determined based on a lender’s own credit elsewhere criteria. The SBA’s 7(a) program is required to monitor lenders’ compliance with the credit elsewhere requirement. SBA’s standard operating procedures (SOP) provide that lenders are required to maintain documentation of the lender’s credit elsewhere determination for all 7(a) loans. The S
TTFT (simple_concat, 不含预计算): 120.40 ms
blend_recompute 输出:
### Report Title: SBA’s 7(a) Loan Program: A Review of the SBA’s Monitoring of Lenders' Compliance with the Credit Elsewhere Requirement

The SBA’s 7(a) Loan Program is a key component of the Small Business Administration (SBA)’s Small Business Administration (SBA) programs. The report provides an analysis of SBA’s monitoring of lenders' compliance with the credit elsewhere requirement, a requirement that requires lenders to obtain credit elsewhere (CE) for a specified percentage of the loans they originate. The report highlights the need for SBA to provide more information to lenders to ensure that lenders are providing credit elsewhere and to help lenders improve their credit elsewhere documentation. The report also examines the extent to which SBA has been monitoring lenders’ compliance with the credit elsewhere requirement and the impact of SBA’s efforts to improve its oversight of the credit elsewhere requirement. The report notes that SBA’s current practices have not been effective in ensuring that lenders comply with the credit elsewhere requirement. Specifically, SBA has not systematically reviewed the credit elsewhere documentation provided by lenders and has not provided lenders with specific guidance on how to ensure compliance with the credit elsewhere requirement. SBA’s review process for loan applications is designed to identify loans that require a credit elsewhere determination. The review process is not designed to provide lenders with guidance on how to obtain credit elsewhere. SBA has conducted targeted reviews of lenders’ credit elsewhere documentation to identify loans that are not in compliance with the credit elsewhere requirement. The report notes that SBA has conducted targeted reviews of lenders’ credit elsewhere documentation for fiscal years 2016 and 2015. The report also notes that SBA’s on-site reviews of lenders’ credit elsewhere documentation have not been used to monitor lenders’ compliance with the credit elsewhere requirement. SBA has not collected data on the reasons for noncompliance, and SBA does not have a system in place to track lenders’ compliance with the credit elsewhere requirement. The report recommends that SBA improve its loan review process to ensure that it provides lenders with information on how to comply with the credit elsewhere requirement. The report also recommends that SBA improve its review process to ensure that it is systematic and consistent, and that it includes a review of the lender’s credit elsewhere documentation. SBA should also develop and implement a new system to collect data on the reasons for noncompliance with the credit elsewhere requirement and to track lenders’ compliance with the requirement. SBA should also develop and implement a new system to track lenders
TTFT (blend_recompute, 不含预计算): 167.64 ms
  选点 1597 tokens / 678 runs, selection=24.79 ms, recompute=32.05 ms
blend_recompute_headwise 输出:
The report assesses the implementation of the 7(a) loan program by SBA. It reviews the credit elsewhere requirement, which requires borrowers to demonstrate that they have not obtained credit elsewhere at reasonable terms and conditions. The report found that lenders are required to document whether they have made a determination of credit elsewhere, but the documentation is not required to be submitted to SBA. Lenders are required to submit documentation of credit elsewhere to SBA if they have a loan in which the borrower does not meet the criteria for a 7(a) loan. The report found that the credit elsewhere requirement has not been consistently applied by lenders. In fiscal year 2016, the credit elsewhere requirement was not applied to 40 percent of 7(a) loans, according to SBA. The report recommends that SBA require lenders to document their credit elsewhere determination and provide SBA with documentation on how lenders use the credit elsewhere criteria. The report also recommends that SBA collect and analyze information on lenders' use of the credit elsewhere criteria. The report found that SBA did not routinely collect information on lenders' use of the credit elsewhere criteria, and the credit elsewhere criteria are not used consistently. The report recommends that SBA collect and analyze information on lenders' use of the credit elsewhere criteria to better understand lenders' practices. The report also recommends that SBA improve its oversight of lenders' compliance with the credit elsewhere requirement and analyze trends in lenders' practices related to the credit elsewhere requirement. The report found that SBA did not routinely collect information on lenders' use of the credit elsewhere criteria, and the credit elsewhere criteria are not used consistently. The report recommends that SBA collect and analyze information on lenders' use of the credit elsewhere criteria to better understand lenders' practices. The report also recommends that SBA improve its oversight of lenders' compliance with the credit elsewhere requirement and analyze trends in lenders' practices related to the credit elsewhere requirement. The report found that SBA did not routinely collect information on lenders' use of the credit elsewhere criteria, and the credit elsewhere criteria are not used consistently. The report recommends that SBA collect and analyze information on lenders' use of the credit elsewhere criteria to better understand lenders' practices. The report also recommends that SBA improve its oversight of lenders' compliance with the credit elsewhere requirement and analyze trends in lenders' practices related to the credit elsewhere requirement. The report found that SBA did not routinely collect information on lenders' use of the credit elsewhere criteria, and the credit elsewhere criteria are not used consistently. The report
TTFT (blend_recompute_headwise, 不含预计算): 16719.96 ms
  选中 1597 个 token-head 对 / 605 runs, selection=26.94 ms, recompute=16573.61 ms
标准答案:
SBA's 7(a) program is required to serve creditworthy small business borrowers who cannot obtain credit through a conventional lender at reasonable terms. The Joint Explanatory Statement of the Consolidated Appropriations Act, 2017 includes a provision for GAO to review the 7(a) program. This report discusses, among other things, (1) how SBA monitors lenders' compliance with the credit elsewhere requirement, (2) the extent to which SBA evaluates trends in lender credit elsewhere practices, and (3) lenders' views on the credit elsewhere criteria for 7(a) loans. GAO analyzed SBA data on 7(a) loans approved for fiscal years 2007–2016, the latest available, and reviewed literature on small business lending; reviewed standard operating procedures, other guidance, and findings from SBA reviews performed in fiscal year 2016; and interviewed lender associations and a nonrepresentative sample of 7(a) lenders selected that concentrated on larger lenders. For its 7(a) loan program, the Small Business Administration (SBA) has largely delegated authority to lenders to make 7(a) loan determinations for those borrowers who cannot obtain conventional credit at reasonable terms elsewhere. To monitor lender compliance with the “credit elsewhere” requirement SBA primarily uses on-site reviews conducted by third-party contractors with SBA participation and oversight, and other reviews. According to SBA guidance, lenders making 7(a) loans must take steps to ensure and document that borrowers meet the program's credit elsewhere requirement. However, GAO noted a number of concerns with SBA's monitoring efforts. Specifically, GAO found the following: Over 40 percent (17 of 40) of the on-site lender reviews performed in fiscal year 2016 identified lender noncompliance with the requirement. On-site reviewers identified several factors, such as weakness in lenders' internal control processes that were the cause for lender noncompliance. Most on-site reviewers did not document their assessment of lenders' policies or procedures, because SBA does not require them to do so. As a result SBA does not have information that could help explain the high noncompliance rate. Federal internal control standards state that management should design control activities, including appropriate documentation, and use quality information to achieve the entity's objectives. Without better information on lenders' procedures for complying with the documentation requirement, SBA may be limited in its ability to promote compliance with requirements designed to help ensure that the 7(a) program reaches its target population. SBA does not routinely collect or analyze information on the criteria used by lenders for credit elsewhere justifications. SBA recently began collecting some information on lenders' use of the criteria, but this information is limited, and SBA does not analyze the information that it does collect to better understand lenders' practices. Federal internal control standards state that management should use quality information to achieve the entity's objectives. Without more robust information and analysis, SBA may be limited in its ability to understand how lenders are using the credit elsewhere criteria and identify patterns of use by certain lenders that place them at a higher risk of not reaching borrowers who cannot obtain credit from other sources at reasonable terms. In general, representatives from 8 of 11 lenders that GAO interviewed stated that SBA's credit elsewhere criteria are adequate for determining small business eligibility for the 7(a) program. These criteria help them target their lending to small businesses that would otherwise have difficulty obtaining conventional credit because they are often new businesses or have a shortage of collateral. However, they also said that other factors—such as lender policies and economic conditions—can affect their decisions to offer 7(a) loans. In January 2018, SBA issued revised guidance for the 7(a) program and has provided training on this new guidance to lenders and trade associations. Lenders told GAO they are still in the process of understanding the new requirements. GAO recommends that SBA (1) require its on-site reviewers to document their assessment of lenders' policies and procedures related to the credit elsewhere documentation requirement, (2) collect information on lenders' use of credit elsewhere criteria, and (3) analyze that information to identify trends. SBA generally agreed with the recommendations.
ROUGE-L F1 (base vs ground_truth): 0.3358
ROUGE-L F1 (simple_concat_with_reposition vs ground_truth): 0.3244
ROUGE-L F1 (blend_recompute vs ground_truth): 0.3396
ROUGE-L F1 (blend_recompute_headwise vs ground_truth): 0.3377

----------------------------------------------------------------------
样本 13/200
context 前缀: Concerned that the federal government was more focused on program activities and...
模型输入前 40 词:
<|im_start|>user You are given a report by a government agency. Read the report carefully. Report: Concerned that the federal government was more focused on program activities and processes than the results to be achieved, Congress passed the Government Performance and ...
基线输出:
The report assesses the use of performance information by federal managers, focusing on changes from 2013 to 2017 and the extent to which agencies have adopted practices to improve performance. Key findings include:

- Managers' reported use of performance information did not improve significantly since 2013, with some agencies declining. 

- Data-driven reviews were positively associated with higher use of performance information, particularly for managers familiar with them.

- Agencies' use of performance information varied widely, with some showing notable increases or declines. 

- Recommendations include directing OMB to improve data-driven reviews and sharing proven practices for their use.

- The report emphasizes the need for more actions to enhance the use of performance information within agencies and across the federal government.

- The survey was conducted among managers at 24 CFO Act agencies, using a stratified random sample.
TTFT (base): 2451.03 ms
simple_concat 输出:
### Summary of the Report

The report assesses the extent to which federal agencies are using performance information to improve the use of performance information in the federal government. The report finds that agencies are making progress in some areas, but significant challenges remain. Specifically, the survey of 4, 395 federal managers found that managers in federal agencies are generally using performance information to make decisions. However, there are some areas where there is room for improvement, including the use of data-driven reviews and the use of data to improve the use of performance information. The survey also found that managers reported a mixed bag of results on 2017 survey questions related to the use of performance information, with some agencies reporting that their managers’ use of performance information has improved, while others report that it has not. The report also notes that while agencies have taken actions to improve the use of performance information, such as implementing data-driven reviews, but these actions have not yet been fully implemented. The report concludes that agencies should focus on implementing these actions, particularly data-driven reviews and data-driven reviews to improve the use of performance information and to ensure that performance information is used for decision making. The report also recommends that OMB and the Performance Improvement Council should work with agencies to develop a strategy to improve the use of performance information, including identifying and sharing proven practices for improving performance information use, as well as addressing challenges that agencies face in using performance information.

Summary of the report:

The report aims to assess the extent to which federal agencies are utilizing performance information to improve the use of performance information within the federal government. The survey of 4, 395 federal managers found that managers in federal agencies are generally using performance information to make decisions. However, there are still areas where improvements are needed, such as the use of data-driven reviews and the use of data to improve the use of performance information. The report found that agencies have taken actions to improve the use of performance information, but these actions have not yet been fully implemented. The report recommends that agencies should focus on implementing these actions, particularly data-driven reviews and data-driven reviews to improve the use of performance information and to ensure that performance information is used for decision making. The report also recommends that OMB and the Performance Improvement Council work with agencies to develop a strategy to improve the use of performance information, including identifying and sharing proven practices for improving performance information use, as well as addressing challenges that agencies face in using performance information. The results of the survey are presented in detail in the report. The findings
TTFT (simple_concat, 不含预计算): 102.58 ms
blend_recompute 输出:
### Summary of the Report

The report assesses the extent to which federal agencies are using performance information to improve the use of performance information in the federal government. The report finds that agencies are using performance information to improve their performance and results, but there are areas where improvements are needed. The report finds that 60 percent of managers reported using performance information to make decisions and 81 percent of managers reported that they use performance information to hold managers accountable for performance. However, 67 percent of managers reported that their managers do not use performance information to make decisions or hold managers accountable. Additionally, 57 percent of managers reported that their agencies use performance information to assess the performance of their managers. The report also finds that agencies have taken steps to improve the use of performance information, such as developing performance plans, establishing performance goals, and conducting performance reviews. However, only 36 percent of managers reported that they have a formalized performance plan, and only 27 percent reported that their agencies have established performance goals. The report also found that 33 percent of managers reported that their agencies have established performance metrics to measure performance information, and 34 percent of managers reported that they have a performance plan that is aligned with agency goals. The report recommends that the government should consider expanding the use of performance information by improving the use of performance information by managers at lower levels of the government, particularly those who report to them. The report also recommends that the government should consider improving the use of performance information by expanding the use of performance information at lower levels of the government, particularly those managers who report to them. The report also recommends that the government should consider improving the use of performance information by expanding the use of performance information at lower levels of the government, particularly those managers who report to them. The report recommends that the government should consider improving the use of performance information by expanding the use of performance information at lower levels of the government, particularly those managers who report to them. The report recommends that the government should consider improving the use of performance information by expanding the use of performance information at lower levels of the government, particularly those managers who report to them. The report recommends that the government should consider improving the use of performance information by expanding the use of performance information at lower levels of the government, particularly those managers who report to them. The report recommends that the government should consider improving the use of performance information by expanding the use of performance information at lower levels of the government, particularly those managers who report to them. The report recommends that
TTFT (blend_recompute, 不含预计算): 157.39 ms
  选点 1690 tokens / 751 runs, selection=24.30 ms, recompute=27.99 ms
blend_recompute_headwise 输出:
# Summary of the Report

## Purpose
The purpose of the report is to assess the use of performance information by federal managers and to identify opportunities to improve the use of performance information at federal agencies.

## Methods
The report uses data from a survey of federal managers to assess the use of performance information. The survey includes 11 questions related to leading practices for using performance information. The report analyzes the survey results and compares them to previous results from 2013.

## Key Findings
- The survey results show that the use of performance information by managers has not improved significantly over the past five years.
- The survey results show that managers are less likely to use performance information to make decisions than they were in 2013.
- Managers report that they use performance information to make decisions more frequently than they use it to improve the use of performance information.

## Recommendations
- The President’s Management Agenda and its related CAP goal to leverage data as a strategic asset present an opportunity to improve the use of performance information.
- The government should work with agencies to identify and share proven practices for increasing the use of performance information.
- The government should provide agencies with tools and training to improve the use of performance information.

## Conclusion
The report found that managers are less likely to use performance information to improve the use of performance information than to make decisions. The government should work with agencies to improve the use of performance information and share proven practices.
TTFT (blend_recompute_headwise, 不含预计算): 18656.30 ms
  选中 1690 个 token-head 对 / 679 runs, selection=28.29 ms, recompute=18512.04 ms
标准答案:
To reform the federal government and make it more efficient and effective, agencies need to use data about program performance. The benefit of collecting performance information is only fully realized when it is used by managers to make decisions aimed at improving results. GAO was asked to review agencies' use of performance information. This report assesses, among other things, the extent to which: (1) 24 agencies' reported use of performance information and related leading practices has changed since 2013 and (2) the Executive Branch has taken actions to enhance the use of performance information. To address the first objective, GAO analyzed results from its 2017 survey of federal managers, and compared them to 2013 results. The survey covered a stratified random sample of 4,395 managers from the 24 Chief Financial Officers Act agencies. The survey had a 67 percent response rate and results can be generalized to the population of managers government-wide and at each agency. For the second objective, GAO reviewed agency documents and interviewed staff from OMB and the PIC. Agencies' reported use of performance information to make decisions, and leading practices that can promote such use, generally has not improved since GAO's last survey of federal managers in 2013. However, GAO's survey results continue to point to certain practices that could help agencies improve managers' use of performance information. For example, as shown in the table below, GAO's survey found that managers whose programs were subject to data-driven reviews (regular reviews used to assess progress on select agency goals) to a greater extent reported statistically significantly greater use of performance information to make decisions. The Executive Branch has begun taking steps to improve the use of performance information within agencies and across the government. For example, In the President's Management Agenda and government-wide reform plan, released in March and June 2018 respectively, the administration acknowledged the need to do more, and announced a goal, among other actions, to improve the use of data in federal decision making. However, the Office of Management and Budget (OMB) and others responsible for this goal have yet to fully develop action plans to hold agencies accountable for achieving it. The Performance Improvement Council (PIC), which is chaired by OMB, has undertaken efforts to improve the use of performance information by, for example, creating a working group on agency performance reviews. But it has not yet taken a systematic approach to identify and share proven practices that led to, or challenges that may be hampering, increased use of performance information by managers. GAO's survey results identified agencies that may have insights into such practices and challenges. More fully developing action plans for the new goal, and identifying and sharing proven practices and challenges, could help ensure the Executive Branch takes further steps to improve the use of performance information by managers within agencies and across the federal government. To improve the use of performance information within agencies and across the federal government, GAO recommends that OMB work with (1) fellow goal leaders to more fully develop action plans for the new goal to improve the use of data and (2) the PIC to prioritize efforts to identify and share proven practices and challenges. OMB had no comments on this report.
ROUGE-L F1 (base vs ground_truth): 0.2892
ROUGE-L F1 (simple_concat_with_reposition vs ground_truth): 0.3575
ROUGE-L F1 (blend_recompute vs ground_truth): 0.2538
ROUGE-L F1 (blend_recompute_headwise vs ground_truth): 0.2831

----------------------------------------------------------------------
样本 14/200
context 前缀: Implementing Telework: The Telework Enhancement Act of 2010 (the Act) establishe...
模型输入前 40 词:
<|im_start|>user You are given a report by a government agency. Read the report carefully. Report: Implementing Telework: The Telework Enhancement Act of 2010 (the Act) establishes telework implementation requirements for agencies, including, for example, that each agency designate a Telework ...
基线输出:
<report summary>

The report examines how 23 civilian Chief Financial Officer (CFO) Act agencies reported using telework in office space planning. It identifies the specific ways selected agencies and GSA used telework in their office space planning and the challenges agencies faced in using telework in space planning. The report recommends that the Administrator of General Services develop guidance including how agencies can use telework as a strategic space-planning tool and complete the Workplace Investment and Feasibility Tool.
TTFT (base): 1658.41 ms
simple_concat 输出:
The Federal Government of the United States, including the U.S. Department of Homeland Security, has been using telework as a strategy to reduce space usage and associated costs. The U.S. General Services Administration (GSA) is responsible for overseeing federal real estate planning for the government, including the federal government’s space planning. The report discusses the implementation of telework and space planning in federal agencies. It provides information on the challenges agencies face in implementing telework and space planning, including space-planning tools and strategies. The report also identifies the space-planning tools and strategies used by GSA, the Department of Homeland Security (DHS), the Department of Health and Human Services (HHS), and the Department of Justice (DOJ) to reduce space usage and space-planning challenges. The report also highlights the use of telework as a strategic space-planning tool and the challenges agencies face in using telework in space planning. The report also identifies the challenges agencies face in using telework in space planning, such as the need for training and the challenges of implementing space-planning policies and procedures. The report also identifies the challenges of managing change in space planning and the importance of management buy-in. The report recommends that agencies should consider using telework as a space-planning tool and that agencies should consider the benefits of space-planning tools and strategies, including telework, in their space-planning efforts. The report also recommends that agencies should consider the challenges of space-planning and the importance of management buy-in in their space-planning efforts. The report also recommends that agencies should consider the challenges of managing change in space planning and the importance of management buy-in in their space-planning efforts. The report recommends that agencies should consider the benefits of telework and telework as a strategic space-planning tool. The report recommends that agencies should consider the challenges of managing change in space planning and the importance of management buy-in in their space-planning efforts. The report recommends that agencies should consider the benefits of telework and telework as a strategic space-planning tool. The report recommends that agencies should consider the challenges of managing change in space planning and the importance of management buy-in in their space-planning efforts. The report recommends that agencies should consider the benefits of telework and telework as a strategic space-planning tool. The report recommends that agencies should consider the challenges of managing change in space planning and the importance of management buy-in in their space-planning efforts. The report recommends that agencies should consider the benefits of telework and tele
TTFT (simple_concat, 不含预计算): 83.00 ms
blend_recompute 输出:
The Federal Government of the United States, including the U.S. Department of Homeland Security, has been using telework as a strategy to reduce space usage and associated costs. The U.S. General Services Administration (GSA) is responsible for overseeing federal space planning for federal agencies. The Office of Personnel Management (OPM) has developed space-planning guidelines that encourage agencies to reduce space usage and reduce costs. However, agencies have not yet fully adopted telework as a space-planning tool. To address this, GSA is developing a Telework Enhancement Act (TWA) guidance document to help agencies use telework as a space-planning tool. This document will help agencies identify and implement space efficiencies in their space-planning processes. The document will be released in phases, with the first phase focusing on reducing space use, and the second phase focusing on space efficiency. The goal of the Telework Enhancement Act is to provide agencies with tools to more effectively use telework as a strategic tool to reduce space usage and cost. GSA is also working with agencies to develop space-planning policies and space-planning tools that incorporate telework, hoteling, and desk-sharing as strategic strategies for space planning. The Department of Homeland Security (DHS) is one of the first federal agencies to have a formal telework policy. In fiscal year 2015, the DHS telework policy allowed employees to telework 15 percent of their work time. The agency also used telework to reduce space and reduce costs, resulting in annual savings of approximately $2 million. GSA’s National Capital Region (NCR) used telework to reduce space by 14, 000 square feet, while the agency also used hoteling and desk-sharing to reduce space by 20, 000 square feet. The National Capital Region has also used telework to increase productivity and employee engagement, resulting in a 17 percent increase in productivity and a 31 percent increase in employee engagement. The Department of Homeland Security’s Telework Enhancement Act policy is a significant step toward the agency’s goal of reducing space usage and costs. The Telework Enhancement Act also includes a requirement for agencies to assess the benefits and costs of telework for their agencies. The Department of the Treasury, the Department of Health and Human Services, and the Department of Justice are also considering adopting telework policies that allow for telework. The Department of Health and Human Services has implemented telework in the National Center for Health Statistics (NCHS
TTFT (blend_recompute, 不含预计算): 148.58 ms
  选点 1325 tokens / 605 runs, selection=19.74 ms, recompute=31.30 ms
blend_recompute_headwise 输出:
**Summary of the Report**

**Purpose:** This report examines the use of telework as a space-planning tool by civilian CFO Act agencies and the challenges they face in implementing telework. The report identifies key space-planning challenges and provides recommendations to improve space utilization.

**Methods:**
- Surveyed 23 civilian CFO Act agencies
- Conducted interviews with agency officials
- Visited four sub-agency locations
- Analyzed telework guidance and space-planning documents
- Conducted a content analysis of telework case studies and space-planning documents

**Key Findings:**
- Agencies face challenges in using telework as a space-planning tool, including:
  - Human capital issues
  - Suitability of telework for mission requirements
  - Challenges in measuring cost savings
- Agencies use telework to reduce space and improve efficiency
- Agencies lack specific guidance on using telework in space-planning
- Agencies face challenges in obtaining management buy-in for telework
- Agencies need to address challenges in space-planning and telework implementation

**Recommendations:**
- Develop guidance on using telework as a space-planning tool
- Complete the Workplace Investment and Feasibility Tool
- Identify additional information, resources, or guidance for space-planning and telework

**Conclusion:**
The report highlights the importance of telework as a space-planning tool and the challenges agencies face in implementing it. It recommends developing guidance and tools to improve space utilization and telework implementation.
TTFT (blend_recompute_headwise, 不含预计算): 14299.40 ms
  选中 1325 个 token-head 对 / 532 runs, selection=20.64 ms, recompute=14188.56 ms
标准答案:
Federal agencies are exploring ways to use telework as a tool to reduce the federal footprint and use space more efficiently. GAO was asked to examine the effects of telework on agencies' space-planning efforts. In this report, GAO reviewed: (1) how the 23 civilian CFO Act agencies reported using telework in office space planning; (2) the specific ways selected agencies and GSA used telework in their office space planning; and (3) any challenges the civilian CFO Act agencies faced in using telework in office space planning. GAO surveyed all 23 civilian CFO Act agencies, analyzed each agency's space-planning documents, and Real Property Efficiency Plans . GAO reviewed four agencies in greater detail based on analysis of telework data and other factors. For those four agencies GAO conducted site visits, interviewed officials, and analyzed agency documents. GAO also identified challenges agencies faced in using telework in space planning, based on survey results, agency documents, and interviews. The 23 civilian Chief Financial Officer (CFO) Act agencies reported various ways of considering and using telework as a space-planning tool, by, for example, implementing desk-sharing for employees who telework in order to relinquish leased space, or increasing the number of staff working in an existing space without increasing its size. All of the 23 agencies discussed telework in the context of space planning and achieving greater space efficiencies in either their space-planning documents or Real Property Efficiency Plans . The agencies that used telework as a space-planning tool generally reported implementing smaller or unassigned workstations. Three of the four agencies GAO reviewed in greater detail––the General Services Administration (GSA); the Office of Justice Programs at the Department of Justice; the Centers for Disease Control at the Department of Health and Human Services; and the Bureau of the Fiscal Service at the Department of the Treasury––leveraged telework to reduce or use office space more efficiently. For example, GSA and the Office of Justice Programs used telework to accommodate more employees in a smaller office space as illustrated in figure 1 below. The Centers for Disease Control used telework to accommodate more employees in the same amount of space. The Bureau of the Fiscal Service reduced space without telework by reducing the size of individual workstations. The 23 civilian CFO Act agencies reported several challenges in using telework to reduce space including human capital issues, mission suitability, and measuring cost savings attributable to telework. About two-thirds of the agencies said they would find it helpful to have additional information, assistance, or resources in using telework as a space-planning tool. GSA provides guidance to improve space utilization. However, GAO found that GSA last developed relevant formal guidance in 2006. This information, and that on GSA's telework and space-planning websites, was neither specific nor detailed and therefore of limited assistance to agencies that would like to use telework as a space-planning tool. Additionally, GSA's space-planning tool—the Workplace Investment and Feasibility Tool, intended to help agencies quantify the benefits and costs of telework––remains under development after more than 4 years, and GSA officials have not decided whether to make the tool available to other federal agencies. As such, agencies reported that they lack adequate guidance to determine how best to reduce space or use it more efficiently, and how to assess the benefits and costs of using telework in space planning. GSA concurred with recommendations that GSA should: (1) develop guidance on how agencies can use telework as a strategic space-planning tool and make this guidance readily available and (2) complete and make the Workplace Investment and Feasibility Tool available to federal agencies for use in assessing the benefits and costs of telework.
ROUGE-L F1 (base vs ground_truth): 0.2951
ROUGE-L F1 (simple_concat_with_reposition vs ground_truth): 0.2442
ROUGE-L F1 (blend_recompute vs ground_truth): 0.2796
ROUGE-L F1 (blend_recompute_headwise vs ground_truth): 0.2550

----------------------------------------------------------------------
样本 15/200
context 前缀: IT systems supporting federal agencies and our nation’s critical infrastructures...
模型输入前 40 词:
<|im_start|>user You are given a report by a government agency. Read the report carefully. Report: IT systems supporting federal agencies and our nation’s critical infrastructures are inherently at risk. These systems are highly complex and dynamic, technologically diverse, and often ...
基线输出:
The report provides an in-depth analysis of cybersecurity challenges facing the United States, highlighting vulnerabilities in federal IT systems, critical infrastructure protection, and privacy concerns. Key findings include:

- IT systems supporting federal agencies and critical infrastructure are inherently at risk due to their complexity and interconnectedness.
- Challenges persist in establishing a comprehensive cybersecurity strategy, securing federal systems and information, protecting cyber critical infrastructure, and ensuring privacy and PII protection.
- Recommendations include developing a more comprehensive federal strategy, addressing global supply chain risks, improving cybersecurity workforce management, enhancing cyber incident response, and prioritizing efforts to protect privacy and PII.

</think>
TTFT (base): 4986.86 ms
simple_concat 输出:
### Summary of the report:

The report "Federal Government Cybersecurity: Strengthening Federal Cybersecurity: A Review of Selected Agencies’ Cybersecurity Programs" is a report that evaluates the cybersecurity efforts of 20 federal agencies, including the Department of Homeland Security (DHS), Department of Defense (DOD), Department of Defense (DOD), Department of Commerce (DOD), Department of Transportation (DOT), Department of Transportation (DOT), Department of Health and Human Services (DHS), Department of Homeland Security (DHS), and the Department of Education (DOE). The report highlights the following key points:

1. **Overview:**
The report evaluates the cybersecurity efforts of 24 federal agencies in the federal government, including the DOD, DOD, DHS, DOT, DOD, and DHS, and the Department of Health and Human Services (DHS) and Department of Education (DOE). It aims to assess the agencies' cybersecurity programs and assess the status of their cybersecurity strategies.

2. **Key Findings:**
   - **DHS:**
     - DHS has made progress in establishing a cybersecurity program for critical infrastructure security, but there are still gaps in the implementation of the Cybersecurity Framework, including a lack of a cybersecurity strategy, and the need for additional cybersecurity workforce development.
   - DHS has not fully implemented the Cybersecurity Framework for all 16 sectors.
   - The department has not addressed the risks associated with the implementation of the Framework for the Department of Defense, the Department of Homeland Security, the Department of Education, and the Department of Transportation.
   - The department has not fully implemented the cybersecurity program for the Department of Homeland Security and the Department of Education.
   - DHS has not yet fully implemented the Cybersecurity Framework for the Department of Defense.
   - DHS has not fully implemented the Cybersecurity Framework for the Department of Defense.
   - DHS’s cybersecurity strategy for the Department of Defense has not been finalized.
   - DHS has not implemented the Cybersecurity Framework for the Department of Defense.
   - DHS has not implemented the Cybersecurity Framework for the Department of Education.
   - DHS has not implemented the Cybersecurity Framework for the Department of Transportation.
   - DHS has not implemented the Cybersecurity Framework for the Department of Health and Human Services.
   - DHS has not implemented the Cybersecurity Framework for the Department of Education.
   - DHS has not implemented the Cybersecurity Framework for the Department of Health and Human Services.
   - DHS has not implemented the Cybersecurity Framework for the
TTFT (simple_concat, 不含预计算): 156.84 ms
blend_recompute 输出:
### Summary of the report:

The report "Federal Government Cybersecurity: Key Challenges and Recommendations" is a comprehensive review of the federal government's cybersecurity efforts in the United States. The report highlights the importance of cybersecurity for the federal government and the challenges the federal government faces in ensuring the security of its information systems and information systems. The report discusses the current state of cybersecurity in the federal government, including the government's cybersecurity strategy, policies, and programs. The report also addresses the challenges in the cybersecurity of critical infrastructure, the cyber threat landscape, and the role of the Cybersecurity and Infrastructure Security Agency (CISA). The report also examines the challenges in the cybersecurity of the Department of Homeland Security (DHS) and the Department of Defense (DOD) and identifies recommendations to address these challenges, including improving the federal government's cybersecurity program, ensuring that the Cybersecurity and Information Assurance (CISA) is properly implemented, and ensuring that agencies have the necessary resources and resources to implement the cybersecurity strategy. The report also notes that the government has not fully implemented the Cybersecurity and Information Assurance (CISA) program and that agencies need to improve their cybersecurity practices and practices to ensure that they are in compliance with the Cybersecurity and Information Assurance (CISA) standards. The report also recommends that agencies should establish a cybersecurity workforce that is capable of meeting the agency's cybersecurity requirements and that agencies should ensure that the cybersecurity workforce is adequately trained and supported. The report also recommends that the government should develop a comprehensive cybersecurity strategy that addresses the agency's unique cybersecurity needs, including the risks associated with the use of IoT devices and emerging technologies. The report also recommends that the government should establish a cybersecurity workforce that is capable of meeting the agency's cybersecurity requirements and that agencies should ensure that the cybersecurity workforce is adequately trained and supported. The report also recommends that the government should ensure that the cybersecurity workforce is adequately trained and supported. The report also recommends that the government should ensure that the cybersecurity workforce is adequately trained and supported. The report also recommends that the government should ensure that the cybersecurity workforce is adequately trained and supported. The report also recommends that the government should ensure that the cybersecurity workforce is adequately trained and supported. The report also recommends that the government should ensure that the cybersecurity workforce is adequately trained and supported. The report also recommends that the government should ensure that the cybersecurity workforce is adequately trained and supported. The report also recommends that the government should ensure that the cybersecurity workforce is adequately trained and supported. The report also recommends that the government should ensure that the cybersecurity workforce is adequately
TTFT (blend_recompute, 不含预计算): 292.97 ms
  选点 2885 tokens / 1325 runs, selection=54.06 ms, recompute=32.28 ms
blend_recompute_headwise 输出:
The Federal Government’s Progress on Addressing Cybersecurity Challenges: An Update

Summary: In August 2018, GAO reported on the progress of the federal government in addressing cybersecurity challenges. We identified the following key findings and recommendations:

- The Department of Homeland Security (DHS) has not fully implemented its cybersecurity strategy, as required by the National Cybersecurity Protection Act of 2014 and the Cybersecurity Act of 2015. Specifically, we found that DHS had not implemented a comprehensive plan for cybersecurity. The department agreed with our recommendation to develop a comprehensive cybersecurity strategy, but had not yet implemented it.

- Agencies had not fully defined the role of their Chief Information Security Officers (CISOs), as required by the Federal Information Security Management Act of 2002. We recommended that DHS clarify the role of CISOs and ensure that they have a clear understanding of their responsibilities. However, as of August 2018, none of the recommendations had been implemented.

- The Department of Defense (DOD) and the Federal Aviation Administration (FAA) had not implemented the recommendations to address the cybersecurity challenges in their respective sectors. For example, DOD had not implemented the recommendations to improve the effectiveness of its cybersecurity program, and FAA had not implemented the recommendations to address the cybersecurity risks to critical infrastructure.

- The Department of Defense had not fully implemented the recommendations to address the cybersecurity risks to its information systems, such as the National Cybersecurity and Communications Integration Center (NCCIC) and the Department of Homeland Security (DHS)’s Cybersecurity Strategy.

- The National Institute of Standards and Technology (NIST) had not implemented the recommendations to improve the security of federal information systems and address the cybersecurity risks associated with the use of smart grid technology.

- The Department of Defense had not implemented the recommendations to address the cybersecurity risks to the electricity grid.

- The Department of Homeland Security had not implemented the recommendations to address the cybersecurity risks to the cyber infrastructure and the cybersecurity of federal information systems.

- The Department of Defense had not implemented the recommendations to address the cybersecurity risks to the cyber infrastructure and the cybersecurity of federal information systems.

- The Department of Defense had not implemented the recommendations to address the cybersecurity risks to the cyber infrastructure and the cybersecurity of federal information systems.

- The Department of Defense had not implemented the recommendations to address the cybersecurity risks to the cyber infrastructure and the cybersecurity of federal information systems.

- The Department of Defense had not implemented the recommendations to address the cybersecurity risks to the cyber
TTFT (blend_recompute_headwise, 不含预计算): 36577.50 ms
  选中 2885 个 token-head 对 / 1234 runs, selection=54.38 ms, recompute=36325.20 ms
标准答案:
Federal agencies and the nation's critical infrastructures—such as energy, transportation systems, communications, and financial services—are dependent on information technology systems to carry out operations. The security of these systems and the data they use is vital to public confidence and national security, prosperity, and well-being. The risks to these systems are increasing as security threats evolve and become more sophisticated. GAO first designated information security as a government-wide high-risk area in 1997. This was expanded to include protecting cyber critical infrastructure in 2003 and protecting the privacy of personally identifiable information in 2015. This report provides an update to the information security high-risk area. To do so, GAO identified the actions the federal government and other entities need to take to address cybersecurity challenges. GAO primarily reviewed prior work issued since the start of fiscal year 2016 related to privacy, critical federal functions, and cybersecurity incidents, among other areas. GAO also reviewed recent cybersecurity policy and strategy documents, as well as information security industry reports of recent cyberattacks and security breaches. GAO has identified four major cybersecurity challenges and 10 critical actions that the federal government and other entities need to take to address them. GAO continues to designate information security as a government-wide high-risk area due to increasing cyber-based threats and the persistent nature of security vulnerabilities. GAO has made over 3,000 recommendations to agencies aimed at addressing cybersecurity shortcomings in each of these action areas, including protecting cyber critical infrastructure, managing the cybersecurity workforce, and responding to cybersecurity incidents. Although many recommendations have been addressed, about 1,000 have not yet been implemented. Until these shortcomings are addressed, federal agencies' information and systems will be increasingly susceptible to the multitude of cyber-related threats that exist. GAO has made over 3,000 recommendations to agencies since 2010 aimed at addressing cybersecurity shortcomings. As of August 2018, about 1,000 still needed to be implemented.
ROUGE-L F1 (base vs ground_truth): 0.2333
ROUGE-L F1 (simple_concat_with_reposition vs ground_truth): 0.2071
ROUGE-L F1 (blend_recompute vs ground_truth): 0.2386
ROUGE-L F1 (blend_recompute_headwise vs ground_truth): 0.2533

----------------------------------------------------------------------
样本 16/200
context 前缀: With the passage of the NDAA in December 2016, PLCY is to be led by an Under Sec...
模型输入前 40 词:
<|im_start|>user You are given a report by a government agency. Read the report carefully. Report: With the passage of the NDAA in December 2016, PLCY is to be led by an Under Secretary for Strategy, Policy, and Plans, who is ...
基线输出:
The report examines the Leadership, Strategy, and Policy Office (PLCY) within the Department of Homeland Security (DHS). It highlights PLCY's role as the lead office for policy and strategy, leading, conducting, and coordinating DHS-wide and cross-cutting policy development and implementation. The report notes PLCY's responsibilities, including leading statutory responsibilities, representing DHS in interagency efforts, and self-initiated activities. It identifies challenges in PLCY's ability to lead and coordinate policies due to ambiguous roles and a lack of predictable, accountable, and repeatable procedures. The report recommends that DHS finalize a delegation of authority or similar document to clearly define PLCY's missions, roles, and responsibilities, create processes and procedures to implement these, and use the DHS Workforce Planning Guide to identify and address workforce gaps. The report also recommends enhancing collaboration and communication mechanisms between PLCY and operational components to better identify and address emerging policy and strategy needs.
TTFT (base): 1536.60 ms
simple_concat 输出:
The report "Report on the Performance and Management of the Office of Policy and Strategy within the Department of Homeland Security (PLCY) and the Office of the Secretary" is a comprehensive review of the Office of Policy and Strategy (PLCY) and the Office of the Secretary (PLCY) of the Department of Homeland Security (DHS). The report was prepared by the Government Accountability Office (GAO) in collaboration with PLCY officials, and was published on May 10, 2018. The report highlights several key findings and recommendations for improving the performance and management of PLCY and the Office of the Secretary. Here is a summary of the report's purpose, key findings, and recommendations:

### Purpose:
The purpose of the report is to assess the performance and management of the Office of Policy and Strategy (PLCY) and the Office of the Secretary of the Department of Homeland Security (PLCY). The report aims to provide an assessment of the current state of these offices, their effectiveness, and their ability to support the DHS mission. The report also aims to identify areas for improvement and offers recommendations to improve performance and management of these offices.

### Key Findings:

1. **Strategic Planning Efforts:**
   - PLCY is a key office within the Department of Homeland Security that is responsible for developing, coordinating, and coordinating policy and strategy. The report notes that PLCY has a broad mandate and is responsible for leading, coordinating, and coordinating policies and strategies across the department.
   - PLCY officials noted that they have not always been able to effectively lead, coordinate, and coordinate policies and strategies across the department due to the lack of a clear definition of roles and responsibilities for PLCY.
   - PLCY has not yet developed a clear and effective policy planning process that ensures that PLCY’s staff and the other DHS components work together in a coordinated manner.
   - PLCY has not been able to effectively communicate its role and responsibilities to the Department of Homeland Security (DHS) leadership.
   - PLCY officials noted that the lack of a clear definition of PLCY’s role and responsibilities has resulted in a lack of alignment with DHS’s strategic goals and objectives.
   - PLCY has not been able to ensure that the policies and strategies developed by PLCY are effectively implemented across all DHS components.

2. **Policy and Strategy Development and Coordination:**
   - PLCY officials noted that PLCY’s efforts to lead, coordinate, and coordinate policies and strategies have been hampered by a lack of clear policies
TTFT (simple_concat, 不含预计算): 74.20 ms
blend_recompute 输出:
The report "Report on the Performance and Management of the Office of Policy and Strategy within the Department of Homeland Security (PLCY) and the Office of the Secretary" is a comprehensive review of the Office of Policy and Strategy (PLCY) and the Office of the Secretary (PLCY) of the Department of Homeland Security (DHS). The report was prepared by the Government Accountability Office (GAO) in collaboration with the Office of the Chief Information Officer (PLCY) and the Office of Management and Budget (OMB). The purpose of the report is to evaluate the performance and management of PLCY, including its organizational structure, leadership, and the effectiveness of the Office of the Secretary (PLCY) in aligning with the DHS mission and the broader DHS mission. The report highlights several key findings and recommendations. 

**Key Findings:**

1. **PLCY’s Mission and Functions:**
   - PLCY’s mission is to provide strategic direction, policy development, and policy coordination for DHS.
   - It coordinates policy and strategy development across the department and provides policy and strategy support to operational components.
   - PLCY has a role in the development and coordination of policies and strategies for the DHS National Cyber Strategy, the Homeland Security Strategy, and the National Strategy for Countering Weapons of Mass Destruction.
   - PLCY is responsible for leading, conducting, and coordinating DHS’s policy and strategy efforts, as well as providing policy and strategy support to the Secretary.
   - PLCY officials stated that PLCY is responsible for developing and coordinating policies and strategies, including those that are cross-cutting, and that PLCY officials are responsible for the coordination of all DHS policies and strategies that are cross-cutting.

2. **Leadership and Coordination:**
   - PLCY officials noted that PLCY officials are responsible for leading, conducting, and coordinating policies and strategies, including those that are cross-cutting.
   - PLCY officials also noted that PLCY officials are responsible for leading, conducting, and coordinating DHS’s policy and strategy efforts, as well as for developing and coordinating policies and strategies, including those that are cross-cutting.
   - PLCY officials have not yet been fully integrated into the DHS organizational structure and are not yet part of the DHS organizational structure.
   - PLCY officials stated that PLCY officials are responsible for leading, conducting, and coordinating policies and strategies, including those that are cross-cutting, and that PLCY officials are responsible for the coordination of all DHS policies and strategies that are cross-cutting.
TTFT (blend_recompute, 不含预计算): 114.49 ms
  选点 1135 tokens / 503 runs, selection=16.27 ms, recompute=24.93 ms
blend_recompute_headwise 输出:
The report assesses the Department of Homeland Security's (DHS) Homeland Security Policy and Strategy Office (PLCY) in terms of its workforce planning and policy development capabilities. PLCY, established in 2010, is responsible for developing and coordinating policies and strategies within DHS. The report identifies several challenges and opportunities for PLCY's workforce planning and policy development efforts. Key findings include:

- PLCY's role is critical for ensuring DHS's mission alignment and policy harmonization. However, PLCY's leadership and coordination mechanisms are lacking, leading to inconsistent communication and collaboration. PLCY lacks a clear process for identifying and addressing workforce gaps, and its workforce planning is not systematically aligned with DHS's strategic priorities.

- PLCY officials suggested that PLCY's role is unclear and that there are no clear mechanisms for leadership, coordination, and communication. PLCY officials noted that PLCY does not have a consistent process for strategy development and policymaking and that PLCY has not been able to effectively coordinate with other DHS components. PLCY officials acknowledged that PLCY has not been able to address workforce gaps and that PLCY lacks a consistent process for workforce planning.

- PLCY officials suggested that PLCY should develop a mechanism to identify and address workforce gaps and that PLCY should establish processes and procedures for its strategy development and policymaking efforts. PLCY officials also suggested that PLCY should use the DHS Workforce Planning Guide to identify and address workforce gaps and that PLCY should be able to communicate the results of these efforts to DHS leadership.

- PLCY officials suggested that PLCY should use the DHS Workforce Planning Guide to identify and address workforce gaps and that PLCY should be able to communicate the results of these efforts to DHS leadership. PLCY officials also suggested that PLCY should use the DHS Workforce Planning Guide to identify and address workforce gaps and that PLCY should be able to communicate the results of these efforts to DHS leadership.

- PLCY officials suggested that PLCY should use the DHS Workforce Planning Guide to identify and address workforce gaps and that PLCY should be able to communicate the results of these efforts to DHS leadership. PLCY officials also suggested that PLCY should use the DHS Workforce Planning Guide to identify and address workforce gaps and that PLCY should be able to communicate the results of these efforts to DHS leadership.

- PLCY officials suggested that PLCY should use the DHS Workforce Planning Guide to identify and address workforce gaps and that PLCY should be able to communicate the results of these efforts to DHS leadership. PLCY officials
TTFT (blend_recompute_headwise, 不含预计算): 11711.96 ms
  选中 1135 个 token-head 对 / 443 runs, selection=16.73 ms, recompute=11620.10 ms
标准答案:
GAO has designated DHS management as high risk because of challenges in building a cohesive department. PLCY supports cohesiveness by, among other things, coordinating departmentwide policy and strategy. In the past, however, questions have been raised about PLCY's efficacy. In December 2016, the NDAA codified PLCY's organizational structure, roles, and responsibilities. GAO was asked to evaluate PLCY's effectiveness. This report addresses the extent to which (1) DHS established an organizational structure and processes and procedures that position PLCY to be effective, (2) DHS and PLCY have ensured alignment of workforce with priorities, and (3) PLCY has engaged relevant component staff to help identify and respond to emerging needs. GAO analyzed the NDAA, documents describing specific responsibilities, and departmentwide policies and strategies. GAO also interviewed officials in PLCY and all eight operational components. According to our analysis and interviews with operational components, the Department of Homeland Security's (DHS) Office of Strategy, Policy, and Plans' (PLCY) organizational structure and efforts to lead and coordinate departmentwide and crosscutting strategies—a key organizational objective–have been effective. For example, PLCY's coordination efforts for a strategy and policy executive steering committee have been successful, particularly for strategies. However, PLCY has encountered challenges leading and coordinating efforts to develop, update, or harmonize policies that affect multiple DHS components. In large part, these challenges are because DHS does not have clearly-defined roles and responsibilities with accompanying processes and procedures to help PLCY lead and coordinate policy in a predictable, repeatable, and accountable manner. Until PLCY's roles and responsibilities for policy are more clearly defined and corresponding processes and procedures are in place, situations where the lack of clarity hampers PLCY's effectiveness in driving policy are likely to continue. Development of a delegation of authority, which involves reaching agreement about PLCY's roles and responsibilities and clearly documenting them, had been underway. However, it stalled due to changes in department leadership. As of May 2018, the effort had been revived, but it is not clear whether and when DHS will finalize it. PLCY does some workforce planning as part of its annual budgeting process, but does not systematically apply key principles of the DHS Workforce Planning Guide to help ensure that PLCY's workforce aligns with its and DHS's priorities and goals. According to PLCY officials, the nature of its mission requires a flexible staffing approach. As such, a portion of the staff functions as generalists who can be assigned to meet the needs of different situations, including unexpected changing priorities due to an emerging need. However, shifting short-term priorities requires tradeoffs, which may divert attention and resources from longer-term priorities. As of June 5, 2018, PLCY also had a number of vacancies in key leadership positions, which further limited attention to certain priorities. According to PLCY officials, PLCY recently began a review to identify the office's authorities in the National Defense Authorization Act for Fiscal Year 2017 (NDAA) and other statutes, compare these authorities to the current organization and operations, and address any workforce capacity gaps. Employing workforce planning principles—in particular, systematic identification of workforce demand, capacity gaps, and strategies to address them—consistent with the DHS Workforce Planning Guide could better position PLCY to use its workforce as effectively as possible under uncertain conditions and to communicate effectively with DHS leadership about tradeoffs. Officials from PLCY and DHS operational components praised existing mechanisms to coordinate and communicate at the senior level, especially about strategy, but component officials identified opportunities to better connect PLCY and component staff to improve communication flow about emerging policy and strategy needs. Among the ideas offered by component officials to enhance communication and collaboration were holding routine small-group meetings, creating forums for periodic knowledge sharing, and maintaining accurate and up-to-date contact information for all staff-level stakeholders. GAO is making four recommendations. DHS concurred with three recommendations, including that DHS finalize a delegation of authority defining PLCY's roles and responsibilities and develop corresponding processes and procedures. DHS did not concur with a recommendation to apply the DHS Workforce Planning Guide to identify and communicate workforce needs. GAO believes this recommendation is valid as discussed in the report.
ROUGE-L F1 (base vs ground_truth): 0.2369
ROUGE-L F1 (simple_concat_with_reposition vs ground_truth): 0.2570
ROUGE-L F1 (blend_recompute vs ground_truth): 0.2123
ROUGE-L F1 (blend_recompute_headwise vs ground_truth): 0.2789

----------------------------------------------------------------------
样本 17/200
context 前缀: The Robert T. Stafford Disaster Relief and Emergency Assistance Act (Stafford Ac...
模型输入前 40 词:
<|im_start|>user You are given a report by a government agency. Read the report carefully. Report: The Robert T. Stafford Disaster Relief and Emergency Assistance Act (Stafford Act), as amended, establishes the process for states or tribal entities to request a ...
基线输出:
**Summary of the Report**

The report discusses the Robert T. Stafford Disaster Relief and Emergency Assistance Act (Stafford Act) and its implementation by the Federal Emergency Management Agency (FEMA). It covers the process for states or tribal entities to request a presidential disaster declaration, the federal government's role during the response and recovery, and the IA program, which provides financial and direct assistance to disaster victims. Key findings include:

- FEMA uses six IA regulatory factors to evaluate disaster declarations: concentration of damages, trauma, special populations, voluntary agency assistance, insurance coverage, and average amount of individual assistance by state.
- FEMA regional offices evaluate IA requests using the RVAR template, which lists elements related to each factor.
- States and tribes must provide information on these factors when submitting their IA declaration request.
- FEMA headquarters officials acknowledge that some regions may not document all elements of the IA regulatory factors due to subjective nature, lack of eligibility thresholds, and difficulty gathering information.
- FEMA is revising the IA regulatory factors to include state fiscal capacity and resource availability, uninsured home and personal property losses, disaster-impacted population profile, impact to community infrastructure, casualties, and disaster-related unemployment.
- The report recommends that FEMA evaluate why regions are not completing the Regional Administrator’s Validation and Recommendations for each element of the IA regulatory factors and take corrective steps, if necessary.

**Contact Information**

For more information, please contact:
- Aditi Archer (Assistant Director)
- Su Jin Yon (Analyst-In-Charge)
- Hiwotte Amare
- Eric Hauswirth
- Susan Hsu
- Jun S. (Joyce) Kang
- Christopher Keisling
- Heidi Nielson
- Hadley Nobles
- Anne Rhodes-Kline
- Jerome (Jerry) Sandau
TTFT (base): 946.37 ms
simple_concat 输出:
The report "Federal Assistance to Individuals and Households Affected by Natural Disasters: A Review of FEMA’s Individual Assistance Program" is a comprehensive analysis of the Federal Emergency Management Agency (FEMA)’s Individual Assistance (IA) program, focusing on the disaster declarations made by FEMA regions and states in the United States. The report aims to provide an in-depth examination of the IA program's effectiveness in disaster response, particularly in addressing the needs of individuals and households affected by disasters. The study involved 10 FEMA regions and 11 states, examining how states and tribes have reported on the IA declarations they have received and the factors considered by FEMA in making IA requests for disaster declarations. 

The report finds that while FEMA has provided significant assistance through the IA program, there are challenges in collecting and documenting information on the IA regulatory factors, which are critical for the IA declaration process. Key findings include:

1. **Challenges in Documenting IA Regulatory Factors**: FEMA headquarters officials acknowledged the subjective nature of the IA regulatory factors, noting that FEMA does not have a set threshold for the six regulatory factors and that FEMA regions do not consistently obtain and document all elements of these factors, which can lead to inconsistencies and inconsistencies in disaster declarations.

2. **Lack of Transparency**: Officials from FEMA regions and state emergency management officials expressed concerns about the lack of transparency in the IA declaration process, with FEMA not providing a clear rationale for denying IA declarations and the difficulty in providing a detailed rationale for denial.

3. **Data Collection Challenges**: FEMA officials stated that the data collection for IA declarations is resource-intensive and that the use of total taxable resources and per capita personal income as the basis for determining IA declarations is outdated and inaccurate, leading to difficulties in assessing a state's capacity to provide assistance.

4. **Regional Differences**: FEMA regions have different approaches to disaster declarations, with some states and tribes requiring state-level declarations and others requiring tribal-level declarations, which can complicate the process.

The report recommends that FEMA should evaluate the factors in the IA regulatory factors to ensure consistency and clarity, particularly in the IA declaration process, to better align with the IA regulatory factors and to provide more accurate and consistent information to states and tribes.

The report recommends that FEMA should also ensure that the data collection process for IA declarations is more transparent, and that FEMA should develop and provide guidance on the use of the six IA regulatory factors, and ensure that states and tribes are provided with adequate information and resources to prepare and submit IA declarations effectively. Additionally, the report recommends that FEMA should consider
TTFT (simple_concat, 不含预计算): 57.36 ms
blend_recompute 输出:
The report "Federal Assistance to Individuals and Households Affected by Natural Disasters: A Review of FEMA's Individual Assistance (IA) Program" examines the disaster declaration process for FEMA's Individual Assistance (IA) program, which is a critical part of FEMA's disaster relief efforts. The purpose of the report is to assess the process FEMA uses to determine whether to declare a disaster and to evaluate how well FEMA is implementing the six regulatory factors for IA declarations. The report found that FEMA’s regional offices, FEMA headquarters, and state and tribal officials have made significant progress in improving the IA process. However, FEMA officials acknowledged that there are challenges in implementing the IA program, including the subjective nature of the IA regulatory factors, the lack of a consistent approach to document the IA regulatory factors, and the need for FEMA headquarters to establish a uniform method for evaluating the IA declarations. FEMA has implemented several changes to improve the IA process, including the development of a new IA regulatory factor and the development of the Regional Administrator’s Validation and Recommendation (RVAR) for IA declarations. However, FEMA officials also acknowledged that there is still room for improvement in the IA process, including the lack of a consistent method for evaluating the IA regulatory factors and the need for FEMA headquarters to provide a more detailed rationale for IA declaration requests. The report recommends that FEMA should evaluate why regions are not completing the RVAR for all elements of the IA regulatory factors and take corrective steps if necessary. The report also recommends that FEMA should establish a uniform method for evaluating the IA regulatory factors and provide a more detailed rationale for IA declaration requests.
TTFT (blend_recompute, 不含预计算): 95.65 ms
  选点 806 tokens / 326 runs, selection=12.15 ms, recompute=24.64 ms
blend_recompute_headwise 输出:
The report assesses the disaster declaration and individual assistance (IA) processes of the Federal Emergency Management Agency (FEMA) across 11 states and one U.S. territory. It identifies several challenges in FEMA's IA process, including the subjective nature of the regulatory factors, lack of transparency in the evaluation process, and difficulty gathering information on IA regulatory factors. FEMA's regional offices are required to evaluate IA declarations and make recommendations to the President based on the six regulatory factors. FEMA headquarters officials noted that FEMA's regional offices are not consistently obtaining and documenting all elements of the IA regulatory factors. FEMA is working on developing a new template to address this issue. FEMA officials also stated that FEMA headquarters will review the states' or tribes' IA declaration requests and provide recommendations to the President based on the IA regulatory factors. FEMA officials stated that FEMA's regional offices are not consistently obtaining and documenting all elements of the IA regulatory factors. FEMA is working on developing a new template to address this issue. FEMA officials also stated that FEMA headquarters will review the states' or tribes' IA declaration requests and provide recommendations to the President based on the IA regulatory factors. FEMA officials stated that FEMA's regional offices are not consistently obtaining and documenting all elements of the IA regulatory factors. FEMA is working on developing a new template to address this issue. FEMA officials stated that FEMA headquarters will review the states' or tribes' IA declaration requests and provide recommendations to the President based on the IA regulatory factors. FEMA officials stated that FEMA's regional offices are not consistently obtaining and documenting all elements of the IA regulatory factors. FEMA is working on developing a new template to address this issue. FEMA officials stated that FEMA headquarters will review the states' or tribes' IA declaration requests and provide recommendations to the President based on the IA regulatory factors. FEMA officials stated that FEMA's regional offices are not consistently obtaining and documenting all elements of the IA regulatory factors. FEMA is working on developing a new template to address this issue. FEMA officials stated that FEMA headquarters will review the states' or tribes' IA declaration requests and provide recommendations to the President based on the IA regulatory factors. FEMA officials stated that FEMA's regional offices are not consistently obtaining and documenting all elements of the IA regulatory factors. FEMA is working on developing a new template to address this issue. FEMA officials stated that FEMA headquarters will review the states' or tribes' IA declaration requests and provide recommendations to the President based on the IA regulatory factors. FEMA officials stated that FEMA's regional offices are not consistently obtaining and documenting all elements of the IA regulatory factors. FEMA is
TTFT (blend_recompute_headwise, 不含预计算): 7912.52 ms
  选中 806 个 token-head 对 / 296 runs, selection=12.48 ms, recompute=7835.87 ms
标准答案:
FEMA's IA program provides help to individuals to meet their immediate needs after a disaster, such as shelter and medical expenses. When a state, U.S. territory, or tribe requests IA assistance through a federal disaster declaration, FEMA evaluates the request against regulatory factors, such as concentration of damages, and provides a recommendation to the President, who makes a final declaration decision. GAO was asked to review FEMA's IA declaration process. This report examines (1) the number of IA declaration requests received, declared, and denied, and IA actual obligations from calendar years 2008 through 2016, (2) the extent to which FEMA accounts for the regulatory factors when evaluating IA requests, and (3) any challenges FEMA regions and select states reported on the declaration process and factors and any FEMA actions to revise them. GAO reviewed FEMA's policies, IA declaration requests and obligation data, and FEMA's RVARs from July 2012 through December 2016, the most recent years for which data were available. GAO also reviewed proposed rulemaking comments and interviewed FEMA officials from all 10 regions and 11 state emergency management offices selected based on declaration requests and other factors. From calendar years 2008 through 2016, the Department of Homeland Security's (DHS) Federal Emergency and Management Agency (FEMA) received 294 Individual Assistance (IA) declaration requests from states, U.S. territories, and tribes to help individuals meet their immediate needs after a disaster. Of these, the President declared 168 and denied 126 requests. Across the various types of IA declaration requests, severe storms (190) were the most common disaster type and drought (1) was among the least common. FEMA obligated about $8.6 billion in IA for disaster declarations during this period. GAO found that FEMA regions did not consistently obtain and document information on all elements of established IA regulatory factors when making IA recommendations to headquarters. Following a declaration request, a FEMA region is to prepare a Regional Administrator's Validation and Recommendation (RVAR)—a document designed to include data on each of the six IA regulatory factors for each declaration request as well as the regional administrator's recommendation. GAO reviewed all 81 RVARs from July 2012—the date FEMA began using the new RVAR template—through December 2016. GAO found that regions did not consistently obtain and document information for the elements required under the six regulatory factors (see table). For example, only 44 of the 81 RVARs documented all elements under the concentration of damage factor. By evaluating why regions are not completing all elements of each current IA regulatory factor, FEMA could identify whether any corrective steps are needed. Officials from the 10 FEMA regions and 11 states GAO interviewed, reported positive relationships with each other, but also cited various challenges with the IA declaration process and regulatory factors. For example, these officials told GAO that there are no established minimum thresholds for IA, making final determinations more subjective and the rationale behind denials unclear. However, as required by the Sandy Recovery Improvement Act of 2013, FEMA has taken steps to revise the IA factors by issuing a notice of proposed rulemaking. According to FEMA, the proposed rule aims to provide more objective criteria, clarify the threshold for eligibility, and speed up the IA declaration process. As of April 2018, the proposed rule was still under consideration. According to FEMA officials, they plan to finalize the rule in late 2018; therefore, it is too early to know the extent to which it will address these challenges. GAO recommends that FEMA evaluate why regions are not completing the RVARs for each element of the current IA regulatory factors and take corrective steps, if necessary. DHS concurred with the recommendation.
ROUGE-L F1 (base vs ground_truth): 0.2787
ROUGE-L F1 (simple_concat_with_reposition vs ground_truth): 0.2863
ROUGE-L F1 (blend_recompute vs ground_truth): 0.2959
ROUGE-L F1 (blend_recompute_headwise vs ground_truth): 0.2545

----------------------------------------------------------------------
样本 18/200
context 前缀: The Forest Service’s mission includes sustaining the nation’s forests and grassl...
模型输入前 40 词:
<|im_start|>user You are given a report by a government agency. Read the report carefully. Report: The Forest Service’s mission includes sustaining the nation’s forests and grasslands; managing the productivity of those lands for the benefit of citizens; conserving open space; ...
基线输出:
The report assesses the Forest Service's internal controls over budget execution processes, including allotments of budgetary resources, administrative control of funds, and unliquidated obligations. Key findings include deficiencies in processes and control activities for allotments, unliquidated obligations, reimbursements, and administrative control of funds. Recommendations include revising processes, designing and implementing related control activities, and updating manuals and handbooks to comply with USDA policy. The report also highlights the need for improved monitoring and review processes.
TTFT (base): 2086.41 ms
simple_concat 输出:
The Forest Service’s financial management system, including its internal control system, is not in compliance with the requirements of the Government Performance and Performance Information and Integrity Act. Specifically, the Forest Service’s financial management system does not include the following key components:

1. The Forest Service’s financial management system does not have a process for tracking and reviewing unliquidated obligations that have been issued and outstanding. This lack of tracking and review increases the risk of unliquidated obligations not being used or reported. The Forest Service’s process for reviewing unliquidated obligations is not documented in its manuals and handbooks, which are not reviewed by management. Additionally, the Forest Service did not have a process for reviewing unliquidated obligations for fire incident cooperative agreements, which are agreements between the Forest Service and other government agencies for fire suppression. The Forest Service’s policies and procedures for fire incident cooperative agreements do not address the risk of unliquidated obligations not being used or reported. The Forest Service’s policies and procedures do not include a process for reviewing unliquidated obligations for reimbursable agreements, which are agreements for reimbursable expenses, and do not include a process for reviewing unliquidated obligations for reimbursable agreements. The Forest Service’s manuals and handbooks do not adequately describe the processes and related control activities for reviewing unliquidated obligations. The Forest Service has not documented the processes and related control activities for reviewing unliquidated obligations and have not reviewed and updated them. The Forest Service’s manuals and handbooks do not include a process for reviewing unliquidated obligations for unliquidated obligations. The Forest Service’s manuals and handbooks do not include a process for reviewing unliquidated obligations for unliquidated obligations for fire incident cooperative agreements. The Forest Service’s manuals and handbooks do not include a process for reviewing unliquidated obligations for reimbursable agreements. The Forest Service has not documented the processes and related control activities for reviewing unliquidated obligations for reimbursable agreements. The Forest Service has not documented the processes and related control activities for reviewing unliquidated obligations for reimbursable agreements. The Forest Service has not documented the processes and related control activities for reviewing unliquidated obligations for reimbursable agreements. The Forest Service has not documented the processes and related control activities for reviewing unliquidated obligations for reimbursable agreements. The Forest Service has not documented the processes and related control activities for reviewing unliquidated obligations for reimbursable agreements. The Forest Service has not documented the processes and related control activities for reviewing unliquidated obligations for
TTFT (simple_concat, 不含预计算): 94.38 ms
blend_recompute 输出:
The Forest Service’s financial management system, including its internal control system, is not in compliance with the requirements of the Government Performance and Performance Information and Integrity Act. Specifically, the Forest Service’s budgeting and budgetary processes do not comply with the requirements of the Act because the agency does not have a policy that establishes the basis for the preparation of budgetary estimates and the preparation of financial statements. The Forest Service’s budgeting and budgetary processes do not comply with the requirements of the Act because the Forest Service does not have an effective budgeting and budgetary process that is based on historical financial information, and the Forest Service does not have an adequate process and related control activities for reconciling unliquidated obligations. The Forest Service does not have a budgetary process for monitoring and reporting of unliquidated obligations. The Forest Service does not have a budgetary process for monitoring and reporting of unliquidated obligations. The Forest Service’s budgetary process does not comply with the requirements of the Federal Financial Management System. The Forest Service’s budgetary process does not comply with the requirements of the Federal Financial Management System. The Forest Service does not have a budgetary process for monitoring and reporting of unliquidated obligations. The Forest Service’s budgetary process does not comply with the requirements of the Federal Financial Management System. The Forest Service does not have a budgetary process for monitoring and reporting of unliquidated obligations. The Forest Service does not have a budgetary process for monitoring and reporting of unliquidated obligations. The Forest Service does not have a budgetary process for monitoring and reporting of unliquidated obligations. The Forest Service does not have a budgetary process for monitoring and reporting of unliquidated obligations. The Forest Service does not have a budgetary process for monitoring and reporting of unliquidated obligations. The Forest Service does not have a budgetary process for monitoring and reporting of unliquidated obligations. The Forest Service does not have a budgetary process for monitoring and reporting of unliquidated obligations. The Forest Service does not have a budgetary process for monitoring and reporting of unliquidated obligations. The Forest Service does not have a budgetary process for monitoring and reporting of unliquidated obligations. The Forest Service does not have a budgetary process for monitoring and reporting of unliquidated obligations. The Forest Service does not have a budgetary process for monitoring and reporting of unliquidated obligations. The Forest Service does not have a budgetary process for monitoring and reporting of unliquidated obligations. The Forest Service does not have a budgetary
TTFT (blend_recompute, 不含预计算): 146.73 ms
  选点 1583 tokens / 715 runs, selection=22.66 ms, recompute=24.95 ms
blend_recompute_headwise 输出:
The report assesses the Forest Service's internal control over budget execution processes, particularly focusing on allotments of budgetary resources, reimbursable agreements, and unliquidated obligations. Key findings include:

- The Forest Service lacks documented processes and control activities to reasonably assure that allotments of budgetary resources are used efficiently and effectively.
- The Forest Service does not have adequate processes and control activities to reasonably assure that unliquidated obligations are reviewed and certified in a timely manner.
- The Forest Service lacks processes and related control activities to reasonably assure that its reimburseable agreements are reviewed and certified.
- The Forest Service lacks processes and related control activities to reasonably assure that unliquidated obligations are reviewed and certified.

Recommendations include:

- Developing processes and related control activities to ensure allotments of budgetary resources are used efficiently and effectively.
- Designing, documenting, and implementing processes and related control activities for reviewing and certifying unliquidated obligations.
- Designing, documenting, and implementing processes and related control activities for reviewing and certifying reimburseable agreements.
- Designing, documenting, and implementing processes and related control activities for reviewing and certifying unliquidated obligations.

</summary>
TTFT (blend_recompute_headwise, 不含预计算): 17149.36 ms
  选中 1583 个 token-head 对 / 638 runs, selection=25.19 ms, recompute=17022.35 ms
标准答案:
The Forest Service, an agency within USDA, performs a variety of tasks as steward of 193 million acres of public forests and grasslands. Its budget execution process for carrying out its mission includes (1) allotments, which are authorizations by an agency to incur obligations within a specified amount, and (2) unliquidated obligations, which represent budgetary resources that have been committed but not yet paid. Deobligation refers to an agency's cancellation or downward adjustments of previously incurred obligations, which may result in funds that may be available for reobligation. GAO was asked to review the Forest Service's internal controls over its budget execution processes. This report examines the extent to which the Forest Service properly designed control activities over (1) allotments of budgetary resources, its system for administrative control of funds, and any fund transfers between Forest Service appropriations; (2) reimbursables and related collections; and (3) review and certification of unliquidated obligations. GAO reviewed the Forest Service's policies, procedures, and other documentation and interviewed agency officials. In fiscal years 2015 and 2016, the Forest Service received discretionary no-year appropriations of $5.1 billion and $5.7 billion, respectively. It is critical for the Forest Service to manage its budgetary resources efficiently and effectively. While the Forest Service had processes over certain of its budget execution activities, GAO found the following internal control deficiencies: Budgetary resources . The purpose statute requires that amounts designated in appropriations acts for specific purposes are used as designated. The Forest Service did not have an adequate process and related control activities to reasonably assure that amounts were used as designated. In fiscal year 2017, GAO issued a legal opinion that the Forest Service had failed to comply with the purpose statute with regard to a $65 million line-item appropriation specifically provided for the purpose of acquiring aircraft for the next-generation airtanker fleet. Further, the Forest Service lacked a process and related control activities to reasonably assure that unobligated no-year appropriation balances from prior years were reviewed for their continuing need; did not have a properly designed system for administrative control of funds, which keeps obligations and expenditures from exceeding limits authorized by law; and had not properly designed control activities for fund transfers to its Wildland Fire Management program. These deficiencies increase the risk that the Forest Service may make budget requests in excess of its needs. Reimbursable agreements . To carry out its mission, the Forest Service enters into reimbursable agreements with agencies within the U.S. Department of Agriculture (USDA), other federal agencies, state and local government agencies, and nongovernment entities. The Forest Service (1) did not have adequately described processes and related control activities in manuals and handbooks for its reimbursable agreement processes and (2) lacked control activities related to segregating incompatible duties performed by line officers and program managers. For example, line officers may be responsible for initiating cost sharing agreements, modifying cost settlement packages, and changing or canceling the related receivable, which represent incompatible duties. As a result, programs and resources may not be protected from waste, fraud, and mismanagement. Unliquidated obligations . The Forest Service's processes and control activities over the review and certification of unliquidated obligations were not properly designed to reasonably assure the best use of funds and that unliquidated obligations would be efficiently and effectively deobligated and made available for other program needs. Further, the current process, as designed, was inconsistent with USDA and Forest Service policy. In addition, the Forest Service's manuals and handbooks, which provide directives for the areas that GAO reviewed, had not been reviewed by management in accordance with the Forest Service's 5-year review policy. Further, standard operating procedures and desk guides prepared by staff to supplement the manuals and handbooks were not issued as directives and therefore were not considered official policy. This increases the risk that control activities may not be consistently performed across the agency. GAO is making 11 recommendations to improve processes and related internal control activities over the management of the Forest Service's budgetary resources, reimbursable receivables and collections, and its process for reviewing unliquidated obligations. The Forest Service generally agreed with the report and stated that it has made significant progress to address the report findings.
ROUGE-L F1 (base vs ground_truth): 0.2105
ROUGE-L F1 (simple_concat_with_reposition vs ground_truth): 0.2589
ROUGE-L F1 (blend_recompute vs ground_truth): 0.1626
ROUGE-L F1 (blend_recompute_headwise vs ground_truth): 0.2258

----------------------------------------------------------------------
样本 19/200
context 前缀: Article II, Section 2, of the Constitution provides that the President shall app...
模型输入前 40 词:
<|im_start|>user You are given a report by a government agency. Read the report carefully. Report: Article II, Section 2, of the Constitution provides that the President shall appoint officers of the United States "by and with the Advice and Consent ...
基线输出:
The report provides an in-depth analysis of the confirmation process for presidential appointments to government positions. It covers the background of the process, the criteria for confirmation, the number and types of appointments, and the challenges faced by the Senate in the confirmation process. The report also details the methods used by the Senate to review nominations and the procedures followed in the confirmation process. The report concludes with recommendations for improving the confirmation process and reducing delays.
TTFT (base): 1376.85 ms
simple_concat 输出:
The Senate rules of the United States Senate, as outlined in the Senate Rules XXI through XXVII, provide a detailed framework for the legislative process of the Senate, a legislative body of the United States Congress. The Senate is one of the two chambers of the United States Congress, alongside the House of Representatives. These rules are designed to ensure that the Senate operates efficiently and effectively in carrying out its responsibilities. The rules outline the procedures for the conduct of the Senate, including the rules of debate, voting procedures, and the rules of order. The Senate's rules are designed to be flexible, with the rules of the Senate often amended by the Senate itself through the Senate Rules Committee. The Senate's rules are an important tool for the Senate to maintain its independence and independence from the President of the United States. The Senate rules are designed to balance the interests of the President and the public by ensuring that nominations are considered and acted upon promptly. The Senate rules are a key tool for the Senate to ensure that nominations are considered and acted upon promptly. The Senate rules are designed to ensure that the Senate operates efficiently and effectively in carrying out its responsibilities. The Senate is one of the two chambers of the United States Congress, alongside the House of Representatives. The Senate is a legislative body that is responsible for considering and approving nominations for executive branch positions. The Senate rules are designed to provide a structured and fair process for this process. The Senate rules are designed to ensure that nominations are considered and acted upon promptly. The Senate rules are an important tool for the Senate to maintain its independence and independence from the President of the United States. The Senate rules are designed to balance the interests of the President and the public by ensuring that nominations are considered and acted upon promptly. The Senate rules are designed to ensure that nominations are considered and acted upon promptly. The Senate is a legislative body that is responsible for considering and approving nominations for executive branch positions. The Senate is a legislative body that is responsible for considering and approving nominations for executive branch positions. The Senate is a legislative body that is responsible for considering and approving nominations for executive branch positions. The Senate is a legislative body that is responsible for considering and approving nominations for executive branch positions. The Senate is a legislative body that is responsible for considering and approving nominations for executive branch positions. The Senate is a legislative body that is responsible for considering and approving nominations for executive branch positions. The Senate is a legislative body that is responsible for considering and approving nominations for executive branch positions. The Senate is a legislative body that is responsible for considering and approving
TTFT (simple_concat, 不含预计算): 65.34 ms
blend_recompute 输出:
The Senate rules of the United States Senate, as outlined in the Senate Rules XXI through XXVII, provide a detailed framework for the legislative and procedural procedures that guide the Senate's operation. These rules govern the conduct of the Senate, including the procedures for raising questions of privilege, the rules of debate, the rules of order, and the rules of the Senate. The Senate's rules are not found in the Constitution, but rather are established by the Senate itself. The rules are intended to provide a fair and orderly process for the Senate's operation, and they are reviewed and revised periodically. The Senate rules are designed to ensure that Senators have the opportunity to participate in the legislative process and to consider legislation. The Senate rules are subject to the rules of the Senate, which are established by the Senate itself. The Senate rules are designed to be flexible and adaptable to the needs of the Senate, and they are subject to the Senate's rules of procedure. The Senate rules are subject to the Senate's rules of order, which are established by the Senate. The Senate rules are designed to be flexible and adaptable to the needs of the Senate, and they are subject to the Senate's rules of order. The Senate rules are subject to the Senate's rules of the Senate, which are established by the Senate. The Senate rules are designed to be flexible and adaptable to the needs of the Senate, and they are subject to the Senate's rules of procedure. The Senate rules are subject to the Senate's rules of order, which are established by the Senate. The Senate rules are designed to be flexible and adaptable to the needs of the Senate, and they are subject to the Senate's rules of order. The Senate rules are subject to the Senate's rules of the Senate, which are established by the Senate. The Senate rules are designed to be flexible and adaptable to the needs of the Senate, and they are subject to the Senate's rules of procedure. The Senate rules are subject to the Senate's rules of order, which are established by the Senate. The Senate rules are designed to be flexible and adaptable to the needs of the Senate, and they are subject to the Senate's rules of order. The Senate rules are subject to the Senate's rules of the Senate, which are established by the Senate. The Senate rules are designed to be flexible and adaptable to the needs of the Senate, and they are subject to the Senate's rules of procedure. The Senate rules are subject to the Senate's rules of order, which are established by the Senate. The Senate rules are
TTFT (blend_recompute, 不含预计算): 103.88 ms
  选点 991 tokens / 444 runs, selection=13.73 ms, recompute=24.66 ms
blend_recompute_headwise 输出:
The report provides an overview of the Senate's confirmation process for executive branch nominations, focusing on the procedural rules, the process of nominations, and the potential impact of recent changes in Senate rules. It explains how nominations are referred to the Senate, the role of the Senate Majority Leader, and the Senate's rules on cloture and unanimous consent. The report discusses the Senate's practice of referring nominations to committees for consideration and the timing of the Senate's consideration of nominations. It also covers the Senate's practice of referring nominations to committees for consideration and the timing of the Senate's consideration of nominations. The report provides information on the Senate's practice of referring nominations to committees for consideration and the timing of the Senate's consideration of nominations. It also covers the Senate's practice of referring nominations to committees for consideration and the timing of the Senate's consideration of nominations.
TTFT (blend_recompute_headwise, 不含预计算): 10578.44 ms
  选中 991 个 token-head 对 / 392 runs, selection=15.38 ms, recompute=10493.87 ms
标准答案:
Article II, Section 2, of the Constitution provides that the President shall appoint officers of the United States "by and with the Advice and Consent of the Senate." This report describes the process by which the Senate provides advice and consent on presidential nominations, including receipt and referral of nominations, committee practices, and floor procedure. Committees play the central role in the process through investigations and hearings. Senate Rule XXXI provides that nominations shall be referred to appropriate committees "unless otherwise ordered." Most nominations are referred, although a Senate standing order provides that some "privileged" nominations to specified positions will not be referred unless requested by a Senator. The Senate rule concerning committee jurisdictions (Rule XXV) broadly defines issue areas for committees, and the same jurisdictional statements generally apply to nominations as well as legislation. A committee often gathers information about a nominee either before or instead of a formal hearing. A committee considering a nomination has four options. It can report the nomination to the Senate favorably, unfavorably, or without recommendation, or it can choose to take no action. It is more common for a committee to take no action on a nomination than to reject a nominee outright. The Senate handles executive business, which includes both nominations and treaties, separately from its legislative business. All nominations reported from committee are listed on the Executive Calendar, a separate document from the Calendar of Business, which lists pending bills and resolutions. Generally speaking, the majority leader schedules floor consideration of nominations on the Calendar. Nominations are considered in "executive session," a parliamentary form of the Senate in session that has its own journal and, to some extent, its own rules of procedure. The Senate can call up a nomination expeditiously, because a motion to enter executive session to consider a specific nomination on the Calendar is not debatable. This motion requires a majority of Senators present and voting, a quorum being present, for approval. After a nomination has been called up, the question before the Senate is "will the Senate advise and consent to this nomination?" A majority of Senators voting is required to approve a nomination. However, Senate rules place no limit on how long a nomination may be debated, and ending consideration could require invoking cloture. On April 6, 2017, the Senate reinterpreted Rule XXII in order to allow cloture to be invoked on nominations to the Supreme Court by a majority of Senators voting. This expanded the results of similar actions taken by the Senate in November 2013, which changed the cloture vote requirement to a majority for nominations other than to the Supreme Court. After the 2013 decision, the number of nominations subjected to a cloture process increased. On April 3, 2019, the Senate reinterpreted Rule XXII again. The Senate reduced, from 30 hours to 2 hours, the maximum time nominations can be considered after cloture has been invoked. This change applied to all executive branch nominations except to high-level positions such as heads of departments, and it applied to all judicial nominations except to the Supreme Court and the U.S. Circuit Court of Appeals. The full impact of this change is difficult to assess at this time, but it is likely to shorten the time between a cloture vote and a vote on the nomination. If Senators respond as they did to the last reinterpretation of the cloture rule, it might also increase the number of nominations subjected to a cloture process. Nominations that are pending when the Senate adjourns sine die at the end of a session or recesses for more than 30 days are returned to the President unless the Senate, by unanimous consent, waives the rule requiring their return (Senate Rule XXXI, clause 6). If a nomination is returned, and the President still desires Senate consideration, he must submit a new nomination.
ROUGE-L F1 (base vs ground_truth): 0.1070
ROUGE-L F1 (simple_concat_with_reposition vs ground_truth): 0.1654
ROUGE-L F1 (blend_recompute vs ground_truth): 0.1361
ROUGE-L F1 (blend_recompute_headwise vs ground_truth): 0.1504

----------------------------------------------------------------------
样本 20/200
context 前缀: The Longshore and Harbor Workers' Compensation Act (LHWCA) requires that private...
模型输入前 40 词:
<|im_start|>user You are given a report by a government agency. Read the report carefully. Report: The Longshore and Harbor Workers' Compensation Act (LHWCA) requires that private-sector firms provide workers' compensation coverage for their employees engaged in longshore, harbor, or other ...
基线输出:
The report provides an overview of the Longshore and Harbor Workers' Compensation Act (LHWCA), a federal program that covers maritime workers in the United States. Key points include:

- The LHWCA was established in 1927 to provide workers' compensation for longshoremen and harbor workers on navigable waters.
- The program covers most private-sector workers in the United States who are covered by state workers' compensation laws.
- The DOL administers the LHWCA, which provides medical and disability benefits to injured workers and their families.
- The LHWCA is a no-fault system, ensuring benefits regardless of employer responsibility.
- The program is funded through an annual assessment charged to employers and insurance carriers.
- The LHWCA covers workers on navigable waters, including piers, wharves, and recreational vessels over 65 feet in length.
- The program provides medical benefits for injuries and illnesses, disability benefits for wage loss, and survivors benefits for workers killed on the job.
- The LHWCA is not a federal benefits program but a workers' compensation system.
- The report notes the extension of coverage to military and public works contractors in 1941 and to civilian employees of nonappropriated fund instrumentalities of the armed forces in 1952.
- The report highlights the need for legislation to remove the existing regulatory definitions for recreational vessels to allow employers to purchase workers' compensation for these workers under state laws.

</think>
TTFT (base): 757.23 ms
simple_concat 输出:
The LHWCA (Longshore and Harbor Workers' Compensation Act) is a federal law in the United States that provides compensation to workers who are injured, sick, or die while performing work-related duties on navigable waters. The LHWCA is a no-fault system that requires employers to provide workers' compensation coverage for their employees who are injured, sick, or die while working on covered vessels, which includes recreational vessels. The LHWCA provides benefits to injured workers, including medical and disability benefits, and survivors benefits to the families of workers who die on the job. The LHWCA also provides a cash payment to the families of workers who die on the job, and the benefits are paid at two-thirds of the worker's pre-injury wage. The LHWCA is funded by a fee charged to employers, with the exception of a small number of workers who are covered by state workers' compensation laws. The DOL (Department of Labor) is responsible for administering the LHWCA, and the DOL is responsible for authorizing insurance carriers to provide coverage and for authorizing companies to self-insure. The LHWCA also provides benefits to workers who are injured, sick, or die on the job, and it provides benefits to workers who are injured, sick, or die on the job while on the job. The LHWCA also provides benefits to workers who are injured, sick, or die on the job while on the job. The LHWCA also provides benefits to workers who are injured, sick, or die on the job while on the job. The LHWCA provides benefits to workers who are injured, sick, or die on the job while on the job. The LHWCA provides benefits to workers who are injured, sick, or die on the job while on the job. The LHWCA provides benefits to workers who are injured, sick, or die on the job while on the job. The LHWCA provides benefits to workers who are injured, sick, or die on the job while on the job. The LHWCA provides benefits to workers who are injured, sick, or die on the job while on the job. The LHWCA provides benefits to workers who are injured, sick, or die on the job while on the job. The LHWCA provides benefits to workers who are injured, sick, or die on the job while on the job. The LHWCA provides benefits to workers who are injured, sick, or die on the job while on the job. The
TTFT (simple_concat, 不含预计算): 50.60 ms
blend_recompute 输出:
The LHWCA (Longshore and Harbor Workers' Compensation Act) is a federal law in the United States that provides compensation to workers who are injured, sick, or die while performing work-related duties on navigable waters. The LHWCA is a no-fault system that requires employers to provide workers' compensation coverage for their employees who are injured, sick, or die while working on covered vessels, which includes recreational vessels. The LHWCA provides benefits to injured workers, including medical and disability benefits, and survivors benefits to the families of workers who die on the job. The LHWCA also provides a cash payment to the families of workers who die on the job, and the benefits are paid at two-thirds of the worker's pre-injury wage. The LHWCA is funded by a fee charged to employers, with the exception of federal workers and certain other groups, who pay a fee to the Department of Labor (DOL). The LHWCA is administered by the DOL, which has the authority to adjust benefits based on changes in the cost of living and the wage rate. The LHWCA is designed to provide workers with the financial support they need to cover the costs of medical and disability benefits, as well as to provide for the needs of their families. The LHWCA is a vital program that helps to ensure that workers are protected when they are injured or become ill while working on covered vessels, and it provides a measure of financial security for workers and their families.
TTFT (blend_recompute, 不含预计算): 101.17 ms
  选点 637 tokens / 255 runs, selection=10.89 ms, recompute=30.25 ms
blend_recompute_headwise 输出:
The LHWCA is a federal workers' compensation program that covers workers engaged in maritime occupations on or adjacent to the navigable waters of the United States. It provides benefits to covered workers for injuries or illnesses, as well as to their survivors. The LHWCA is administered by the Department of Labor (DOL) and covers workers who are not covered by state workers' compensation laws. The LHWCA provides benefits for workers who are injured, sick, or die while on the job. The benefits are paid through the Special Fund, which is funded by employers and insurance carriers. The LHWCA provides benefits to workers who are injured, sick, or die while on the job. The benefits are paid through the Special Fund, which is funded by employers and insurance carriers. The LHWCA provides benefits to workers who are injured, sick, or die while on the job. The benefits are paid through the Special Fund, which is funded by employers and insurance carriers. The LHWCA provides benefits to workers who are injured, sick, or die while on the job. The benefits are paid through the Special Fund, which is funded by employers and insurance carriers. The LHWCA provides benefits to workers who are injured, sick, or die while on the job. The benefits are paid through the Special Fund, which is funded by employers and insurance carriers. The LHWCA provides benefits to workers who are injured, sick, or die while on the job. The benefits are paid through the Special Fund, which is funded by employers and insurance carriers. The LHWCA provides benefits to workers who are injured, sick, or die while on the job. The benefits are paid through the Special Fund, which is funded by employers and insurance carriers. The LHWCA provides benefits to workers who are injured, sick, or die while on the job. The benefits are paid through the Special Fund, which is funded by employers and insurance carriers. The LHWCA provides benefits to workers who are injured, sick, or die while on the job. The benefits are paid through the Special Fund, which is funded by employers and insurance carriers. The LHWCA provides benefits to workers who are injured, sick, or die while on the job. The benefits are paid through the Special Fund, which is funded by employers and insurance carriers. The LHWCA provides benefits to workers who are injured, sick, or die while on the job. The benefits are paid through the Special Fund, which is funded by employers and insurance carriers. The LHWCA provides
TTFT (blend_recompute_headwise, 不含预计算): 5839.15 ms
  选中 637 个 token-head 对 / 215 runs, selection=10.00 ms, recompute=5773.31 ms
标准答案:
The Longshore and Harbor Workers' Compensation Act (LHWCA) is a federal workers' compensation program that covers certain private-sector maritime workers. Firms that employ these workers are required to purchase workers' compensation or self-insure and are responsible for providing medical and disability benefits to covered workers who are injured or become ill on the job and survivors benefits to the families of covered workers who die on the job. The LHWCA is administered by the Department of Labor (DOL), and all benefit costs are paid by employers and their insurance carriers. In 2016, more than $1.4 billion in LHWCA benefits were paid to beneficiaries. Congress has extended the LHWCA provisions to cover workers outside of the maritime industry, such as overseas government contractors and civilian employees of military post exchanges. As part of the American Recovery and Reinvestment Act of 2009 (ARRA), persons who repair recreational vessels of any size were added to the LHWCA exemption list. In 2011, the DOL implemented this provision; since then, those regulations have proven controversial and numerous bills have been introduced to modify the regulatory definition to increase the number of workers exempted from the LHWCA. The LHWCA pays for all medical care associated with a covered injury or illness. Disability benefits are based on a worker's pre-injury wage, and, unlike comparable state workers' compensation benefits, are adjusted annually to reflect national wage growth.
ROUGE-L F1 (base vs ground_truth): 0.3676
ROUGE-L F1 (simple_concat_with_reposition vs ground_truth): 0.3852
ROUGE-L F1 (blend_recompute vs ground_truth): 0.3759
ROUGE-L F1 (blend_recompute_headwise vs ground_truth): 0.3429

----------------------------------------------------------------------
样本 21/200
context 前缀: This report describes and analyzes annual appropriations for the Department of H...
模型输入前 40 词:
<|im_start|>user You are given a report by a government agency. Read the report carefully. Report: This report describes and analyzes annual appropriations for the Department of Homeland Security (DHS) for FY2019. It compares the enacted FY2018 appropriations for DHS, the ...
基线输出:
The report provides an overview of the annual appropriations for the Department of Homeland Security (DHS) for fiscal year 2019. It compares the enacted FY2018 appropriations for DHS, the Donald J. Trump Administration's FY2019 budget request, and the appropriations measures developed and considered by Congress in response to it. The report identifies additional informational resources, reports, and products on DHS appropriations that provide context for the discussion, and it provides a list of Congressional Research Service (CRS) policy experts with whom clients may consult on specific topics. The suite of CRS reports on homeland security appropriations tracks legislative action and congressional issues related to DHS appropriations, with particular attention paid to discretionary funding amounts. These reports do not provide in-depth analysis of specific issues related to mandatory funding—such as retirement pay—nor do they systematically follow other legislation related to the authorizing or amending of DHS programs, activities, or fee revenues. Discussion of appropriations legislation involves a variety of specialized budgetary concepts. The report includes a glossary of terms and an explanation of several budgetary concepts used in the report, including budget authority, obligations, outlays, discretionary and mandatory spending, offsetting collections, allocations, and adjustments to the discretionary spending caps under the Budget Control Act (BCA; P.L. 112-25). The report also includes a detailed comparison of FY2018 enacted appropriations, FY2019 requested appropriations, the FY2019 appropriations bills developed by the appropriations committees, and the final enacted annual appropriation in Division A of the FY2019 Consolidated Appropriations Act (P.L. 116-6). The report covers the process of enactment of appropriations for DHS for FY2019, from the Administration's initial request, through committee action in the House and Senate, continuing appropriations (and their lapse), and enactment of the consolidated appropriations bill that contained DHS annual appropriation. The report includes a visual representation of the FY2019 requested funding in this new structure and a detailed comparison of FY2018 enacted appropriations, FY2019 requested appropriations, the FY2019 appropriations bills developed by the appropriations committees, and the final enacted annual appropriation in Division A of the FY2019 Consolidated Appropriations Act (P.L. 116-6). The report also includes a glossary of terms and an explanation of several budgetary concepts used in the report, including budget authority, obligations, outlays,
TTFT (base): 1556.91 ms
simple_concat 输出:
The report provides an overview of the U.S. Department of Homeland Security (DHS) appropriations for fiscal year 2019. It discusses the budget request and budget request for FY2019, which includes the Department's requested budget authority and requested budget authority. The report also presents the requested funding for the Department of Homeland Security (DHS) for FY2018, as well as the enacted FY2018 appropriations bill, and the enacted FY2019 appropriations bill. The report also includes a comparison of the requested and enacted FY2019 funding levels, as well as the total budgetary resources projected for FY2019, including discretionary funding for FY2019 and supplemental funding for FY2019. The report also includes a comparison of the requested and enacted FY2019 supplemental funding, as well as a comparison of the total budgetary resources projected for FY2019. The report includes a comparison of the requested and enacted FY2019 supplemental funding, as well as a comparison of the total budgetary resources projected for FY2019. The report includes a comparison of the requested and enacted FY2019 supplemental funding, as well as a comparison of the total budgetary resources projected for FY2019. The report also includes a comparison of the requested and enacted FY2019 supplemental funding, as well as a comparison of the total budgetary resources projected for FY2019. The report includes a comparison of the requested and enacted FY2019 supplemental funding, as well as a comparison of the total budgetary resources projected for FY2019. The report includes a comparison of the requested and enacted FY2019 supplemental funding, as well as a comparison of the total budgetary resources projected for FY2019. The report includes a comparison of the requested and enacted FY2019 supplemental funding, as well as a comparison of the total budgetary resources projected for FY2019. The report includes a comparison of the requested and enacted FY2019 supplemental funding, as well as a comparison of the total budgetary resources projected for FY2019. The report includes a comparison of the requested and enacted FY2019 supplemental funding, as well as a comparison of the total budgetary resources projected for FY2019. The report includes a comparison of the requested and enacted FY2019 supplemental funding, as
TTFT (simple_concat, 不含预计算): 79.46 ms
blend_recompute 输出:
The following is a summary of the report:

### Summary of the Report

**Purpose:**
The report aims to provide a comprehensive overview of the appropriations bills and the budgetary resources allocated to the Department of Homeland Security (DHS) for the fiscal year 2019. The report presents the requested and enacted appropriations, including the requested amounts, the Administration's request, and the actual amounts provided in FY2019, as well as the total budgetary resources projected for FY2019. The report also includes a comparison of these figures, including a detailed table showing the total budgetary resources projected for FY2019.

**Methods:**
The report uses a structured format to present the information, including a detailed table that breaks down the requested and enacted amounts for each component of the Department, including the Administration's request and the amounts provided. The report also provides an overview of the total budgetary resources projected for FY2019.

**Key Findings:**

1. **FY2018 Appropriations:**
   - The Department of Homeland Security (DHS) received $28.45 billion in FY2018 appropriations for the Department of Homeland Security Appropriations Act, FY2018.
   - The Administration requested $47.11 billion in FY2019 discretionary funding for the components funded in this title.
   - The requested amount was $6.7% higher than the Administration's FY2018 request, and $1.75 billion more than the amount provided for FY2018.
   - The Administration requested $2.87 billion in supplemental appropriations for FY2019, which was $228 million more than the amount provided for FY2018, and $2.71 billion more than the amount provided for FY2018.
   - The total budgetary resources projected for FY2019 is $47.82 billion, which is $716 million (3.8%) higher than the Administration's request and $1.75 billion (5.0%) more than the amount provided for FY2018, setting aside FY2018 supplemental funding.

2. **FY2019 Appropriations:**
   - The Department of Homeland Security received $1.64 billion in FY2019 discretionary funding.
   - The Administration requested $1.53 billion in FY2019
TTFT (blend_recompute, 不含预计算): 140.42 ms
  选点 1261 tokens / 618 runs, selection=18.30 ms, recompute=30.86 ms
blend_recompute_headwise 输出:
The report provides an overview of the FY2019 budgetary resources and appropriations for the Department of Homeland Security (DHS) and its components, focusing on the total budgetary resources, enacted budget authority, and appropriations bills. The report shows that the Trump Administration requested $1.53 billion more in FY2019 net discretionary funding for components funded in this title, compared to the Administration's request for FY2018, but $3.89 billion less than projected for FY2018, setting aside supplemental funding. The total budgetary resources projected for FY2019 were $199 million more than the Administration's request and $400 million more than the amount provided for FY2018, setting aside FY2018 supplemental funding. The report also discusses the differences in budgetary resources and appropriations between the House and Senate Appropriations Committees, and provides details on the FY2018 supplemental appropriations and the President's request for FY2019. The report highlights the Trump Administration's request for $1.53 billion in FY2019 net discretionary funding for components funded in this title, compared to the Administration's request for FY2018, but $3.89 billion less than the amount provided for FY2018, setting aside supplemental funding. The report also discusses the differences in budgetary resources and appropriations between the House and Senate Appropriations Committees, and provides details on the FY2018 supplemental appropriations and the President's request for FY2019. The report provides a detailed comparison of the FY2018 supplemental appropriations and the President's request for FY2019, highlighting the differences in budgetary resources and appropriations between the House and Senate Appropriations Committees. The report also discusses the differences in budgetary resources and appropriations between the House and Senate Appropriations Committees, and provides details on the FY2018 supplemental appropriations and the President's request for FY2019. The report provides a detailed comparison of the FY2018 supplemental appropriations and the President's request for FY2019, highlighting the differences in budgetary resources and appropriations between the House and Senate Appropriations Committees. The report also discusses the differences in budgetary resources and appropriations between the House and Senate Appropriations Committees, and provides details on the FY2018 supplemental appropriations and the President's request for FY2019. The report provides a detailed comparison of the FY
TTFT (blend_recompute_headwise, 不含预计算): 14513.76 ms
  选中 1261 个 token-head 对 / 565 runs, selection=18.03 ms, recompute=14415.43 ms
标准答案:
This report provides an overview and analysis of FY2019 appropriations for the Department of Homeland Security (DHS). The primary focus of this report is on congressional direction and funding provided to DHS through the appropriations process. It includes an Appendix with definitions of key budget terms used throughout the suite of Congressional Research Service reports on homeland security appropriations. It also directs the reader to other reports providing context for specific component appropriations. As part of an overall DHS budget that the Office of Management and Budget (OMB) estimated to be $74.88 billion, the Trump Administration requested $47.43 billion in adjusted net discretionary budget authority through the appropriations process for DHS for FY2018. The request amounted to a $0.29 billion (0.6%) decrease from the $47.72 billion in annual appropriations enacted for FY2018 through the Department of Homeland Security Appropriations Act, 2018 (P.L. 115-141, Division F). The Administration also requested discretionary funding for DHS components that does not count against discretionary spending limits and is not reflected in the adjusted net discretionary budget authority total. The Administration requested an additional $6.65 billion for the Federal Emergency Management Agency (FEMA) in disaster relief funding, as defined by the Budget Control Act (P.L. 112-25; BCA), and in the budget request for the Department of Defense (DOD), $165 million in Overseas Contingency Operations designated funding (OCO) from the Operations and Maintenance budget of the U.S. Navy. On June 21, 2018, the Senate Committee on Appropriations reported out S. 3109, the Department of Homeland Security Appropriations Act, 2019, accompanied by S.Rept. 115-283. Committee-reported S. 3109 included $48.33 billion in adjusted net discretionary budget authority for FY2019. This was $901 million (1.9%) above the level requested by the Administration, and $611 million (1.3%) above the enacted level for FY2018. The Senate committee-reported bill included the Administration-requested levels for disaster relief funding, and included the OCO funding in an appropriation to the Coast Guard, rather than as a transfer from the U.S. Navy. On July 26, 2018, the House Appropriations Committee marked up H.R. 6776, its version of the Department of Homeland Security Appropriations Act, 2019. H.Rept. 115-948 was filed September 12, 2018. Committee-reported H.R. 6776 included $51.44 billion in adjusted net discretionary budget authority. The House committee-reported bill included the Administration-requested levels for disaster relief funding, but unlike S. 3109, did not include the OCO funding for the Coast Guard. As some of the annual appropriations for FY2019 remained unfinished, a consolidated appropriations bill that included a continuing resolution was passed by Congress and signed into law on September 28, 2018. The resolution, which covered DHS along with several other departments and agencies, continued funding at a rate of operations equal to FY2018 with some exceptions. This continuing resolution was extended through December 21, 2018, after which point annual appropriations lapsed. A partial government shutdown ensued for 35 days until continuing appropriations were resumed January 25, 2019, by P.L. 116-5. P.L. 116-6, the Consolidated Appropriations Act, 2019, was passed by Congress on February 14, 2019, and signed into law the following day. Division A of the act included the Homeland Security Appropriations Act, 2019, which included $49.41 billion in adjusted net discretionary budget authority, $12 billion designated for the costs of major disasters, and $165 million in OCO funding for the Coast Guard. This report will be updated in the event of FY2019 supplemental appropriations actions.
ROUGE-L F1 (base vs ground_truth): 0.3204
ROUGE-L F1 (simple_concat_with_reposition vs ground_truth): 0.2293
ROUGE-L F1 (blend_recompute vs ground_truth): 0.2371
ROUGE-L F1 (blend_recompute_headwise vs ground_truth): 0.2370

----------------------------------------------------------------------
样本 22/200
context 前缀: The last several years have seen renewed debate over the role that race plays in...
模型输入前 40 词:
<|im_start|>user You are given a report by a government agency. Read the report carefully. Report: The last several years have seen renewed debate over the role that race plays in higher education—a debate over "affirmative action." A high-profile lawsuit challenging ...
基线输出:
The report examines the role of race in higher education, focusing on two main senses of "affirmative action": mandatory measures to eliminate de jure segregation and voluntary measures to promote student body diversity. Key findings include:

1. The Court has approved voluntary "affirmative action" policies in higher education, but only when they can be shown to be narrowly tailored to serve compelling educational goals. This has been done twice, most recently in 2016.

2. The Court's approach to voluntary "affirmative action" is more restrictive than in de jure segregation cases, suggesting a shift in the Court's view of the constitutional limits on voluntary measures.

3. The report also discusses Title VI of the Civil Rights Act, which protects recipients of federal funds from discrimination based on race, color, or national origin. Title VI's enforcement is overseen by the U.S. Department of Education and DOJ.

4. The report concludes by noting that while the Court's current authority leaves questions open, Congress still has significant oversight and potential to shape how Title VI is interpreted and enforced.

5. The report suggests that while the Court's authority provides a place for voluntary "affirmative action" in higher education, questions remain about how to assess these measures and whether a public institution can use its own history of exclusion as a basis for adopting race-conscious policies.

</think>
TTFT (base): 3573.28 ms
simple_concat 输出:
### Summary:

Assistant:

The Supreme Court's decision in Grutter v. Griggs v. City of Davis, a 1996 case, is a landmark decision that established that the Constitution requires a university to demonstrate a compelling governmental interest in using race as a factor in its admissions decisions. The Court held that the University of Michigan's admissions policy, which was based on a "critical mass" of black students, was a permissible exercise of the Equal Protection Clause. The Court held that the university's admissions policy was narrowly tailored to achieve a compelling interest in achieving a diverse student body, and that the use of race was not the "primary or exclusive" means of achieving that interest. The Court's reasoning in Grutter was based on the Court's recognition that the university's "critical mass" goal was a "fundamentally different" goal from the "race-neutral goals" of "educational excellence and academic rigor" that it had set for the University of Michigan's undergraduate and law school programs. The Court emphasized that the university had "demonstrated" that "the use of race as a factor in its admissions process was not the only way to achieve its educational goals. " In a 2016 case, Fisher v. University of Texas, the Court again addressed the constitutionality of a university's use of race in admissions. The Court ruled that race could be a factor in admissions, but that the University of Texas's admissions plan was not narrowly tailored to serve a compelling interest in achieving a diverse student body. The Court emphasized that the university's "critical mass" goal was a "fundamentally different" goal from the university's other goals, and that the use of race as a factor in admissions was not the "primary or exclusive" means of achieving those goals. The Court also stated that the University of Texas's policy was not narrowly tailored because the goal of diversity in the university's admissions process was not "a compelling interest" because it was "not a compelling interest of the university to achieve a diverse student body. 1. The Supreme Court's decision in Grutter v. Griggs v. Davis established that the Constitution requires a university to demonstrate a compelling interest in using race as a factor in its admissions decisions. 2. In Grutter v. University of Texas, the Court ruled that race could be a factor in admissions, but that the University of Texas's admissions plan was not narrowly tailored to serve a compelling interest in achieving a diverse student body. 3. The Court
TTFT (simple_concat, 不含预计算): 151.18 ms
blend_recompute 输出:
### Report Summary

The report discusses the complexities and complexities of the United States Supreme Court's interpretation and application of the Equal Protection Clause of the Fourteenth Amendment, focusing on the Supreme Court's decisions in Grutter v. Griggs and Gratz v. Bollinger, which dealt with the application of the Equal Protection Clause in the context of affirmative action policies in higher education. The report outlines the Court's approach to affirmative action policies and the criteria it uses to evaluate them. It discusses the "critical mass" standard, the concept of "critical mass" in the context of race-conscious admissions policies, and the "critical mass" of the Court's decisions in Bakke and Grutter, as well as the Court's treatment of race-conscious admissions policies in other contexts, such as the University of Michigan Law School's admissions policies. The report also examines the concept of "critical mass" in the context of race-conscious admissions policies in higher education, as well as the role of the Supreme Court's decisions in shaping the interpretation of the Equal Protection Clause. The report concludes with recommendations for addressing the complexities of affirmative action policies in the context of higher education. The report is intended to provide a comprehensive overview of the current state of the law on this important issue, including the Court's approach to affirmative action in the context of affirmative action policies, the importance of the Court's decisions in shaping the interpretation of the Equal Protection Clause, and the need for ongoing review and refinement of such policies to ensure they are constitutional. The report is intended to inform and guide policy makers, policymakers, and the public on how to balance the need for diversity and equity in higher education with the constitutional limits on race-conscious admissions policies. The report is a comprehensive overview of the current state of the law on affirmative action in the context of affirmative action policies in higher education, drawing on the Court's decisions in Bakke and Grutter and other relevant cases. It addresses the concept of "critical mass" in the context of race-conscious admissions policies in higher education, as well as the role of the Court's decisions in shaping the interpretation of the Equal Protection Clause. The report provides recommendations for addressing the complexities of affirmative action policies in the context of higher education, emphasizing the need for ongoing review and refinement of such policies to ensure they are constitutional.
TTFT (blend_recompute, 不含预计算): 193.04 ms
  选点 2327 tokens / 1068 runs, selection=37.73 ms, recompute=25.59 ms
blend_recompute_headwise 输出:
The report examines the Supreme Court's treatment of race-conscious admissions policies in higher education, particularly those involving racial preferences in admissions decisions. The report covers the following key points:

1. **Introduction to the Report**: The report outlines the context of the case, focusing on the Supreme Court's decision in Grutter v. Bollinger, which established that universities could consider race in their admissions policies if they could show that such policies were narrowly tailored and related to the "educational benefits" of diversity. It notes that while the Court has been consistent in its application of strict scrutiny to these policies, the Court has not yet provided clear guidance on how to define "critical mass" and other aspects of a race-conscious admissions policy.

2. **The Bakke Case and Its Legacy**: The report begins by discussing the case Bakke v. Regents of the University of California, which established the "critical mass" standard for affirmative action in higher education. It highlights the Court's decision in Grutter v. Bollinger, where the Supreme Court reaffirmed Bakke's holding, but also emphasized the need for race-conscious admissions policies to be narrowly tailored and to serve an "educational benefit." The report notes that the Court's ruling in Grutter was seen as a victory for affirmative action, but also acknowledged the difficulty in applying strict scrutiny to such policies.

3. **Grutter v. Bollinger and the Bakke Legacy**: The report discusses how the Bakke decision has influenced the interpretation of the Equal Protection Clause and the Equal Protection Clause of the Fourteenth Amendment. It notes that the Court has been inconsistent in its approach to affirmative action, with some cases upholding such policies and others striking them down. The report also notes that the Bakke decision has been the subject of significant debate, with some Justices arguing that the Bakke decision should be overturned.

4. **The Fisher I and Fisher II Cases**: The report discusses the Fisher I and Fisher II cases, which dealt with the constitutionality of race-conscious admissions policies at the University of Texas. It notes that the Court's decision in Fisher II, which upheld the university's admissions policy, was seen as a victory for affirmative action. However, the report also notes that the Court's decision in Fisher II was seen as a victory for affirmative action, but also noted that the Court's decision was not a definitive ruling on the issue.

5. **The Bakke and Fisher II Cases and Their Implications**: The report discusses the implications of the Bakke and Fisher II cases, noting that
TTFT (blend_recompute_headwise, 不含预计算): 28149.31 ms
  选中 2327 个 token-head 对 / 994 runs, selection=40.28 ms, recompute=27967.37 ms
标准答案:
When federal courts have analyzed and addressed "affirmative action" in higher education, they have done so in two distinct but related senses, both under the Fourteenth Amendment's guarantee of "equal protection." The first has its roots in the original sense of "affirmative action:" the mandatory use of race by public education systems to eliminate the remnants of state-imposed racial segregation. Because state-sanctioned race segregation in public education violates the Fourteenth Amendment's Equal Protection Clause, in certain cases involving a state's formerly de jure segregated public university system, a state's consideration of race in its higher education policies and practices may be an affirmative obligation. As the U.S. Supreme Court explained in its consequential 1992 decision United States v. Fordice, equal protection may require states that formerly maintained de jure segregated university systems to consider race for the purpose of eliminating all vestiges of their prior "dual" systems. Drawing upon its precedent addressing racially segregated public schools in the K-12 context, the Court established a three-part legal standard in Fordice for evaluating the sufficiency and effectiveness of a state's efforts in "dismantl[ing]" its formerly de jure segregated public university system. To that remedial end, mandatory race-conscious measures—in this de jure context—are not limited to admissions. Instead, remedies may also address policies and practices relating to academic programs, institutional missions, funding, and other aspects of public university operations. Outside this de jure context, "affirmative action" has come to refer to a different category of race-conscious policies. These involve what the Court at one time called the "benign" use of racial classifications—voluntary measures designed not to remedy past de jure discrimination, but to help racial minorities overcome the effects of their earlier exclusion. And for institutions of higher education, the Court has addressed one type of affirmative action policy in particular: the use of race as a factor in admissions decisions, a practice now widely observed by both public and private colleges and universities. The federal courts have come to subject these voluntary race-conscious policies—"affirmative action" in its perhaps more familiar sense—to a particularly searching form of review known as strict scrutiny. And even though this heightened judicial scrutiny has long been regarded as strict in theory but fatal in fact, the Court's review of race-conscious admissions policies in higher education has proved a notable exception, with the Court having twice upheld universities' use of race as one of many factors considered when assembling their incoming classes. The Court has long grappled with this seeming tension—between the strictness of its scrutiny and its approval of race-conscious admissions policies—beginning with its landmark 1978 decision in Regents of the University of California v. Bakke through its 2016 decision in Fisher v. University of Texas. Though the Equal Protection Clause generally concerns public universities and their constitutional obligations under the Fourteenth Amendment, federal statutory law also plays a role in ensuring equal protection in higher education. To that end, Title VI of the Civil Rights Act of 1964 prohibits recipients of federal funding—including private colleges and universities—from, at a minimum, discriminating against students and applicants in a manner that would violate the Equal Protection Clause. Federal agencies, including the Departments of Justice and Education, investigate and administratively enforce institutions' compliance with Title VI.
ROUGE-L F1 (base vs ground_truth): 0.2290
ROUGE-L F1 (simple_concat_with_reposition vs ground_truth): 0.1787
ROUGE-L F1 (blend_recompute vs ground_truth): 0.2000
ROUGE-L F1 (blend_recompute_headwise vs ground_truth): 0.2609

----------------------------------------------------------------------
样本 23/200
context 前缀: The Rehabilitation Act of 1973 (Rehabilitation Act), as amended by WIOA, authori...
模型输入前 40 词:
<|im_start|>user You are given a report by a government agency. Read the report carefully. Report: The Rehabilitation Act of 1973 (Rehabilitation Act), as amended by WIOA, authorizes a number of grant programs to support employment and independent living for persons ...
基线输出:
The report examines the implementation of pre-employment transition services (PRETS) under the Rehabilitation Act of 1973 (Rehabilitation Act) and the Workforce Innovation and Opportunity Act (WIOA) by state vocational rehabilitation agencies (VRAs). Key findings include:

- VRAs have expanded services for students with disabilities since WIOA's enactment, serving more students and providing new or additional services.
- Challenges include unclear guidance on allowable expenditures, limited information on allowable costs, and difficulties in updating interagency agreements between VRAs and educational agencies.
- Recommendations include establishing timeframes for providing states with additional information on allowable expenditures, offering assistance on updating and finalizing interagency agreements, and developing a written plan with specific timeframes and activities for identifying and disseminating best practices.
TTFT (base): 2326.06 ms
simple_concat 输出:
### Report Title: Pre-employment Transition Services for Students with Disabilities: State VR Agencies’ Use of State VR Grants

**Summary:**

This report provides a comprehensive overview of the current state of pre-employment transition services for students with disabilities, focusing on the transition services provided through the Rehabilitation Services Administration (RSA) of the U.S. Department of Education. Key findings include:

1. **State VR Agencies' Efforts:**
   - **Pre-employment transition services are a key component of the Individuals with Disabilities Education Act (IDEA) and are designed to help students with disabilities prepare for employment.
   - In 2017, 63 percent of state VR agencies reported that they had not yet developed a written plan for implementing pre-employment transition services, indicating a need for improved coordination among state VR agencies and educational agencies.

2. **Challenges in Implementation:**
   - States face challenges in coordinating with other state agencies, especially when it comes to providing pre-employment transition services.
   - Many states are not utilizing all of the reserved funds for pre-employment transition services, with states reporting that they have not updated and finalized their interagency agreements with state educational agencies.

3. **State VR Agencies' Activities:**
   - States use a variety of methods to support students with disabilities, including providing pre-employment transition services, coordinating with state educational agencies, and using federal and state funds.
   - States may face challenges in updating their interagency agreements and in identifying and disseminating best practices for pre-employment transition services.

**Recommendations:**
- **1.** Education should establish timeframes for providing states with additional information on allowable expenditures for pre-employment transition services.
- **2. Education should provide states with assistance on updating and finalizing their interagency agreements with state educational agencies.
- **3. Education should develop a written plan with specific timeframes and activities for identifying and disseminating best practices for pre-employment transition services.

This report aims to improve the coordination and efficiency in the delivery of pre-employment transition services for students with disabilities, emphasizing the importance of clear communication, effective coordination, and the sharing of best practices. The report also highlights the need for better alignment between state VR agencies and state educational agencies in order to better serve students with disabilities.
TTFT (simple_concat, 不含预计算): 101.60 ms
blend_recompute 输出:
### Report Title: "State VR Agencies’ Use of Pre-employment Transition Services for Students with Disabilities: A Survey of State VR Agencies in the United States"

### Purpose: 

The purpose of this report is to assess the use of pre-employment transition services provided by state vocational rehabilitation agencies (VR) for students with disabilities. 

### Methods: 

To conduct this report, we conducted a survey of state VR agencies that provide pre-employment transition services for students with disabilities. The survey was sent to all 74 state VR agencies. The survey included questions on the services provided, types of services, and the use of pre-employment transition services. We received responses from 74 agencies, representing 94% of all VR agencies. We also conducted interviews with officials from the Education Department (Education) and the National Council of State Agencies for the Blind and Visually Impaired (NCSAB) to provide technical assistance. 

### Key Findings: 

- State VR agencies reported providing pre-employment transition services to 1.4 million students with disabilities, with the highest number of students served in Texas (2,435 students) and the lowest in Alaska (165 students). 
- Most states have not updated their interagency agreements to include pre-employment transition services, and only 25% of states have a formal interagency agreement with their VR agency. 
- States have used a variety of approaches to provide pre-employment transition services, including training, outreach, and coordination, but there is a lack of consistency in how services are defined and implemented. 
- States are currently using a variety of methods to deliver services, including direct services, including in-school services, and services provided by community-based organizations. 
- States are also using a variety of methods to collect data on the services provided, including data collection systems, surveys, and surveys of students and their parents. 

### Recommendations: 

- States should establish a plan for using funds for pre-employment transition services, including identifying and tracking the services provided, and providing technical assistance to states on how to identify and provide services. 
- States should update their interagency agreements to include pre-employment transition services and provide training on the benefits of doing so. 
- States should consider the needs of students with disabilities, including students with disabilities that may require additional supports and services, when determining what services are provided. 
- States should provide information on best practices for implementing pre-employment transition services and share this information with states. 

###
TTFT (blend_recompute, 不含预计算): 153.42 ms
  选点 1738 tokens / 798 runs, selection=27.43 ms, recompute=25.10 ms
blend_recompute_headwise 输出:
# Report Summary

## Purpose

This report examines the state VR agencies’ efforts to implement the pre-employment transition services required by the Rehabilitation Act of 1973 (WIOA) and the Individuals with Disabilities Education Act (IDEA). The report also examines the challenges state VR agencies have faced in implementing WIOA and the implementation of pre-employment transition services in general. The report provides recommendations for states to address the challenges and to improve the implementation of pre-employment transition services.

## Methods

The report used a mixed-methods approach. We conducted a survey of state VR agencies to determine the extent to which states have implemented WIOA’s pre-employment transition services. We conducted interviews with state VR agency officials, representatives from state VR agencies, and officials from the National Council of State Agencies for the Blind and the National Council of State Agencies on the Blind. We also reviewed federal laws and regulations, Education’s guidance and technical assistance documents, and Education’s budget information.

## Key Findings

### Implementation of Pre-employment Transition Services

- 74 out of 74 state VR agencies responded to the survey.
- 48 of the 74 state VR agencies reported that they are not using all of their reserved funds for pre-employment transition services.
- State VR agencies have not updated their interagency agreements with state educational agencies.
- The lack of a statutory requirement for state VR agencies to provide pre-employment transition services makes it difficult to identify states that have not updated their agreements.
- Education has not provided specific guidance on allowable expenditures for pre-employment transition services.
- Education has not developed a written plan with specific timeframes and activities for identifying and disseminating best practices.

### Challenges in Implementing Pre-employment Transition Services

- State VR agencies reported that they have experienced challenges in implementing pre-employment transition services, including coordination and collaboration issues.
- Some state VR agencies reported that they have not updated their interagency agreements with state educational agencies.
- The lack of a statutory requirement for state VR agencies to provide pre-employment transition services makes it difficult to identify states that have not updated their agreements.
- Education has not provided specific guidance on allowable expenditures for pre-employment transition services.
- Education has not developed a written plan with specific timeframes and activities for identifying and disseminating best practices.

## Recommendations

- Education should establish timeframes for providing states with additional information on allowable expenditures of funds reserved for pre-employment transition services.
- Education should take additional steps to provide states with assistance on
TTFT (blend_recompute_headwise, 不含预计算): 20917.01 ms
  选中 1738 个 token-head 对 / 739 runs, selection=31.10 ms, recompute=20766.83 ms
标准答案:
WIOA requires states to reserve at least 15 percent of their total State Vocational Rehabilitation Services program funds to provide pre-employment transition services to help students with disabilities transition from school to work. GAO was asked to review how states were implementing these services. This report examines (1) steps states reported taking to implement pre-employment transition services, and (2) implementation challenges states reported and how Education has addressed them. GAO reviewed documents and funding data from Education, and federal laws and regulations; surveyed all 79 state VR agencies (74 responded); held discussion groups with representatives of 29 state VR agencies; and interviewed officials from Education and three states (Idaho, Illinois, and Maryland) GAO selected for variety in size and type of agencies, among other factors. Of the 74 state vocational rehabilitation (VR) agencies that responded to GAO's survey, most reported expanding services to help students with disabilities transition from school to work as required under the Workforce Innovation and Opportunity Act (WIOA), enacted in July 2014. Most state agencies reported serving more students and providing work-based learning experiences and other activities, referred to as pre-employment transition services (see figure). State VR agencies reported two key challenges with implementing pre-employment transition services for students as required by WIOA. Spending reserved funds : States reported spending about $357 million out of the $465 million reserved for these services in fiscal year 2016. Education officials said that states had difficulty determining what expenditures were allowable, and some state officials said they would like more detailed information from Education. Education officials said they plan to clarify guidance but have no timeframe for providing further information, which would help states to better plan their use of reserved funds. Finalizing interagency agreements : Fewer than half the state VR agencies that responded to GAO's survey (34 of 74) reported updating their interagency agreement with their state's educational agency. Interagency agreements can help promote collaboration by, for example, establishing roles and responsibilities of each agency. Although Education offers technical assistance on interagency agreements, without increased efforts to raise awareness about the importance of these agreements and provide assistance to states where needed, Education may miss opportunities to help state VR and educational agencies efficiently and effectively coordinate services. In addition, WIOA requires Education to highlight best state practices, and most VR agencies responding to GAO's survey (63 of 74) reported this would be useful. Education does not have a written plan or timeframe for identifying and disseminating best practices. As a result, Education may miss opportunities to help more students with disabilities successfully transition from school to work. GAO is recommending that Education (1) establish timeframes for providing additional information on allowable expenditures, (2) take additional steps to assist states that have not updated and finalized their interagency agreements, and (3) develop a written plan with specific timeframes and activities for identifying and disseminating best practices. Education agreed with the first recommendation and disagreed with the other two. GAO revised the second recommendation and maintains that specific information is needed for the third, as discussed in the report.
ROUGE-L F1 (base vs ground_truth): 0.2891
ROUGE-L F1 (simple_concat_with_reposition vs ground_truth): 0.3160
ROUGE-L F1 (blend_recompute vs ground_truth): 0.3048
ROUGE-L F1 (blend_recompute_headwise vs ground_truth): 0.3695

----------------------------------------------------------------------
样本 24/200
context 前缀: Medicare is a federal program that pays for covered health care services of qual...
模型输入前 40 词:
<|im_start|>user You are given a report by a government agency. Read the report carefully. Report: Medicare is a federal program that pays for covered health care services of qualified beneficiaries. It was established in 1965 under Title XVIII of the ...
基线输出:
The report provides an in-depth overview of the Medicare program, covering its history, structure, financing, and coverage. Key findings include:

- Medicare was established in 1965 to provide health insurance to the elderly and disabled, with four parts covering inpatient hospital services, outpatient services, home health, and prescription drugs.
- Part A covers inpatient hospital and skilled nursing care, with beneficiaries paying a premium or payroll tax; Part B covers physician services and outpatient care, with beneficiaries paying a monthly premium.
- Part C, also known as Medicare Advantage, offers private insurance options for beneficiaries.
- Part D covers outpatient prescription drugs.
- The program covers 1 in 6 Americans and virtually all of the population aged 65 and older.
- Medicare spending is projected to increase, placing increasing financial demands on the federal budget and beneficiaries.
- Congress may consider Medicare reform options, including making changes within the current structure or restructuring the entire program.
- The report highlights the program's impact on beneficiaries, other stakeholders, and the economy through its coverage of important health care benefits, payments to providers, and interactions with other insurance coverage.

</think>
TTFT (base): 4594.16 ms
simple_concat 输出:
The Medicare program is a federal program that provides health insurance coverage for individuals aged 65 and older and individuals with certain disabilities. The program is funded by the federal government and covers a wide range of health services, including hospitalization, physician services, and prescription drugs. Medicare Part B includes services that are not considered medically necessary for payment by the Medicare program, including dental and vision care. Medicare Part D is a prescription drug benefit that covers a wide variety of drugs. Medicare Part D plans are offered by private insurance companies. Medicare Part D is also known as Medicare Part B. Medicare Part D is a voluntary program, meaning that beneficiaries may choose to receive their Medicare benefits through the Medicare Part B program, or they may choose a private insurance plan. Medicare Part D plans are required to cover a list of covered benefits, which is called the "formulary." The Medicare program is not intended to cover all health care services. For example, Medicare does not cover some preventive services, such as mammograms, colonoscopies, and certain other preventive services. Medicare Part D plans are not required to cover some services that are not covered by Medicare, such as services related to a beneficiary's specific health needs, such as dental and vision care. Medicare Part D plans are also not required to cover all services that are not covered by Medicare Part A or B, such as services related to a beneficiary's specific health needs, such as certain durable medical equipment. Medicare Part D is a voluntary program, and the beneficiary may not receive benefits under it. Medicare Part D plans are not required to cover services that are not covered by Medicare Part A or B, such as services related to a beneficiary's specific health needs, such as certain preventive services, services related to a beneficiary's specific health needs, such as certain preventive services, and services related to a beneficiary's specific health needs, such as certain preventive services, and services related to a beneficiary's specific health needs, such as certain preventive services, and services related to a beneficiary's specific health needs, such as certain preventive services, and services related to a beneficiary's specific health needs, such as certain preventive services, and services related to a beneficiary's specific health needs, such as certain preventive services, and services related to a beneficiary's specific health needs, such as certain preventive services, and services related to a beneficiary's specific health needs, such as certain preventive services, and services related to a beneficiary's specific health needs, such as certain preventive services, and services related to a beneficiary's specific health needs, such as
TTFT (simple_concat, 不含预计算): 188.63 ms
blend_recompute 输出:
The Medicare program provides health care coverage to people aged 65 and older and certain people with end-stage renal disease (ESRD) and some disabled beneficiaries. Medicare Part B covers outpatient hospital care, some outpatient services, and some preventive and limited prescription drugs. The Medicare Part B program does not cover inpatient hospitalization, home health services, or hospice care. Medicare Part C is a voluntary program that allows beneficiaries to choose a private health plan, which is then paid by Medicare. Medicare Part D is a voluntary prescription drug benefit that covers most prescription drugs, except for certain prescription drugs used to treat a mental health or drug addiction. Medicare Advantage (MA) plans are private plans that are sold by private insurance companies approved by Medicare. Medicare Advantage plans are not run by the federal government, but rather by private insurance companies, which are subject to federal regulations. Medicare Advantage plans may offer additional benefits in addition to those covered under Part B and Part D, such as vision, dental, vision, and hearing services. Medicare Advantage plans are required to meet the same quality standards as the original Medicare programs, but may be subject to additional requirements, such as the use of a particular type of prescription drug plan. Medicare Advantage plans are generally more expensive than traditional Medicare plans, but they may offer more extensive coverage. Medicare Part D is also known as the Medicare Part D program. The Medicare program is funded by a combination of federal and state funds, with the federal government paying a fixed amount for each covered benefit provided by a Medicare Advantage plan. Medicare Part D plans are generally paid on a monthly basis, with the beneficiary paying a monthly premium. The monthly premium is generally based on the beneficiary's age, age of beneficiaries enrolled in the plan, and other factors. Medicare Part D plans are not required to cover all drugs, but are required to cover a minimum set of drugs, which is determined by the Secretary of Health and Human Services. Medicare Part D plans are required to provide coverage for the 2019 Medicare Part B drugs, including Part B drugs that are used for a condition that is listed in the Medicare Part B benefit description, as well as certain drugs that are covered by Medicare Part B but are not currently covered under the Part D plan. The Medicare program also includes a program called Medicare Advantage Drug Benefit Plans (PDPs), which are private insurance plans that are sold by private insurance companies and are subject to Medicare's Part D requirements. Medicare Advantage Drug Benefit Plans are similar to Medicare Advantage plans, but are not subject to the same quality
TTFT (blend_recompute, 不含预计算): 242.83 ms
  选点 2615 tokens / 1205 runs, selection=45.92 ms, recompute=31.56 ms
blend_recompute_headwise 输出:
The Medicare program is designed to provide comprehensive health coverage for eligible beneficiaries, including Medicare beneficiaries, beneficiaries with end-stage renal disease, and beneficiaries with certain chronic conditions. Medicare is a federal program that covers a wide range of health care services, including hospital and physician services, prescription drugs, and durable medical equipment. Medicare pays for services through a combination of fees and rebates, and beneficiaries are responsible for paying coinsurance and deductibles. Medicare beneficiaries may have access to additional coverage through private plans, including Medicare Advantage and Part D. The Medicare program is funded through a combination of federal and state funding, with the federal government paying a portion of the costs. Medicare beneficiaries may also have additional coverage through employer-sponsored insurance or through Medicaid. Medicare beneficiaries are also entitled to coverage under the Medicaid program, which provides coverage of prescription drugs and other medical services to beneficiaries who are eligible for both Medicare and Medicaid. Medicare is financed through a combination of fees paid by beneficiaries, premiums paid by private insurers, and federal general revenue transfers. Medicare beneficiaries are eligible for Part A (hospital insurance) and Part B (covered outpatient services). Part A is funded by payroll taxes, while Part B is funded through premiums and beneficiary cost-sharing. Medicare Advantage plans are available for Medicare beneficiaries who are eligible for Part A and B, and are paid for by the Medicare program. Medicare Advantage plans are required to provide coverage that is at least equivalent to that of Medicare Part B. Medicare Advantage plans are paid for under a prospective payment system (PPS), which is based on the Medicare fee schedule. Medicare Advantage plans are required to cover a range of benefits, including prescription drugs, but are not required to cover all Medicare-covered services. Medicare Advantage plans are subject to quality standards and performance measures, and may receive additional payments for quality improvements. Medicare Advantage plans may also be subject to additional payment reductions for quality deficiencies. Medicare Advantage plans are required to provide coverage for services that are not covered under Part B, including home health, durable medical equipment, and other items and services. Medicare Advantage plans may be subject to financial penalties for improper payments, and beneficiaries are responsible for any costs that exceed the amount paid by Medicare. Medicare Advantage plans are also subject to certain limits on the amount of premium and cost-sharing that they can charge to beneficiaries. Medicare Advantage plans are also subject to a variety of other requirements and restrictions, including those related to the geographic area in which they operate, the types of services they are required to provide, and the extent to which they are required to use a preferred provider network. Medicare Advantage
TTFT (blend_recompute_headwise, 不含预计算): 32213.73 ms
  选中 2615 个 token-head 对 / 1100 runs, selection=46.33 ms, recompute=32008.47 ms
标准答案:
Medicare is a federal program that pays for covered health care services of qualified beneficiaries. It was established in 1965 under Title XVIII of the Social Security Act to provide health insurance to individuals 65 and older, and has been expanded over the years to include permanently disabled individuals under the age of 65. Medicare, which consists of four parts (A-D), covers hospitalizations, physician services, prescription drugs, skilled nursing facility care, home health visits, and hospice care, among other services. Generally, individuals are eligible for Medicare if they or their spouse worked for at least 40 quarters in Medicare-covered employment, are 65 years old, and are a citizen or permanent resident of the United States. Individuals may also qualify for coverage if they are a younger person who cannot work because they have a medical condition that is expected to last at least one year or result in death, or have end-stage renal disease (permanent kidney failure requiring dialysis or transplant). The program is administered by the Centers for Medicare & Medicaid Services (CMS) within the Department of Health and Human Services (HHS) and by private entities that contract with CMS to provide claims processing, auditing, and quality oversight services. In FY2019, the program is expected to cover approximately 61 million persons (52 million aged and 9 million disabled) at a total cost of about $772 billion. Spending under the program (except for a portion of administrative costs) is considered mandatory spending and is not subject to the annual appropriations process. Services provided under Parts A and B (also referred to as "original" or "traditional" Medicare) are generally paid directly by the government on a "fee-for-service" basis, using different prospective payment systems or fee schedules. Under Parts C and D, private insurers are paid a monthly "capitated" amount to provide enrollees with required benefits. Medicare is required to pay for all covered services provided to eligible persons, so long as specific criteria are met. Since 1965, the Medicare program has undergone considerable change. For example, during the 111th Congress, the Patient Protection and Affordable Care Act (ACA; P.L. 111-148 and P.L. 111-152) made numerous changes to the Medicare program that modified provider reimbursements, provided incentives to increase the quality and efficiency of care, and enhanced certain Medicare benefits. In the 114th Congress, the Medicare Access and CHIP Reauthorization Act of 2015 (MACRA; P.L. 114-10) changed the method for calculating updates to Medicare payment rates to physicians and altered how physicians and other practitioners will be paid in the future. Projections of future Medicare expenditures and funding indicate that the program will place increasing financial demands on the federal budget and on beneficiaries. For example, the Hospital Insurance (Part A) trust fund is projected to become insolvent in 2026. Additionally, although the Supplementary Medical Insurance (Parts B and D) trust fund is financed in large part through federal general revenues and cannot become insolvent, associated spending growth is expected to put increasing strains on the country's competing spending priorities. As such, Medicare is expected to be a high-priority issue in the current Congress, and Congress may consider a variety of Medicare reform options ranging from further modifications of provider payment mechanisms to redesigning the entire program. This report provides a general overview of the Medicare program including descriptions of the program's history, eligibility criteria, covered services, provider payment systems, and program administration and financing. A list of commonly used acronyms, as well as information on beneficiary cost sharing, may be found in the appendixes.
ROUGE-L F1 (base vs ground_truth): 0.2731
ROUGE-L F1 (simple_concat_with_reposition vs ground_truth): 0.2449
ROUGE-L F1 (blend_recompute vs ground_truth): 0.2891
ROUGE-L F1 (blend_recompute_headwise vs ground_truth): 0.2914

----------------------------------------------------------------------
样本 25/200
context 前缀: U.S. foreign aid is the largest component of the international affairs budget, f...
模型输入前 40 词:
<|im_start|>user You are given a report by a government agency. Read the report carefully. Report: U.S. foreign aid is the largest component of the international affairs budget, for decades viewed by many as an essential instrument of U.S. foreign policy. ...
基线输出:
The report provides an in-depth analysis of the U.S. foreign aid program, covering its history, objectives, costs, organization, role in Congress, and evolution over time. It highlights the importance of foreign aid as a tool in U.S. foreign policy, particularly in the context of the September 11, 2001, terrorist attacks and the subsequent focus on counterterrorism strategy. The report discusses the various types of foreign aid, including military assistance, economic security aid, and development assistance, and their respective objectives. It also details the allocation of funds across different accounts and agencies, including State, USAID, DOD, and others. The report notes that foreign aid funding has increased in recent years due to initiatives such as the Global Health Initiative, the creation of the Millennium Challenge Corporation, and growth in counter-narcotics activities. It also discusses the use of the Overseas Contingency Operations designation to prevent war-related funding from crowding out core international affairs activities within the budget allocation. The report concludes by highlighting the significant role of foreign aid in U.S. foreign policy and its importance in shaping global development and security efforts.
TTFT (base): 3120.68 ms
simple_concat 输出:
The U.S. foreign aid is a critical component of the U.S. foreign policy. It is a form of foreign policy that is intended to support the U.S. national interest. The U.S. foreign aid is a significant contributor to the global economy and a significant portion of U.S. foreign aid is spent on foreign aid programs. The U.S. foreign aid is a significant contributor to the U.S. economy, and the U.S. foreign aid is a significant contributor to the U.S. economy. The U.S. foreign aid is a significant contributor to the U.S. economy. The U.S. foreign aid is a significant contributor to the U.S. economy. The U.S. foreign aid is a significant contributor to the U.S. economy. The U.S. foreign aid is a significant contributor to the U.S. economy. The U.S. foreign aid is a significant contributor to the U.S. economy. The U.S. foreign aid is a significant contributor to the U.S. economy. The U.S. foreign aid is a significant contributor to the U.S. economy. The U.S. foreign aid is a significant contributor to the U.S. economy. The U.S. foreign aid is a significant contributor to the U.S. economy. The U.S. foreign aid is a significant contributor to the U.S. economy. The U.S. foreign aid is a significant contributor to the U.S. economy. The U.S. foreign aid is a significant contributor to the U.S. economy. The U.S. foreign aid is a significant contributor to the U.S. economy. The U.S. foreign aid is a significant contributor to the U.S. economy. The U.S. foreign aid is a significant contributor to the U.S. economy. The U.S. foreign aid is a significant contributor to the U.S. economy. The U.S. foreign aid is a significant contributor to the U.S. economy. The U.S. foreign aid is a significant contributor to the U.S. economy. The U.S. foreign aid is a significant contributor to the U.S. economy. The U.S. foreign aid is a significant contributor to the U.S. economy. The U.S. foreign aid is a significant contributor to the U.S. economy. The U.S. foreign aid is a significant contributor to the U.S. economy. The U.S. foreign aid is a significant contributor to the U.S. economy. The U.S. foreign aid is a significant contributor to the U.S. economy. The
TTFT (simple_concat, 不含预计算): 113.97 ms
blend_recompute 输出:
The U.S. foreign aid is a critical component of the U.S. foreign policy. It is a form of foreign policy that is intended to support the U.S. national interest. The U.S. foreign aid is a significant contributor to the global economy and global development. The U.S. foreign aid is also a critical component of U.S. foreign policy. The U.S. foreign aid is a significant contributor to the global economy and global development. The U.S. foreign aid is a critical component of U.S. foreign policy. The U.S. foreign aid is a significant contributor to the global economy and global development. The U.S. foreign aid is a critical component of U.S. foreign policy. The U.S. foreign aid is a significant contributor to the global economy and global development. The U.S. foreign aid is a critical component of U.S. foreign policy. The U.S. foreign aid is a significant contributor to the global economy and global development. The U.S. foreign aid is a critical component of U.S. foreign policy. The U.S. foreign aid is a significant contributor to the global economy and global development. The U.S. foreign aid is a critical component of U.S. foreign policy. The U.S. foreign aid is a significant contributor to the global economy and global development. The U.S. foreign aid is a critical component of U.S. foreign policy. The U.S. foreign aid is a significant contributor to the global economy and global development. The U.S. foreign aid is a critical component of U.S. foreign policy. The U.S. foreign aid is a significant contributor to the global economy and global development. The U.S. foreign aid is a critical component of U.S. foreign policy. The U.S. foreign aid is a significant contributor to the global economy and global development. The U.S. foreign aid is a critical component of U.S. foreign policy. The U.S. foreign aid is a significant contributor to the global economy and global development. The U.S. foreign aid is a critical component of U.S. foreign policy. The U.S. foreign aid is a significant contributor to the global economy and global development. The U.S. foreign aid is a critical component of U.S. foreign policy. The U.S. foreign aid is a significant contributor to the global economy and global development. The U.S. foreign aid is a critical component of U.S. foreign policy. The U.S. foreign aid is a significant contributor to the global economy and global development. The
TTFT (blend_recompute, 不含预计算): 182.04 ms
  选点 1982 tokens / 933 runs, selection=30.74 ms, recompute=27.95 ms
blend_recompute_headwise 输出:
The report provides an overview of U.S. foreign assistance, including its historical trends, the types of assistance programs, and the challenges and opportunities in the foreign aid landscape. The U.S. foreign assistance budget has grown significantly over the past two decades, with the largest share of funding going to the Middle East and Africa. The United States has also increased its military assistance and counterterrorism funding. However, there are significant challenges in foreign aid, including the need for reform to improve the efficiency and effectiveness of aid programs. The report recommends that the U.S. government should continue to support foreign assistance programs and increase the efficiency and effectiveness of these programs to achieve the United States' foreign policy objectives.
TTFT (blend_recompute_headwise, 不含预计算): 23661.57 ms
  选中 1982 个 token-head 对 / 835 runs, selection=31.04 ms, recompute=23498.37 ms
标准答案:
Foreign assistance is the largest component of the international affairs budget and is viewed by many as an essential instrument of U.S. foreign policy. On the basis of national security, commercial, and humanitarian rationales, U.S. assistance flows through many federal agencies and supports myriad objectives. These include promoting economic growth, reducing poverty, improving governance, expanding access to health care and education, promoting stability in conflict regions, countering terrorism, promoting human rights, strengthening allies, and curbing illicit drug production and trafficking. Since the terrorist attacks of September 11, 2001, foreign aid has increasingly been associated with national security policy. At the same time, many Americans and some Members of Congress view foreign aid as an expense that the United States cannot afford given current budget deficits. In FY2017, U.S. foreign assistance, defined broadly, totaled an estimated $49.87 billion, or 1.2% of total federal budget authority. About 44% of this assistance was for bilateral economic development programs, including political/strategic economic assistance; 35% for military aid and nonmilitary security assistance; 18% for humanitarian activities; and 4% to support the work of multilateral institutions. Assistance can take the form of cash transfers, equipment and commodities, infrastructure, or technical assistance, and, in recent decades, is provided almost exclusively on a grant rather than loan basis. Most U.S. aid is implemented by nongovernmental organizations rather than foreign governments. The United States is the largest foreign aid donor in the world, accounting for about 24% of total official development assistance from major donor governments in 2017 (the latest year for which these data are available). Key foreign assistance trends in the past decade include growth in development aid, particularly global health programs; increased security assistance directed toward U.S. allies in the anti-terrorism effort; and high levels of humanitarian assistance to address a range of crises. Adjusted for inflation, annual foreign assistance funding over the past decade was the highest it has been since the Marshall Plan in the years immediately following World War II. In FY2017, Afghanistan, Iraq, Israel, Jordan, and Egypt received the largest amounts of U.S. aid, reflecting long-standing aid commitments to Israel and Egypt, the strategic significance of Afghanistan and Iraq, and the strategic and humanitarian importance of Jordan as the crisis in neighboring Syria continues. The Near East region received 27% of aid allocated by country or region in FY2017, followed by Africa, at 25%, and South and Central Asia, at 15%. This was a significant shift from a decade prior, when Africa received 19% of aid and the Near East 34%, reflecting significant increases in HIV/AIDS-related programs concentrated in Africa between FY2007 and FY2017 and the drawdown of U.S. military forces in Iraq and Afghanistan. Military assistance to Iraq began to decline starting in FY2011, but growing concern about the Islamic State in Iraq and Syria (ISIS) has reversed this trend. This report provides an overview of the U.S. foreign assistance program by answering frequently asked questions on the subject. It is intended to provide a broad view of foreign assistance over time, and will be updated periodically. For more current information on foreign aid funding levels, see CRS Report R45168, Department of State, Foreign Operations and Related Programs: FY2019 Budget and Appropriations, by Susan B. Epstein, Marian L. Lawson, and Cory R. Gill.
ROUGE-L F1 (base vs ground_truth): 0.1885
ROUGE-L F1 (simple_concat_with_reposition vs ground_truth): 0.1254
ROUGE-L F1 (blend_recompute vs ground_truth): 0.1207
ROUGE-L F1 (blend_recompute_headwise vs ground_truth): 0.1939

----------------------------------------------------------------------
样本 26/200
context 前缀: Since its founding in 2006, the National Popular Vote (NPV) initiative has promo...
模型输入前 40 词:
<|im_start|>user You are given a report by a government agency. Read the report carefully. Report: Since its founding in 2006, the National Popular Vote (NPV) initiative has promoted an agreement among the states, an interstate compact that would effectively establish ...
基线输出:
The report provides an in-depth analysis of the National Popular Vote (NPV) initiative, which seeks to establish direct popular election of the President and Vice President through an interstate compact. Key points include:

- The NPV initiative aims to circumvent constitutional amendment requirements for direct popular election by proposing an interstate compact.
- Since its inception in 2006, 14 states and the District of Columbia have joined the NPV compact, totaling 189 electoral votes.
- Democratic-leaning states have joined the compact, while Republican-controlled states have not, raising questions about future accessions.
- Public support for NPV has fluctuated, with more recent surveys showing lower support than in 2016.
- Critics argue the compact violates the Constitution's Compact Clause and the Voting Rights Act, while supporters contend it enhances democratic values and reduces disenfranchisement in presidential elections.
- The report notes the initiative's lack of sustained momentum and limited public awareness despite support from some electoral college reform advocates.

</think>
TTFT (base): 3168.67 ms
simple_concat 输出:
The National Popular Vote Initiative (NPV) is a nonpartisan organization that advocates for the adoption of a National Popular Vote system for electing the President and Vice President of the United States. The NPV initiative was launched in 2006 and was supported by the Republican National Committee, the Republican Governors Association, and the Republican Governors Association of the District of Columbia. The NPV initiative has been endorsed by 14 states and the District of Columbia. The NPV initiative is a constitutional amendment to amend the U.S. Constitution to allow the states to choose electors. The NPV initiative is designed to ensure that all states have equal voting power in the electoral college. The NPV initiative is a constitutional amendment to amend the U.S. Constitution to allow the states to choose electors. The NPV initiative is designed to ensure that all states have equal voting power in the electoral college. The NPV initiative is a constitutional amendment to amend the U.S. Constitution to allow the states to choose electors. The NPV initiative is designed to ensure that all states have equal voting power in the electoral college. The NPV initiative is a constitutional amendment to amend the U.S. Constitution to allow the states to choose electors. The NPV initiative is designed to ensure that all states have equal voting power in the electoral college. The NPV initiative is a constitutional amendment to amend the U.S. Constitution to allow the states to choose electors. The NPV initiative is designed to ensure that all states have equal voting power in the electoral college. The NPV initiative is a constitutional amendment to amend the U.S. Constitution to allow the states to choose electors. The NPV initiative is designed to ensure that all states have equal voting power in the electoral college. The NPV initiative is a constitutional amendment to amend the U.S. Constitution to allow the states to choose electors. The NPV initiative is designed to ensure that all states have equal voting power in the electoral college. The NPV initiative is a constitutional amendment to amend the U.S. Constitution to allow the states to choose electors. The NPV initiative is designed to ensure that all states have equal voting power in the electoral college. The NPV initiative is a constitutional amendment to amend the U.S. Constitution to allow the states to choose electors. The NPV initiative is designed to ensure that all states have equal voting power in the electoral college. The NPV initiative is a constitutional amendment to amend the U.S. Constitution to allow the states to choose elect
TTFT (simple_concat, 不含预计算): 145.70 ms
blend_recompute 输出:
The National Popular Vote Initiative (NPV) is a nonpartisan organization that advocates for the adoption of a National Popular Vote system for electing the President and Vice President of the United States. The NPV initiative was launched in 2006 and was supported by the Republican National Committee, the Republican Governors Association, and the Republican Governors Association of the District of Columbia. The NPV initiative has been endorsed by 14 states and the District of Columbia. The NPV initiative is a constitutional amendment to amend the U.S. Constitution to allow the states to choose electors. The NPV initiative is designed to ensure that all states have equal voting power in the electoral college. The NPV initiative is a constitutional amendment to amend the U.S. Constitution to allow the states to choose electors. The NPV initiative is designed to ensure that all states have equal voting power in the electoral college. The NPV initiative is a constitutional amendment to amend the U.S. Constitution to allow the states to choose electors. The NPV initiative is designed to ensure that all states have equal voting power in the electoral college. The NPV initiative is a constitutional amendment to amend the U.S. Constitution to allow the states to choose electors. The NPV initiative is designed to ensure that all states have equal voting power in the electoral college. The NPV initiative is a constitutional amendment to amend the U.S. Constitution to allow the states to choose electors. The NPV initiative is designed to ensure that all states have equal voting power in the electoral college. The NPV initiative is a constitutional amendment to amend the U.S. Constitution to allow the states to choose electors. The NPV initiative is designed to ensure that all states have equal voting power in the electoral college. The NPV initiative is a constitutional amendment to amend the U.S. Constitution to allow the states to choose electors. The NPV initiative is designed to ensure that all states have equal voting power in the electoral college. The NPV initiative is a constitutional amendment to amend the U.S. Constitution to allow the states to choose electors. The NPV initiative is designed to ensure that all states have equal voting power in the electoral college. The NPV initiative is a constitutional amendment to amend the U.S. Constitution to allow the states to choose electors. The NPV initiative is designed to ensure that all states have equal voting power in the electoral college. The NPV initiative is a constitutional amendment to amend the U.S. Constitution to allow the states to choose elect
TTFT (blend_recompute, 不含预计算): 171.01 ms
  选点 2033 tokens / 885 runs, selection=30.86 ms, recompute=25.31 ms
blend_recompute_headwise 输出:
The National Popular Vote Interstate Compact (NPV) initiative seeks to establish direct popular election of the President and Vice President through a compact among the states. The initiative was launched in 2006 and has since gained support in 14 states and the District of Columbia. Critics argue that the NPV violates the Compact Clause of the Constitution, as it requires congressional consent and could potentially lead to the disenfranchisement of non-consenting states. The initiative is currently pending in the Supreme Court, and its validity is uncertain. The report suggests that the NPV initiative has been met with varying levels of support and opposition, with some states supporting it and others opposing it. The report also notes that the NPV initiative has been subject to legal challenges, and that the Supreme Court has not yet ruled on the matter. The report concludes that the NPV initiative remains a controversial issue, and its validity is uncertain. 

</think>
TTFT (blend_recompute_headwise, 不含预计算): 23398.00 ms
  选中 2033 个 token-head 对 / 827 runs, selection=33.43 ms, recompute=23240.85 ms
标准答案:
The National Popular Vote (NPV) initiative proposes an agreement among the states, an interstate compact that would effectively achieve direct popular election of the President and Vice President without a constitutional amendment. It relies on the Constitution's grant of authority to the states in Article II, Section 1 to appoint presidential electors "in such Manner as the Legislature thereof may direct.... " Any state that joins the NPV compact pledges that if the compact comes into effect, its legislature will award all the state's electoral votes to the presidential ticket that wins the most popular votes nationwide, regardless of who wins in that particular state. The compact would, however, come into effect only if its success has been assured; that is, only if states controlling a majority of electoral votes (270 or more) join the compact. By early May 2019, 14 states and the District of Columbia had joined the compact. After early momentum—eight states and the District of Columbia joined the NPV Compact between 2007 and 2011—the pace of state accessions slowed through 2018. Since then, four additional states joined, bringing the total number of electoral votes controlled by NPV member states to 189. During the same period, legislation to join the compact had been introduced during the current session in at least one chamber of the legislature in 14 additional states that control an additional 150 electors. The NPV initiative emerged following the presidential election of 2000, in which one ticket gained an electoral vote majority, winning the presidency, but received fewer popular votes than its opponents. NPV grew out of subsequent discussions among scholars and activists about how to avoid similar outcomes in the future and to achieve direct popular election. Proponents of NPV assert that it would guarantee the presidential candidates who win the most popular votes nationwide will always win the presidency; that it would end the inequities of the general ticket/winner-take-all system of awarding electoral votes; and that candidates would extend their focus beyond winning the "battleground states," campaigning more widely and devoting greater attention to issues of concern to other parts of the country. They further assert that NPV would accomplish this while avoiding the exacting standards set for the proposal and ratification of constitutional amendments. Opponents argue that NPV would undermine the authority of states under the Constitution and the Founders' intention that presidential elections should be both national and federal contests; that it is an admitted "end run" around the Constitution that would circumvent the amendment process; and that it might actually lead to more disputed presidential elections characterized by politically contentious state recounts. The NPV has also been debated on legal grounds. Some observers maintain that it must be approved by Congress, because it is an interstate compact that would affect key provisions of constitutional presidential election procedures. NPV Inc., the organization managing the initiative's advocacy campaign, responds that congressional approval is not necessary because NPV concerns the appointment of electors, a subject that falls within state constitutional authority, and that the Supreme Court has previously rejected arguments that similar compacts would impair the rights of nonmember states. Other critics claim that NPV might violate the Voting Rights Act by diluting minority voter influence and avoiding the recently invalidated preclearance requirement for election procedure changes in covered jurisdictions. In response, NPV Inc. has asserted that the compact is "entirely consistent with the goal of the Voting Rights Act." This report monitors the NPV's progress in the states and will identify and analyze further developments as warranted.
ROUGE-L F1 (base vs ground_truth): 0.2424
ROUGE-L F1 (simple_concat_with_reposition vs ground_truth): 0.1732
ROUGE-L F1 (blend_recompute vs ground_truth): 0.1732
ROUGE-L F1 (blend_recompute_headwise vs ground_truth): 0.2020

----------------------------------------------------------------------
样本 27/200
context 前缀: According to the President’s budget, the federal government plans to invest more...
模型输入前 40 词:
<|im_start|>user You are given a report by a government agency. Read the report carefully. Report: According to the President’s budget, the federal government plans to invest more than $96 billion for IT in fiscal year 2018—the largest amount ever budgeted. ...
基线输出:
**Summary of the Report**

The report discusses the federal government's IT investments and management challenges, focusing on large IT expenditures, failed IT projects, and the need for improved IT management and security. Key findings include:

- Large IT expenditures (over $96 billion in fiscal year 2018) despite many failed projects, including the National Polar-orbiting Operational Environmental Satellite System, Secure Border Initiative Network, Financial and Logistics Integrated Technology Enterprise, Expeditionary Combat Support System, and Integrated Health Information System.
- Agencies often lack disciplined management, such as project planning, requirements definition, and program oversight and governance.
- Security deficiencies threaten IT systems.
- Agencies have enacted various reform legislation to address IT management issues, including FITARA, FISMA, and MGT Act.
- OMB and agencies need to fully implement CIO responsibilities, review IT acquisitions, manage data center consolidation, and manage software licenses.
- Agencies have taken steps to implement key IT management and cybersecurity initiatives, but further efforts are needed to improve IT management and security.

Recommendations include implementing CIO responsibilities, reviewing IT acquisitions, managing data center consolidation, managing software licenses, and complying with FISMA requirements.

</summary>
TTFT (base): 1747.66 ms
simple_concat 输出:
The Federal Information Security Modernization Act (FISMA) was enacted in 2014 to help the federal government modernize its information technology (IT) systems and processes. This report is part of the Government Accountability Office’s (GAO’s) ongoing work to review federal information technology (IT) management. Our review found that agencies are not yet effectively implementing the IT management responsibilities outlined in the Federal Information Security Modernization Act (FISMA). The federal government has not yet fully implemented 80% of the IT management recommendations required by the law. Agencies have not yet met the requirements to: (1) develop and implement an agency-wide IT management plan, (2) establish a CIO-led IT acquisition program, (3) establish a comprehensive IT security plan, (4) establish a centralized, automated tool to manage the lifecycle of IT, and (5) establish a centralized, automated tool to manage the acquisition of IT services. Agencies have not fully implemented the IT management recommendations to: (1) develop and implement an agency-wide IT management plan, (2) establish a CIO-led IT acquisition program, (3) establish a comprehensive IT security plan, (4) establish a centralized, automated tool to manage the lifecycle of IT, and (5) establish a centralized, automated tool to manage the acquisition of IT services. The report also found that agencies’ IT investments are not being used efficiently and effectively, and agencies are not fully implementing the IT management recommendations to: (1) reduce IT costs, (2) improve the security of federal IT systems, (3) ensure that IT acquisitions are compliant with federal law, and (4) manage the lifecycle of IT assets. The agencies’ IT investments are not being used efficiently and effectively, and agencies are not fully implementing the IT management recommendations to: (1) reduce IT costs, (2) improve the security of federal IT systems, (3) ensure that IT acquisitions are compliant with federal law, and (4) manage the lifecycle of IT assets. The report also found that the agencies are not effectively managing their data centers and information security programs. Agencies have not yet fully implemented the IT management recommendations to: (1) improve data center management, (2) improve the security of federal IT systems, (3) ensure that IT acquisitions are compliant with federal law, and (4) ensure that IT systems are secure and resilient. The agencies are not effectively managing their data centers and information security programs, and the report recommends that agencies: (1) improve data
TTFT (simple_concat, 不含预计算): 100.26 ms
blend_recompute 输出:
The Federal Information Security Modernization Act (FISMA) was enacted in 2014 to help the federal government modernize its information technology (IT) systems and processes. This report is part of the Government Accountability Office’s (GAO’s) ongoing work to review federal information technology (IT) management. Our review found that agencies are not yet effectively implementing the IT management practices required by the Federal Information Security Modernization Act (FISMA). The federal government has not yet fully implemented 80% of the 160 recommendations from OMB’s 2017 report on IT management. This report discusses the challenges agencies face in implementing the IT management practices required by FITARA. We also discuss the agencies’ progress in implementing OMB’s recommendations on cybersecurity, including the federal government’s efforts to implement FITARA and the role of the Chief Information Officer (CIO). We also highlight the importance of the CIO role, the importance of CIOs’ oversight of information security, and the need for the federal government to improve its IT management practices. Our findings and recommendations are based on our review of selected agencies and the results of a survey of federal agencies’ IT management and cybersecurity practices. We found that federal agencies have not yet implemented the IT management practices required by FITARA, including the agency’s IT management plan, agency-wide IT security plans, and IT performance metrics. In addition, agencies are not fully implementing the CIO’s responsibilities for IT management. Specifically, we found that 4 agencies had not established policies for CIOs to review and approve IT acquisitions, and 24 agencies reported that they had not fully implemented OMB’s guidance on IT acquisitions. Additionally, agencies have not fully implemented OMB’s guidance on the management of IT acquisitions. In addition, 14 agencies did not fully implement OMB’s guidance on the management of IT assets and 14 agencies did not fully implement OMB’s guidance on the management of IT contracts. Agencies also have not fully implemented OMB’s guidance on the management of IT acquisitions and IT security. Additionally, 24 agencies reported that they had not fully implemented OMB’s guidance on the management of IT applications and 24 agencies reported that they had not fully implemented OMB’s guidance on the management of IT data. We also found that agencies have not fully implemented OMB’s guidance on the management of IT contracts. The report includes a discussion of the Federal Information Technology Acquisition Reform Act (FITARA), which is a law that requires agencies
TTFT (blend_recompute, 不含预计算): 124.01 ms
  选点 1209 tokens / 526 runs, selection=17.19 ms, recompute=25.49 ms
blend_recompute_headwise 输出:
# Federal Government IT Management Report Summary

## Purpose
The purpose of this report is to assess the federal government's progress toward implementing FITARA and OMB’s guidance on IT management. Specifically, the report evaluates the federal government’s efforts to improve the management of information technology (IT) systems and services. The report includes a high-risk list of areas of concern, which includes IT acquisitions and operations, software licensing, cybersecurity, and data center consolidation. The report also includes a list of recommendations aimed at improving IT management.

## Methods
The report was conducted through a combination of research and fieldwork. We reviewed information technology (IT) management reports from 24 federal agencies, including 16 agencies that we selected based on their size and the importance of their IT operations. We also interviewed senior agency officials, IT professionals, and IT auditors to gather more information. We used statistical analysis and data visualization techniques to identify trends and patterns in the data.

## Key Findings
1. **IT Management Challenges**: Agencies faced challenges in managing IT systems and services, including insufficient IT budgets, inadequate oversight, and outdated acquisition practices.
2. **Software Licensing Issues**: Agencies struggled with managing software licenses, which can lead to cost overruns and security risks.
3. **Cybersecurity Weaknesses**: Agencies lacked comprehensive cybersecurity measures, leading to vulnerabilities in their systems.
4. **Data Center Consolidation**: Agencies had varying levels of progress in consolidating data centers, which could lead to inefficiencies and security risks.
5. **Insufficient Recommendations Implementation**: Only 71 out of 81 recommendations made by OMB and the selected agencies had been fully implemented as of May 2018.

## Recommendations
1. **Enhance IT Management**: Agencies should implement sustainable processes for IT acquisition, ensure proper allocation of IT budgets, and improve oversight and oversight of IT acquisition processes.
2. **Improve Cybersecurity**: Agencies should expand cybersecurity measures, improve incident detection and response capabilities, and strengthen workforce planning and training.
3. **Enhance Data Center Consolidation**: Agencies should improve data center consolidation efforts to reduce costs and security risks.
4. **Implement FITARA and OMB’s Guidance**: Agencies should fully implement FITARA and OMB’s guidance on IT management, including the establishment of comprehensive policies, improved data center consolidation, and enhanced cybersecurity measures.

## Conclusion
The federal government has made progress in IT management, but significant challenges remain. Agencies need to improve their IT management practices, including better oversight, cybersecurity, and data
TTFT (blend_recompute_headwise, 不含预计算): 13459.78 ms
  选中 1209 个 token-head 对 / 474 runs, selection=17.99 ms, recompute=13331.29 ms
标准答案:
The federal government plans to invest almost $96 billion in IT in fiscal year 2018. Historically, IT investments have too often failed or contributed little to mission-related outcomes. Further, increasingly sophisticated threats and frequent cyber incidents underscore the need for effective information security. As a result, GAO added two areas to its high-risk list: IT security in 1997 and the management of IT acquisitions and operations in 2015. This statement summarizes agencies' progress in improving IT management and ensuring the security of federal IT. It is primarily based on GAO's prior reports issued between February 1997 and May 2018 (and an ongoing review) on (1) CIO responsibilities, (2) agency CIOs' involvement in approving IT contracts, (3) data center consolidation efforts, (4) the management of software licenses, and (5) compliance with cybersecurity requirements. The Office of Management and Budget (OMB) and federal agencies have taken steps to improve the management of information technology (IT) acquisitions and operations and ensure the security of federal IT through a series of initiatives. As of May 2018, agencies had fully implemented about 61 percent of the approximately 800 IT management-related recommendations that GAO made from fiscal years 2010 through 2015. Likewise, since 2010, agencies had implemented about 66 percent of the approximately 2,700 security-related recommendations as of May 2018. Even with this progress, significant actions remain to be completed. Chief Information Officer (CIO) responsibilities . Laws such as the Federal Information Technology Acquisition Reform Act (FITARA) and related guidance assigned 35 key IT management responsibilities to CIOs to help address longstanding challenges. However, in a draft report on CIO responsibilities, GAO's preliminary results suggest that none of the 24 selected agencies have policies that fully address the role of their CIO, as called for by federal laws and guidance. GAO intends to recommend that OMB and each of the selected 24 agencies take actions to improve the effectiveness of CIO's implementation of their responsibilities. IT contract approval . According to FITARA, covered agencies' CIOs are required to review and approve IT contracts. Nevertheless, in January 2018, GAO reported that most of the CIOs at 22 selected agencies were not adequately involved in reviewing billions of dollars of IT acquisitions. Consequently, GAO made 39 recommendations to improve CIO oversight over IT acquisitions. Consolidating data centers . OMB launched an initiative in 2010 to reduce data centers, which was codified and expanded in FITARA. According to agencies, data center consolidation and optimization efforts have resulted in approximately $3.9 billion of cost savings through 2018. Even so, additional work remains. GAO has made 160 recommendations to OMB and agencies to improve the reporting of related cost savings and to achieve optimization targets; however, as of May 2018, 80 of the recommendations have not been fully addressed. Managing software licenses . Effective management of software licenses can help avoid purchasing too many licenses that result in unused software. In May 2014, GAO reported that better management of licenses was needed to achieve savings, and made 135 recommendations to improve such management. Four years later, 78 of the recommendations remained open. Improving the security of federal IT systems . While the government has acted to protect federal information systems, agencies need to improve security programs, cyber capabilities, and the protection of personally identifiable information. Over the last several years, GAO has made about 2,700 recommendations to agencies aimed at improving the security of federal systems and information. These recommendations identified actions for agencies to take to strengthen their information security programs and technical controls over their computer networks and systems. As of May 2018, about 800 of the information security-related recommendations had not been implemented. From fiscal years 2010 through 2015, GAO made about 800 recommendations to OMB and federal agencies to address shortcomings in IT acquisitions and operations. Since 2010, GAO also made about 2,700 recommendations to federal agencies to improve the security of federal systems. These recommendations include those to improve the implementation of CIO responsibilities, the oversight of the data center consolidation initiative, software license management efforts, and the strength of security programs and technical controls. Most agencies agreed with these recommendations, and GAO will continue to monitor their implementation.
ROUGE-L F1 (base vs ground_truth): 0.2323
ROUGE-L F1 (simple_concat_with_reposition vs ground_truth): 0.2570
ROUGE-L F1 (blend_recompute vs ground_truth): 0.3135
ROUGE-L F1 (blend_recompute_headwise vs ground_truth): 0.2824

----------------------------------------------------------------------
样本 28/200
context 前缀: Many Members of Congress became actively engaged in foreign policy debates over ...
模型输入前 40 词:
<|im_start|>user You are given a report by a government agency. Read the report carefully. Report: Many Members of Congress became actively engaged in foreign policy debates over U.S. intervention in the 1992-1995 war in Bosnia and Herzegovina (hereafter, "Bosnia"). Congress ...
基线输出:
**Summary of the Report:**

**Purpose:** The report aims to provide a comprehensive overview of Bosnia and Herzegovina's history, politics, and challenges since the 1992-1995 war. It examines the country's complex political system, the Dayton Peace Agreement, the role of the United States and other international actors, and the ongoing security and economic issues. The report highlights the country's heterogeneous population, ethnic divisions, and the need for reform.

**Methods:** The report uses historical data, legal documents, political analyses, and expert opinions to provide a detailed account of Bosnia's political landscape and its challenges.

**Key Findings:**

1. **History and Politics:** Bosnia's complex political system is a product of the Dayton Agreement, which divided the country into two entities (RS and FBiH) and established a framework for ethnic quotas and power-sharing arrangements.
2. **Challenges:** Bosnia faces internal divisions, ethnic tensions, and challenges such as corruption, economic instability, and security issues. The country has a history of ethnic conflict and continues to grapple with these issues.
3. **International Relations:** The United States and other international actors have played a role in Bosnia's stabilization and reform efforts, including through the Countering America's Adversaries Through Sanctions Act (CAATSA). The report highlights the importance of U.S. engagement in Bosnia's stability and the need for continued support.

**Recommendations:**

1. **Promote Reform:** Encourage Bosnia's political system to incorporate legal rulings of the Bosnian Constitutional Court and the European Court of Human Rights into election legislation and the constitution.
2. **Counter Russian Influence:** Address Russian influence in Republika Srpska through measures to counter Russia's use of local media and Sputnik to amplify anti-U.S. narratives and project pro-Russian soft power.
3. **Address Militarization:** Prevent militarization in Republika Srpska by addressing the concerns of Bosnian Serb politicians and ensuring transparency and accountability in the political system.
4. **Support Reform Initiatives:** Encourage a successful reform initiative that secures transparency and accountability, facilitating a political community where politicians and voters are committed to the Bosnian state and socioeconomic challenges that transcend all three ethnic groups.
5. **Strengthen Civic Groups and Independent Media:** Use foreign assistance to support civic groups and independent media that can serve as a check against corruption and promote transparency.
6. **Encourage Serbia and Croatia:** Encourage Croatia and
TTFT (base): 2437.82 ms
simple_concat 输出:
The report is a detailed analysis of the current state of Bosnia and Herzegovina's political and political landscape, focusing on the political landscape of Bosnia and Herzegovina and its geopolitical significance. It is part of the U.S. State Department's annual report on U.S. foreign policy in the Balkans. The report discusses the political situation in Bosnia and Herzegovina, including the Bosnian Serb Republic, the Federation of Bosnia and Herzegovina, and the Federation of the RS, and the Bosniak entity. It also discusses the political climate, including the role of the EU, NATO, and other international organizations in Bosnia and Herzegovina. The report highlights the importance of Bosnia and Herzegovina's political stability and the need for further reforms. It also discusses the challenges Bosnia and Herzegovina faces, including corruption, crime, and the need for further reforms to ensure a more democratic and stable country. The report concludes with recommendations for U.S. policy towards Bosnia and Herzegovina, including support for political reform, economic development, and international cooperation. The report aims to provide policymakers with up-to-date information on Bosnia and Herzegovina's political landscape and provide recommendations for improving the country's political and economic conditions.
TTFT (simple_concat, 不含预计算): 125.43 ms
blend_recompute 输出:
The report is a detailed analysis of the political and political landscape of Bosnia and Herzegovina, focusing on the complex political landscape of Bosnia and Herzegovina. It covers a period spanning from 2018 to 2019, highlighting the evolving political dynamics in the country. The report aims to provide a comprehensive overview of the political environment in Bosnia and Herzegovina, including the country's political parties, political parties, and political parties. The report also examines the role of international actors, including the EU, EU, and the United States, in the country's politics. It also discusses the political situation in Bosnia and Herzegovina in the context of the European Union's enlargement process, the European Union's policies, and the impact of the European Union's policy on the country's political landscape. The report also explores the political situation in Bosnia and Herzegovina in the context of the European Union's policies, including the EU's enlargement policy, the European Union's policies, and the impact of the European Union's policy on the country's political landscape. The report also examines the political situation in Bosnia and Herzegovina in the context of the European Union's policies, the European Union's policies, and the impact of the European Union's policies on the country's political landscape. The report also explores the political situation in Bosnia and Herzegovina in the context of the European Union's policies, the European Union's policies, and the impact of the European Union's policies on the country's political landscape. The report also examines the political situation in Bosnia and Herzegovina in the context of the European Union's policies, the European Union's policies, and the impact of the European Union's policies on the country's political landscape. The report also examines the political situation in Bosnia and Herzegovina in the context of the European Union's policies, the European Union's policies, and the impact of the European Union's policies on the country's political landscape. The report also explores the political situation in Bosnia and Herzegovina in the context of the European Union's policies, the European Union's policies, and the impact of the European Union's policies on the country's political landscape. The report also examines the political situation in Bosnia and Herzegovina in the context of the European Union's policies, the European Union's policies, and the impact of the European Union's policies on the country's political landscape. The report also explores the political situation in Bosnia and Herzegovina in the context of the European Union's policies, the European Union
TTFT (blend_recompute, 不含预计算): 182.82 ms
  选点 1792 tokens / 813 runs, selection=28.01 ms, recompute=27.77 ms
blend_recompute_headwise 输出:
The report provides an in-depth analysis of Bosnia and Herzegovina's political, economic, and security challenges, focusing on the country's complex ethnic and political divisions, the role of foreign powers, and the potential for further unrest. Key findings include:

1. Bosnia is divided into three entities: Republika Srpska, Federation of Bosnia and Herzegovina, and Brčko District.
2. Bosnian Serbs have dominated politics, with Milorad Dodik's RS controlling the presidency.
3. Bosnian Croat and Bosniak parties have been more supportive of reform and EU integration.
4. Russia and Turkey are seen as key external influences, with Turkey's influence increasing.
5. Bosnia's economy is weak, with high unemployment and corruption.
6. The EU and U.S. are concerned about Russia's influence and potential leverage.
7. The Bosnian government is working to implement EU and U.S. reforms, but progress has been slow.
8. The country faces challenges in addressing ethnic divisions, economic issues, and security concerns.
9. The Bosnian government is seeking EU membership, but this has been hindered by political fragmentation.
10. The report recommends that the United States should support Bosnia's reform efforts and work to prevent further unrest.

</think>
TTFT (blend_recompute_headwise, 不含预计算): 20696.86 ms
  选中 1792 个 token-head 对 / 744 runs, selection=29.50 ms, recompute=20537.09 ms
标准答案:
Bosnia and Herzegovina (hereafter, "Bosnia") drew heavily on U.S. support after gaining independence from Yugoslavia in 1992. The United States helped end the Bosnian war (1992-1995), one of the most lethal conflicts in Europe since the Second World War, by leading NATO airstrikes against Bosnian Serb forces, brokering the Dayton Peace Agreement in 1995, and deploying 20,000 U.S. troops. Some Members of Congress became involved in policy debates over these measures, and Congress monitored and at times challenged the Bush and Clinton Administrations' response through numerous hearings, resolutions, and legislative proposals. Since 1995, the United States has been a major source of aid to Bosnia and firmly supports its territorial integrity. The United States also supports Bosnia's aspirations for NATO and European Union (EU) membership. Today, Bosnia faces serious challenges. Nearly 25 years after the Dayton Agreement, Bosnia continues to use part of the Agreement as its constitution, which divides the country into two ethnoterritorial entities. Critics charge that Bosnia's political system is too decentralized to enact the reforms required for NATO and EU membership. They also contend that the ethnic power-sharing arrangements and veto points embedded in numerous government bodies are sources of gridlock. Domestic and international courts have ruled against several aspects of Bosnia's constitution, yet the Bosnian government thus far has failed to implement these rulings. Since Bosnia's independence, its politics has been dominated by ethnic parties representing the country's three main groups: Bosniaks (Slavic Muslims), Croats, and Serbs. These parties have prospered under a system that critics charge lacks transparency and accountability. Critics also maintain that ethnic party leaders use divisive nationalist rhetoric to distract from serious issues affecting the country as a whole, including poverty, unemployment, and stalled political reforms. The Bosnian population exhibits low trust in political parties and the government, and disaffection toward the country's elite. U.S. and EU officials brokered several ultimately unsuccessful rounds of constitutional reform negotiations, and continue to call on Bosnia's leaders to implement reforms to make governance more efficient and effective, dismantle patronage networks, and bring Bosnia closer to EU and NATO membership. However, there is little consensus among the country's leaders on how the country should be reformed. Bosnian Serb leaders from the Serb-majority entity (Republika Srpska) have called for greater autonomy and even secession from Bosnia. Some Bosnian Croat leaders have called for partitioning Bosnia's other entity, the Federation of Bosnia and Herzegovina, to create a separate Croat-majority entity. Bosniak leaders, by contrast, generally prefer a more centralized state. Many analysts caution that any move to partition the country could lead to renewed violence, while greater decentralization could make Bosnia's government less functional. U.S. policy has long been oriented toward preserving Bosnia's statehood. Bosnia's 2018 general elections largely returned to power the same entrenched ethnic parties. Of particular concern is the election of Bosnian Serb leader Milorad Dodik to Bosnia's collective presidency. Dodik, a sharp critic of the United States and NATO, has periodically called for a referendum on Republika Srpska's secession. He is under U.S. sanctions for obstructing the Dayton Agreement. In addition to these internal challenges, U.S. and EU officials have expressed concern over external influence in the region. Russia reportedly relies on soft power, energy leverage, and "spoiler" tactics to influence Bosnia, particularly in the Serb-majority entity. Turkish soft power draws on Bosnia's Ottoman-era heritage and Turkey's shared religious tradition with Bosniaks. China is a more recent presence in the region, but its heavy investments and lending have prompted concern on both sides of the Atlantic. Policymakers have also expressed concern at the challenges posed by the return of Bosnians who fought with the Islamic State and Nusra Front in Syria and Iraq. Many observers contend that the United States remains a stakeholder in Bosnia's future because of its central role in resolving the conflict and shaping the postwar Bosnian state. Given the history of U.S. involvement in Bosnia, Bosnia's importance to regional stability in the Balkans, and concerns over Russian and Chinese influence in Bosnia, Members of Congress may be interested in monitoring how the country navigates its internal and external challenges. Congress may also consider future U.S. aid levels to Bosnia and the degree to which such assistance supports the long-standing U.S. policy objectives for Bosnia of territorial integrity, NATO and EU integration, energy security, and resilience against malign influence.
ROUGE-L F1 (base vs ground_truth): 0.2222
ROUGE-L F1 (simple_concat_with_reposition vs ground_truth): 0.1607
ROUGE-L F1 (blend_recompute vs ground_truth): 0.1067
ROUGE-L F1 (blend_recompute_headwise vs ground_truth): 0.2054

----------------------------------------------------------------------
样本 29/200
context 前缀: DOJ and its components, as well as the judiciary, play important roles in reques...
模型输入前 40 词:
<|im_start|>user You are given a report by a government agency. Read the report carefully. Report: DOJ and its components, as well as the judiciary, play important roles in requesting and collecting restitution. DOJ and select components: Prosecutors in DOJ’s Criminal ...
基线输出:
**Summary of the Report**

The report discusses the federal restitution process, focusing on the roles of the Department of Justice (DOJ) and the judiciary in requesting and collecting restitution. It highlights the DOJ's guidance on various practices to ensure victims receive full and timely restitution. The study involved semi-structured interviews with officials from six USAOs to assess the effectiveness of DOJ-identified restitution practices. Key findings include:

- **DOJ Recommendations**: The report identifies and recommends practices for federal prosecutors and FLU staff to use in the restitution process. These practices aim to ensure full and timely restitution for victims.
- **Interview Findings**: Interviews with USAO officials revealed that the identified practices were generally effective, with 90% of USAOs finding them useful. However, some practices may not be applicable to all cases or districts.
- **Recommendations**: The report recommends the Attorney General to develop and implement performance measures and goals for each USAO related to the collection of restitution. It also suggests gathering information on cases where forfeited assets were not used to compensate victims to address the issue of incomplete USSC data.
- **Impact**: The recommendations aim to improve oversight and collection efforts, ensuring that victims receive full restitution and that the department's performance in seeking and recovering restitution is evaluated.

**Conclusion**: The report underscores the importance of effective restitution practices and recommends measures to improve the collection and transparency of restitution, particularly in cases where victims are not compensated using forfeited assets.
TTFT (base): 2071.92 ms
simple_concat 输出:
The Federal Bureau of Justice (DOJ) has been tasked with collecting restitution from offenders who have been convicted of crimes. The report discusses the efforts of the U.S. Attorney’s Offices (USAOs) to collect restitution. The report notes that the DOJ has developed a policy that requires all USAOs to provide restitution to victims, but there are several challenges in collecting restitution. These include challenges in identifying victims of crime, collecting from offenders, and collecting from the offender’s property. The report suggests that DOJ needs to improve its practices in these areas and suggests that the U.S. Department of Justice (DOJ) needs to ensure that victims receive restitution. DOJ officials stated that they are working to improve its practices and that they have developed a plan to improve the collection of restitution. DOJ officials have established a plan to improve the collection of restitution. The report also states that the Department of Justice (DOJ) is working to ensure that victims receive restitution and that the U.S. Department of Justice (DOJ) has established a plan to improve the collection of restitution. DOJ officials are committed to ensuring that victims receive restitution and have developed a plan to improve the collection of restitution. DOJ officials have established a plan to improve the collection of restitution and have committed to ensuring that victims receive restitution. DOJ officials have committed to ensuring that victims receive restitution and have established a plan to improve the collection of restitution. The report suggests that DOJ needs to improve its practices and that the Department of Justice (DOJ) needs to ensure that victims receive restitution. DOJ officials have committed to ensuring that victims receive restitution and have established a plan to improve the collection of restitution. DOJ officials have established a plan to improve the collection of restitution and have committed to ensuring that victims receive restitution. DOJ officials have committed to ensuring that victims receive restitution and have established a plan to improve the collection of restitution. DOJ officials have committed to ensuring that victims receive restitution and have established a plan to improve the collection of restitution. DOJ officials have committed to ensuring that victims receive restitution and have established a plan to improve the collection of restitution. DOJ officials have committed to ensuring that victims receive restitution and have established a plan to improve the collection of restitution. DOJ officials have committed to ensuring that victims receive restitution and have established a plan to improve the collection of restitution. DOJ officials have committed to ensuring that victims receive restitution and have established a plan to improve the collection of restitution. DOJ officials have committed to ensuring that victims receive restitution and have established a plan to improve the collection of restitution. DOJ officials have committed to ensuring
TTFT (simple_concat, 不含预计算): 109.02 ms
blend_recompute 输出:
The Federal Bureau of Justice (DOJ) has been tasked with collecting restitution from offenders who have been convicted of crimes. The report discusses the efforts of the U.S. Attorney’s Offices (USAOs) to collect restitution. The report notes that the U.S. Attorney’s Office for the District of Delaware, in 2016, received $22.6 million in restitution. The report also highlights the importance of restitution as a tool to compensate victims of crime. The report suggests that the U.S. Attorney’s Offices are responsible for the collection of restitution, and they have a variety of tools available to them, including forfeiture, civil forfeiture, and asset forfeiture. The report also states that the Department of Justice (DOJ) has developed a plan to improve the process of collecting restitution, and it has also established a restitution fund for victims. The report concludes that the DOJ has a responsibility to ensure that victims receive full and fair restitution and that DOJ should consider the needs of victims when making decisions. The report notes that there are various ways restitution can be collected, including through court orders, court-ordered restitution, and the use of forfeited assets. The report also notes that the Department of Justice is responsible for ensuring that restitution is collected for victims, and it has the authority to order restitution to be paid. The report suggests that restitution is a key component of the justice system and that it is a key component of the criminal justice system. The report recommends that the U.S. Attorney’s Offices should use the resources available to them to collect restitution, and that the Department of Justice should take steps to improve the collection of restitution.
TTFT (blend_recompute, 不含预计算): 161.73 ms
  选点 1563 tokens / 694 runs, selection=23.51 ms, recompute=30.89 ms
blend_recompute_headwise 输出:
The report assesses the federal government's efforts to collect restitution for victims of federal crimes. It found that restitution is not always collected and that the Department of Justice (DOJ) has not established performance measures to assess its success in collecting restitution. DOJ has recommended practices to improve restitution collection, but officials said they do not track whether these practices are being used effectively. DOJ has not collected restitution for $595 million in debts from fiscal years 2014 through 2016, and it does not track the extent to which restitution debts were not collected. DOJ officials said they do not have information on the extent to which restitution debts were not collected because they do not track this information. The report recommends that DOJ develop performance measures and goals for each USAO related to the collection of restitution, and track the extent to which restitution debts were not collected. It also recommends that DOJ gather information on the extent to which forfeited assets were used for victim compensation and the reasons why they were not used. DOJ should also develop performance measures and goals for each USAO related to the collection of restitution, and track the extent to which restitution debts were not collected. DOJ should also develop performance measures and goals for each USAO related to the collection of restitution, and track the extent to which restitution debts were not collected. DOJ should also develop performance measures and goals for each USAO related to the collection of restitution, and track the extent to which restitution debts were not collected. DOJ should also develop performance measures and goals for each USAO related to the collection of restitution, and track the extent to which restitution debts were not collected. DOJ should also develop performance measures and goals for each USAO related to the collection of restitution, and track the extent to which restitution debts were not collected. DOJ should also develop performance measures and goals for each USAO related to the collection of restitution, and track the extent to which restitution debts were not collected. DOJ should also develop performance measures and goals for each USAO related to the collection of restitution, and track the extent to which restitution debts were not collected. DOJ should also develop performance measures and goals for each USAO related to the collection of restitution, and track the extent to which restitution debts were not collected. DOJ should also develop performance measures and goals for each USAO related to the collection of restitution, and track the extent to which restitution debts were not collected. DOJ should also develop performance measures and goals for each USAO related to the collection of restitution, and track the extent to which restitution debts were not
TTFT (blend_recompute_headwise, 不含预计算): 16952.62 ms
  选中 1563 个 token-head 对 / 599 runs, selection=26.49 ms, recompute=16813.36 ms
标准答案:
One of the goals of federal criminal restitution is to restore victims of federal crimes to the position they occupied before the crime was committed by providing compensation. Various entities within the federal government are involved in the process of requesting, ordering, and collecting restitution for crime victims, including DOJ and the judiciary. The Justice for All Reauthorization Act of 2016 includes a provision for GAO to review the federal criminal restitution process for fiscal years 2014 through 2016. This report addresses, among other things: (1) the extent to which information is available on restitution requested by DOJ and ordered by courts; (2) the amount of restitution debt DOJ collected and the amount that remains outstanding; and, (3) the extent to which DOJ has conducted oversight on the collection of restitution. GAO analyzed laws, policies and procedures as well as USSC data on restitution orders and DOJ data on restitution collected from fiscal years 2014 through 2016. GAO also selected a non-generalizable sample of six federal judicial districts based on restitution collections and spoke with USAO officials and federal probation officers. Officials from selected U.S. Attorney's Offices (USAO) stated that they document requests for restitution in case files and employ other internal controls, such as the use of templates and forms, throughout the prosecution process to ensure that prosecutors request restitution as appropriate. GAO's analysis of U.S. Sentencing Commission (USSC) data—an agency within the judiciary—showed that information on restitution orders was available for 95 percent of all offenders sentenced from fiscal years 2014 through 2016. Specifically, 214,578 federal offenders were sentenced during this time period and restitution was ordered for 33,158, or 15 percent, of those offenders. Collectively, courts ordered these offenders to pay $33.9 billion in restitution. Most federal offenders sentenced during these years were sentenced for immigration or drug-related offenses. In interviews, USAO officials stated that these offenses do not typically have victims requiring restitution. GAO found that data on reasons why restitution was not ordered were incomplete for 5 percent of all offenders sentenced from fiscal years 2014 through 2016. Determining why data on restitution orders are incomplete may inform the judiciary of the cause of the incomplete data and any efforts needed to improve USSC data. GAO's analysis of Department of Justice (DOJ) data showed that USAOs collected $2.95 billion in restitution debt in fiscal years 2014 through 2016, see figure below. However, at the end of fiscal year 2016, $110 billion in previously ordered restitution remained outstanding, and USAOs identified $100 billion of that outstanding debt as uncollectible due to offenders' inability to pay. DOJ identified improving debt collection—including restitution—as a major management initiative in its 2014-2018 Strategic Plan. While DOJ is developing analytical tools to monitor the collection of restitution, it has not established performance measures or goals. Performance measures and goals would allow DOJ to gauge USAOs' success in collecting restitution and, by extension, the department's success in achieving a major management initiative. GAO is making three recommendations. GAO is making one to the judiciary to determine why data on restitution orders are incomplete. GAO is making two recommendations to DOJ, including one to implement performance measures and goals for the collection of restitution. The judiciary and DOJ concurred with the recommendations.
ROUGE-L F1 (base vs ground_truth): 0.2632
ROUGE-L F1 (simple_concat_with_reposition vs ground_truth): 0.2393
ROUGE-L F1 (blend_recompute vs ground_truth): 0.2561
ROUGE-L F1 (blend_recompute_headwise vs ground_truth): 0.3274

----------------------------------------------------------------------
样本 30/200
context 前缀: Beginning the summer 2013 through 2016, there were numerous reports in the media...
模型输入前 40 词:
<|im_start|>user You are given a report by a government agency. Read the report carefully. Report: Beginning the summer 2013 through 2016, there were numerous reports in the media on sexual assault incidents in the U.S. armed services. In many cases, ...
基线输出:
The report provides a comprehensive chronology of official actions taken by the Department of Defense (DOD), the Obama Administration, and Congress to address military sexual assault. Key findings include:

- DOD announced the release of the 2012 Workplace and Gender Relations Survey of Reserve Component Members, which found that unwanted sexual contact rates increased in all three military academies.
- DOD released key findings from the Academic Program Year (APY) 2011-2012 Report on Sexual Harassment and Violence at the United States Military Service Academies.
- In 2012, the number of sexual assaults reported by members of the military rose 6% to 3,374.
- The report details DOD's efforts to combat sexual assault, including new series of actions to further DOD's sexual assault and prevention efforts, and the establishment of the Response Systems to Adult Sexual Assault Crimes Panel.
- The report includes information compiled from the official government websites of DOD, the Obama White House, and Congress.gov for historical background and will not be updated.

</think>
TTFT (base): 6669.56 ms
simple_concat 输出:
The U.S. Congress has taken several steps to address sexual assault in the military, including the passage of laws and policies aimed at improving sexual assault prevention and response in the military. The Department of Defense (DoD) has also established the Military Justice System to address sexual assault in the military, which includes the Sexual Assault Prevention and Response Program. The National Defense Authorization Act for Fiscal Year 2013 required the Department of Defense (DoD) to submit an annual report on the effectiveness of the program to Congress. The National Defense Authorization Act for Fiscal Year 2014 also established the Sexual Assault Prevention and Response Program, which is a comprehensive, coordinated, and comprehensive sexual assault prevention and response program that includes a comprehensive approach to the prevention of sexual assault. The National Defense Authorization Act for Fiscal Year 2015 requires the Secretary of Defense to report on the results of the 2014 Sexual Assault Prevention and Response Program to Congress. The Defense Department has also established a Military Justice System to address sexual assault in the military. The Sexual Assault Prevention and Response Program and the Military Justice System have been designed to prevent sexual assault in the military and to ensure that victims of sexual assault receive appropriate medical, legal, and counseling services. The Department of Defense has also established a Sexual Assault Prevention and Response Program to address sexual assault in the military. The program includes a comprehensive approach to the prevention of sexual assault and a comprehensive approach to the response to sexual assault. The Department of Defense has also established a Military Justice System to address sexual assault in the military. The program is designed to prevent sexual assault and ensure that victims of sexual assault receive appropriate medical, legal, and counseling services. The Sexual Assault Prevention and Response Program and the Military Justice System have been designed to prevent sexual assault in the military and ensure that victims of sexual assault receive appropriate medical, legal, and counseling services. The Department of Defense has also established a Sexual Assault Prevention and Response Program to address sexual assault in the military. The program includes a comprehensive approach to the prevention of sexual assault and a comprehensive approach to the response to sexual assault. The Department of Defense has also established a Military Justice System to address sexual assault in the military. The program is designed to prevent sexual assault and ensure that victims of sexual assault receive appropriate medical, legal, and counseling services. The Sexual Assault Prevention and Response Program and the Military Justice System have been designed to prevent sexual assault in the military and ensure that victims of sexual assault receive appropriate medical, legal, and counseling services. The Department of Defense
TTFT (simple_concat, 不含预计算): 197.78 ms
blend_recompute 输出:
The U.S. Congress has taken several steps to address sexual assault in the military, including the passage of laws and policies aimed at improving sexual assault prevention and response in the military. The Department of Defense (DoD) has also established the Military Justice System to address sexual assault in the military, which includes the Sexual Assault Prevention and Response Program. The National Defense Authorization Act for Fiscal Year 2013 required the Department of Defense (DoD) to submit an annual report on the effectiveness of the program to Congress. The National Defense Authorization Act for Fiscal Year 2014 also established the Sexual Assault Prevention and Response Program, which is a set of policies and procedures designed to prevent sexual assault in the military. The report highlighted the need for a comprehensive approach to addressing sexual assault, including a comprehensive approach to prevention, investigation, prosecution, and support services. The Department of Defense (DoD) is working to implement the results of the report, which includes the Sexual Assault Prevention and Response Program. The Department of Defense (DoD) is also working to address sexual assault in the military by providing resources to support victims of sexual assault, including the Sexual Assault Prevention and Response Program, and by providing support services to victims of sexual assault. The report also emphasized the need for the Department of Defense (DoD) to provide sexual assault prevention and response resources to the military, and for the Department of Defense (DoD) to improve the reporting of sexual assault cases to the military justice system. The report also recommended that the Department of Defense (DoD) develop a new program to address sexual assault in the military, and to provide resources to assist military sexual assault victims in the military, including the Sexual Assault Prevention and Response Program. The report also recommended that the Department of Defense (DoD) provide sexual assault prevention and response resources to military sexual assault victims, and to improve the reporting of sexual assault cases to the military justice system. The report also recommended that the Department of Defense (DoD) develop a new program to address sexual assault in the military, and to provide resources to assist military sexual assault victims in the military, including the Sexual Assault Prevention and Response Program. The report also recommended that the Department of Defense (DoD) provide sexual assault prevention and response resources to military sexual assault victims, and to improve the reporting of sexual assault cases to the military justice system. The report also recommended that the Department of Defense (DoD) develop a new program to address sexual assault in the military, and to provide resources to assist military sexual
TTFT (blend_recompute, 不含预计算): 334.74 ms
  选点 3383 tokens / 1450 runs, selection=67.74 ms, recompute=34.37 ms
blend_recompute_headwise 输出:
The report provides a comprehensive overview of the sexual assault issues in the U.S. military. It discusses the prevalence of sexual assault in the military, the lack of accountability and support for sexual assault victims, the need for improved sexual assault prevention and response, and the lack of transparency in military sexual assault cases. The report recommends that the military should take steps to improve sexual assault prevention and response, provide better support for victims, and improve transparency in sexual assault cases. The report also recommends that the military should address the lack of accountability for perpetrators of sexual assault and provide better support for victims. The report is based on data from the Military Sexual Assault Reporting System (MSARS) and the Sexual Assault Reporting System (SARS) and is intended to inform the public and the military about the prevalence of sexual assault and the need for improvement in prevention and response efforts. The report also recommends that the military should take steps to improve sexual assault prevention and response, provide better support for victims, and improve transparency in sexual assault cases. The report is based on data from the Military Sexual Assault Reporting System (MSARS) and the Sexual Assault Reporting System (SARS) and is intended to inform the public and the military about the prevalence of sexual assault and the need for improvement in prevention and response efforts.
TTFT (blend_recompute_headwise, 不含预计算): 41860.66 ms
  选中 3383 个 token-head 对 / 1302 runs, selection=71.84 ms, recompute=41565.29 ms
标准答案:
This report focuses on previous activity in Congress regarding high profile incidents of sexual assault in the military during the summer 2013 through 2016. Included are separate sections on the official responses related to these incidents by the Department of Defense (DOD), the Obama Administration, and Congress including legislation during the 113th (2013-2014) Congress and 114th Congress (2015-2016). The last section is a resource guide for sources in this report and related materials on sexual assault and prevention during this period. This report will not be updated and supersedes CRS Report R43168, Military Sexual Assault: Chronology of Activity in Congress and Related Resources. For current information regarding Congress and issues on sexual assault in the military, see CRS Report R44944, Military Sexual Assault: A Framework for Congressional Oversight, by Kristy N. Kamarck and Barbara Salazar Torreon. For legislative initiatives in the 115th Congress, see CRS Report R44923, FY2018 National Defense Authorization Act: Selected Military Personnel Issues, by Kristy N. Kamarck, Lawrence Kapp, and Barbara Salazar Torreon and CRS Report R45343, FY2019 National Defense Authorization Act: Selected Military Personnel Issues, by Bryce H. P. Mendez et al.
ROUGE-L F1 (base vs ground_truth): 0.2578
ROUGE-L F1 (simple_concat_with_reposition vs ground_truth): 0.2474
ROUGE-L F1 (blend_recompute vs ground_truth): 0.2392
ROUGE-L F1 (blend_recompute_headwise vs ground_truth): 0.1829

----------------------------------------------------------------------
样本 31/200
context 前缀: Section 420 of the Robert T. Stafford Disaster Relief and Emergency Assistance A...
模型输入前 40 词:
<|im_start|>user You are given a report by a government agency. Read the report carefully. Report: Section 420 of the Robert T. Stafford Disaster Relief and Emergency Assistance Act ( P.L. 93-288 , hereinafter the Stafford Act) authorizes the President to ...
基线输出:
<report summary>

The report discusses the Fire Management Assistance Grant (FMAG) program under the Robert T. Stafford Disaster Relief and Emergency Assistance Act. The FMAG system was established in October 2001 and is authorized to provide federal assistance for fire suppression activities. The report addresses the request, evaluation, and types of assistance provided under an FMAG declaration. It covers criteria for FMAG requests, including cost estimates and information about the fire, and evaluates wildfires using the National Fire Danger Ratings System. The report also discusses FEMA's fire cost thresholds, which vary by state, and provides examples of individual and cumulative thresholds. The report concludes with information on the funding sources for FMAGs and how they are employed in conjunction with other federal assistance programs.
TTFT (base): 486.26 ms
simple_concat 输出:
The report provides an overview of the Federal Emergency Management Agency (FEMA) assistance for the Federal Emergency Management Assistance Grants (FMAG) program. The primary focus is on the FMAGs, which are a type of federal assistance provided by FEMA to states and tribal governments for disaster-related activities, including fire management. Key findings and recommendations are as follows:

### Report Overview:

The report discusses the FMAG program, which is a disaster assistance program that provides federal assistance to states and tribes for fire suppression activities. The program is authorized under the Robert T. Stafford Disaster Relief and Emergency Assistance Act (Stafford Act) and is funded through the FEMA's Disaster Relief Fund (DRF). It is important to note that FMAGs are distinct from the Federal Emergency Management Assistance Grants (FMAG) for other types of disasters, such as hurricanes, floods, and other natural disasters. 

### Key Findings:

1. **Purpose of FMAGs:**
   - FMAGs are designed to provide financial assistance for fire suppression activities on federal lands. This includes fire suppression activities such as firefighting, fire suppression, and other related activities, such as the provision of equipment, personnel, and supplies.

2. **Eligibility:**
   - Eligible entities include states and federally recognized tribes.
   - States can request FMAG assistance for fires that are deemed major disasters under the Stafford Act, which includes fires that are declared by FEMA.
   - FMAGs are not applicable to fires on federal lands that are not owned by the federal government, unless they are on lands where the ownership is mixed, and the state has a responsibility for suppression operations under a cooperative agreement with the federal agency.

3. **Cost Sharing:**
   - The federal share of the cost of FMAGs is 75% of eligible expenses, with the state and local governments covering the remaining 25%.

4. **Funding and Administration:**
   - The FMAGs are administered by the Federal Emergency Management Agency (FEMA).
   - Assistance is provided to states and tribes to help them manage, control, and mitigate the effects of wildfires, including evacuation, sheltering, and mitigation of fire risks.

### Recommendations:

1. **Enhance Communication and Coordination:**
   - Improve communication and coordination between FEMA, state and local governments, and other relevant agencies to ensure efficient and effective response and recovery efforts during and after fires.

2. **Streamlining Processes:**
   - Streamline the process for FMAG applications and reimbursements to
TTFT (simple_concat, 不含预计算): 40.17 ms
blend_recompute 输出:
The report provides an overview of the Federal Emergency Management Agency (FEMA) Federal Management Assistance Grants (FMAG) program, which is a program designed to provide financial assistance to state and local governments for the management of wildfires. The report outlines the criteria and procedures for applying for FMAGs, including the eligibility criteria, the process of submitting a request, and the process for evaluating and approving such requests. It also details the types of assistance provided through FMAGs, such as equipment, personnel, and grants, and the potential for reimbursement. The report notes that FMAGs are typically used for major disasters and are not typically used for routine fire management or suppression operations. The report also mentions that FMAGs can be used in conjunction with other federal assistance programs, such as FEMA's state and volunteer fire assistance programs, and that states may have a role in funding and managing some aspects of FMAGs. The report does not provide specific details on the financial impact or key findings of the program, but it outlines the basic structure and purpose of the program.
TTFT (blend_recompute, 不含预计算): 76.49 ms
  选点 407 tokens / 187 runs, selection=7.95 ms, recompute=26.36 ms
blend_recompute_headwise 输出:
The report discusses the Federal Management Assistance Grants (FMAGs) program, which provides federal assistance to states and tribes for wildfire suppression activities. The FMAGs are authorized under the Robert T. Stafford Disaster Relief and Emergency Assistance Act (P.L. 93-288). The program is funded through the Disaster Relief Fund (DRF), which includes both individual and cumulative thresholds. The FMAG process involves requesting assistance, evaluating costs, and providing eligible expenses. The report also mentions the Hazard Mitigation Grant Program (HMGP) and the Emergency Forest Restoration Program, which provide additional assistance for disaster recovery and mitigation efforts. The report does not provide specific recommendations, but it emphasizes the importance of the FMAG program in providing federal assistance for wildfire suppression activities.
TTFT (blend_recompute_headwise, 不含预计算): 4586.19 ms
  选中 407 个 token-head 对 / 157 runs, selection=9.08 ms, recompute=4534.03 ms
标准答案:
Section 420 of the Robert T. Stafford Disaster Relief and Emergency Assistance Act (P.L. 93-288, hereinafter the Stafford Act) authorizes the President to "declare" a Fire Management Assistance Grant (FMAG). In the interest of saving time, the authority to make the declaration has been delegated to the Federal Emergency Management Agency's (FEMA's) Regional Administrators. Once issued, the FMAG declaration authorizes various forms of federal fire suppression assistance such as the provision of equipment, personnel, and grants to state, local, and tribal governments for the control, management, and mitigation of any fire on certain public or private forest land or grassland that might become a major disaster. This federal assistance requires a cost-sharing component such that state, local, and tribal governments are responsible for 25% of the expenses. This report answers frequently asked questions about FMAGs. This report will be updated as events warrant.
ROUGE-L F1 (base vs ground_truth): 0.2888
ROUGE-L F1 (simple_concat_with_reposition vs ground_truth): 0.2708
ROUGE-L F1 (blend_recompute vs ground_truth): 0.2475
ROUGE-L F1 (blend_recompute_headwise vs ground_truth): 0.2857

----------------------------------------------------------------------
样本 32/200
context 前缀: IHS was established within the Public Health Service in 1955 to provide health s...
模型输入前 40 词:
<|im_start|>user You are given a report by a government agency. Read the report carefully. Report: IHS was established within the Public Health Service in 1955 to provide health services to members of AI/AN tribes, primarily in rural areas on or ...
基线输出:
The Indian Health Service (IHS) is responsible for providing health services to American Indian and Alaska Native communities, primarily in rural areas. The report examines the challenges IHS faces in recruiting and retaining providers, particularly in filling vacancies in critical positions. Key findings include:

- 97 of 303 nurse practitioner positions were vacant in the 8 IHS areas with substantial direct care responsibilities, with vacancy rates ranging from 12% in Oklahoma City to 47% in Albuquerque.
- 81 of 306 dentist positions were vacant, with vacancy rates ranging from 14% in Phoenix to 39% in Bemidji.
- 80 of 637 pharmacist positions were vacant, with vacancy rates ranging from 3% in Bemidji to 17% in Albuquerque.
- 37 of 125 physician assistant positions were vacant, with vacancy rates ranging from 12% in Oklahoma City to 40% in Portland.

Recommendations include obtaining agency-wide information on temporary provider contractors and their associated costs and number of full-time equivalents to inform decisions about resource allocation and provider staffing.
TTFT (base): 1985.69 ms
simple_concat 输出:
The report "Health Care Provider Shortages in Indian Health Service (IHS) Facilities: Challenges and Strategies for Addressing Physician Shortages in the Indian Health Service (IHS) is a report that examines the challenges faced by the Indian Health Service (IHS) in filling vacant positions in the health care field. The report highlights several key findings:

### Purpose:
The report aims to address the significant shortage of health care providers in the Indian Health Service (IHS) facilities by analyzing the current state of the workforce and identifying the challenges faced by providers in these facilities. The report also focuses on the recruitment and retention of providers and the use of temporary providers in order to address the shortage.

### Methods:
The report was compiled by the Office of Inspector General of the U.S. Department of Health and Human Services. It includes interviews with IHS officials, as well as the views of providers, hospital administrators, and other stakeholders in the healthcare sector. The study was conducted through interviews, surveys, and an analysis of existing data. 

### Key Findings:

1. **Provider Vacancies:**
   - The report found that IHS facilities have experienced a high rate of vacant positions across various provider specialties. For example, there are 1,267 vacant positions across the IHS network.
   - The number of vacancies has been increasing over time, with the highest vacancy rates in rural areas, particularly in the Navajo and Navajo tribes.

2. **Recruitment and Retention Challenges:**
   - The report highlights the challenges in recruiting and retaining providers, including high turnover rates, low pay, and a shortage of qualified candidates.
   - IHS officials noted that some providers are leaving for higher-paying positions, especially in urban areas, and that the agency has struggled to retain providers in rural areas.
   - The report also noted that the high turnover rates are particularly pronounced in facilities in the Phoenix and Albuquerque areas.

3. **Temporary Providers:**
   - The report highlights that the agency has implemented various strategies to address the shortage, including the use of temporary providers, which include:
     - Recruitment and retention incentives for physicians.
     - Use of nurse practitioners and nurse practitioners as temporary providers.
     - Use of locum tenens contracts for providers.
     - Use of university-based providers for telehealth services.
     - Use of temporary staffing services for non-physician providers.
   - IHS officials stated that these strategies have been effective in recruiting and retaining providers, but there are challenges in obtaining funding for these services due to
TTFT (simple_concat, 不含预计算): 85.12 ms
blend_recompute 输出:
The report "Health Care Workforce Challenges in Indian Health Service (IHS) Facilities: Challenges in Providing Services in Remote and Rural Areas" by the Department of Health and Human Services (HHS) details the challenges faced by the Indian Health Service (IHS) in providing health services in Indian Health Service (IHS) facilities in rural and remote areas of the United States. The report highlights several key findings and recommendations.

### Report Summary:

The purpose of the report is to address the challenges faced by the Indian Health Service (IHS) in providing health care services in Indian Health Service (IHS) facilities in rural and remote areas of the United States. The report aims to identify and analyze the reasons for these challenges and provide recommendations for improvement.

**Key Findings:**

1. **Lack of Providers:** IHS facilities in rural and remote areas face challenges in recruiting and retaining providers, with 2,350 positions vacant in FY 2017. This is a significant issue, especially for critical areas like obstetrics and family medicine. IHS officials stated that these vacancies are due to a variety of factors, including the high cost of living, lack of incentives for providers to work in these areas, and the lack of housing options. The recruitment and retention of providers in rural areas is a critical issue that needs to be addressed.

2. **Limited Resources:** The report highlights the challenges of limited resources, including the lack of adequate staffing, equipment, and facilities in these areas. The IHS facilities in rural and remote areas are often understaffed, with IHS officials stating that they are currently unable to meet the demand for services, particularly in areas with limited resources.

3. **Healthcare Delivery Model:** The report notes that the healthcare delivery model in rural and remote areas is a challenge for IHS. The report notes that IHS is working on developing a new model that will improve the quality and timeliness of care, with the goal of improving the quality of care for American Indian/Alaska Native people.

4. **Provider Training and Education:** The report highlights the importance of providing adequate training and education for providers, including the need for additional investment in training and education for IHS staff, as well as the need to increase the number of providers who are prepared to provide quality care in rural and remote areas.

**Recommendations:**

1. **Enhance Recruitment and Retention of Providers:** IHS should implement strategies to enhance recruitment and retention of providers, including increasing recruitment and retention incentives, providing
TTFT (blend_recompute, 不含预计算): 159.82 ms
  选点 1350 tokens / 597 runs, selection=19.95 ms, recompute=32.99 ms
blend_recompute_headwise 输出:
The report examines the recruitment and retention challenges faced by the Indian Health Service (IHS) in hiring and retaining providers in rural and remote areas. IHS officials stated that the agency has had to recruit and retain providers in these areas due to limited opportunities, and many providers have left due to the lack of opportunities. The report highlights that IHS has implemented recruitment and retention strategies such as providing loan repayment programs, offering temporary contract providers, and implementing accredited physician residency programs. However, the agency faces challenges in obtaining agency-wide information on the extent of vacancies and the cost of temporary providers. The report recommends that IHS obtain agency-wide information on the extent of vacancies and the cost of temporary providers to make informed decisions on how to address recruitment and retention challenges. The report also recommends that IHS improve its recruitment and retention strategies, including offering more incentives and implementing accreditation programs. The report is based on interviews with IHS officials, tribal officials, and staff from the IHS facilities. The report concludes that IHS has a critical need to improve recruitment and retention strategies to ensure that it can provide adequate health care services to its tribal clients. The report is available for download at http://www.gao.gov/. The report is also available for viewing at no cost at http://www.gao.gov. The report is not copyrighted and may be used and reprinted in whole or in part for any noncommercial purpose. The report is not intended to reflect the views of the Government Accountability Office. The report is not intended to reflect the views of the Government Accountability Office. The report is not intended to reflect the views of the Government Accountability Office. The report is not intended to reflect the views of the Government Accountability Office. The report is not intended to reflect the views of the Government Accountability Office. The report is not intended to reflect the views of the Government Accountability Office. The report is not intended to reflect the views of the Government Accountability Office. The report is not intended to reflect the views of the Government Accountability Office. The report is not intended to reflect the views of the Government Accountability Office. The report is not intended to reflect the views of the Government Accountability Office. The report is not intended to reflect the views of the Government Accountability Office. The report is not intended to reflect the views of the Government Accountability Office. The report is not intended to reflect the views of the Government Accountability Office. The report is not intended to reflect the views of the Government Accountability Office. The report is not intended to reflect the views of the Government Accountability Office. The report is not intended
TTFT (blend_recompute_headwise, 不含预计算): 14236.32 ms
  选中 1350 个 token-head 对 / 535 runs, selection=19.59 ms, recompute=14119.61 ms
标准答案:
IHS is charged with providing health care to AI/AN people who are members or descendants of 573 tribes. According to IHS, AI/AN people born today have a life expectancy that is 5.5 years less than all races in the United States, and they die at higher rates than other Americans from preventable causes. The ability to recruit and retain a stable clinical workforce capable of providing quality and timely care is critical for IHS. GAO was asked to review provider vacancies at IHS. This report examines (1) IHS provider vacancies and challenges filling them; (2) strategies IHS has used to recruit and retain providers; and (3) strategies IHS has used to mitigate the negative effects of provider vacancies. GAO reviewed IHS human resources data for the provider positions that the agency tracks. GAO also reviewed policies, federal internal control standards, and legal authorities related to providers in federally operated IHS facilities. GAO interviewed IHS officials at the headquarters and area level and at selected facilities. GAO selected facilities based on variation in their number of direct care outpatient visits and inpatient hospital beds in 2014. Indian Health Service (IHS) data show sizeable vacancy rates for clinical care providers in the eight IHS geographic areas where the agency provides substantial direct care to American Indian/Alaska Native (AI/AN) people. The overall vacancy rate for providers—physicians, nurses, nurse practitioners, certified registered nurse anesthetists, certified nurse midwives, physician assistants, dentists, and pharmacists—was 25 percent, ranging from 13 to 31 percent across the areas. IHS officials told GAO that challenges to filling these vacancies include the rural location of many IHS facilities and insufficient housing for providers. Officials said long-standing vacancies have a negative effect on patient access, quality of care, and employee morale. IHS uses multiple strategies to recruit and retain providers, including offering increased salaries for certain positions, but it still faces challenges matching local market salaries. IHS also offers other financial incentives, and has made some housing available when possible. In addition, IHS uses strategies, such as contracting with temporary providers, to maintain patient access to services and reduce provider burnout. Officials said these temporary providers are more costly than salaried employees and can interrupt patients' continuity of care. However, IHS lacks agency-wide information on the costs and number of temporary providers used at its facilities, which impedes IHS officials' ability to target its resources to address gaps in provider staffing and ensure access to health services across IHS facilities. GAO recommends that IHS obtain, on an agency-wide basis, information on temporary provider contractors, including their associated cost and number of full-time equivalents, and use this information to inform decisions about resource allocation and provider staffing. IHS concurred with GAO's recommendation.
ROUGE-L F1 (base vs ground_truth): 0.2994
ROUGE-L F1 (simple_concat_with_reposition vs ground_truth): 0.2676
ROUGE-L F1 (blend_recompute vs ground_truth): 0.2367
ROUGE-L F1 (blend_recompute_headwise vs ground_truth): 0.3212

----------------------------------------------------------------------
样本 33/200
context 前缀: The Navy currently has 51 attack submarines—comprising 33 Los Angeles class, 3 S...
模型输入前 40 词:
<|im_start|>user You are given a report by a government agency. Read the report carefully. Report: The Navy currently has 51 attack submarines—comprising 33 Los Angeles class, 3 Seawolf class, and 15 Virginia class submarines (see fig. 1). Attack submarines are ...
基线输出:
The report assesses the maintenance delays and idle time of the Navy's attack submarines, finding that delays have resulted in significant operating and support costs. The Navy has taken steps to address maintenance delays, including hiring civilian workers and developing a plan for shipyard capital investments. However, challenges such as workforce shortages and capacity issues continue to affect maintenance. The report recommends that the Navy conduct a comprehensive business case analysis to inform maintenance workload allocation across public and private shipyards, including an assessment of private shipyard capacity to perform attack submarine maintenance and a complete accounting of costs, benefits, and risks.
TTFT (base): 923.21 ms
simple_concat 输出:
The report assesses the Navy's maintenance practices and challenges related to attack submarines, focusing on the Navy's attack submarine fleet. It highlights several key points:

1. **Purpose**: The report aims to assess the Navy's efforts to maintain attack submarines and their impact on the readiness of the fleet, including the impact of delays and idle time due to maintenance issues. It also examines the Navy's plans to address these challenges, particularly focusing on the SUBSAFE program for submarine maintenance.

2. **Key Findings**:
   - **Maintenance Delays and Idle Time**: The Navy has experienced delays in maintaining attack submarines, with 14 submarines having been delayed due to maintenance issues, totaling 61 months (1,891 days) of idle time from fiscal years 2008 through 2018.
   - **Submarine Fleet Status**: The Navy has 51 attack submarines, with 33 being of the Los Angeles-class, 3 of the Virginia-class, and 15 of the Seawolf-class. The attack submarine fleet is in a "high state of readiness" with a readiness rate of 98.7%.
   - **Submarine Fleet Maintenance**: The Navy has taken steps to address maintenance delays by hiring additional personnel, but there are challenges in maintaining the right number of personnel and managing the fleet's maintenance workload across public and private shipyards.
   - **Costs and Performance**: The Navy spends $1.5 billion annually on attack submarine maintenance, with the Navy and private shipyards sharing costs. The Navy estimates that the cost of delays and idle time is $266 million in fiscal year 2018 in constant dollars.
   - **Submarine Fleet Readiness**: The report notes that the Navy has not yet fully mitigated the challenges, and the Navy's readiness and maintenance delays have not been fully addressed. The report suggests that a comprehensive plan is needed to ensure the Navy's submarine fleet is ready for operations and maintenance.

3. **Recommendations**: The report recommends that the Navy conduct a business case analysis to assess the Navy's maintenance workload allocation across public and private shipyards, taking into account the capacity of private shipyards and the costs and benefits of maintaining attack submarines. It also recommends the development of a comprehensive plan to address the challenges faced by the Navy in maintaining its attack submarine fleet, including the development of a comprehensive plan to address the challenges faced by the Navy in maintaining its attack submarine fleet.

In summary, the report highlights the challenges
TTFT (simple_concat, 不含预计算): 65.96 ms
blend_recompute 输出:
The report assesses the Navy's maintenance practices and challenges related to attack submarines, focusing on the Navy's attack submarine fleet. It highlights several key points:

1. **Report Purpose**: The report aims to assess the Navy's ability to maintain its attack submarine fleet, particularly the attack submarines, and to determine the impact of delays and idle time on the fleet's operational readiness. It also evaluates the Navy's efforts to address maintenance delays and idle time and identifies the Navy's plans for improving the fleet's readiness and operational availability.

2. **Key Findings**:

   - **Maintenance Delays**: The Navy has experienced significant delays in completing attack submarine maintenance periods, with the most significant delay being the delay in the attack submarine USS Thresher, which led to a delay of 11 months for the entire attack submarine fleet. This delay has occurred since 2008 and continues to affect the fleet's readiness.

   - **Idle Time**: The Navy has experienced an average of 24 days of idle time per submarine per year due to maintenance delays, which adds up to 1,167 days of idle time for the entire fleet over the past 10 years. This idle time is a significant cost to the Navy, estimated to cost $266 million in fiscal year 2018 alone.

   - **Maintenance Delays by Submarine Class**: The report breaks down the maintenance delays by attack submarine class, noting that the attack submarine fleet has experienced the most delays. Specifically, the USS Thresher incident is the primary factor contributing to these delays.

3. **Recommendations**:
   - The report recommends that the Navy should conduct a comprehensive business case analysis to determine the optimal maintenance workload allocation for attack submarines to address the challenges of maintenance delays and idle time.
   - The Navy should also develop plans to improve the readiness and operational availability of attack submarines by addressing maintenance delays and idle time, and by optimizing the use of public and private shipyards.

In summary, the report highlights significant maintenance delays and idle time in the attack submarine fleet, leading to substantial costs and operational challenges for the Navy. The report calls for a comprehensive approach to addressing these issues, including conducting a business case analysis and optimizing maintenance schedules to improve fleet readiness.
TTFT (blend_recompute, 不含预计算): 117.14 ms
  选点 757 tokens / 315 runs, selection=12.52 ms, recompute=31.89 ms
blend_recompute_headwise 输出:
The report assesses the Navy's maintenance delays and idle time for attack submarines, focusing on the impact on readiness and costs. It found significant delays and idle time, leading to increased operating and support costs. The Navy's efforts to address these challenges have been limited, with the Department of Defense and the Navy agreeing on the need for comprehensive plans and analyses to improve submarine readiness and reduce maintenance delays. The report recommends a business case analysis to better manage maintenance workload and mitigate risks. The Navy and the Department of Defense should conduct comprehensive plans and analyses to address maintenance workload allocation, reduce idle time, and improve submarine readiness. The report also recommends that the Navy and the Department of Defense work together to develop a comprehensive plan to address maintenance workload allocation, reduce idle time, and improve submarine readiness. The Navy and the Department of Defense should conduct a comprehensive plan to address maintenance workload allocation, reduce idle time, and improve submarine readiness. The Navy and the Department of Defense should work together to develop a comprehensive plan to address maintenance workload allocation, reduce idle time, and improve submarine readiness. The Navy and the Department of Defense should conduct a comprehensive plan to address maintenance workload allocation, reduce idle time, and improve submarine readiness. The Navy and the Department of Defense should work together to develop a comprehensive plan to address maintenance workload allocation, reduce idle time, and improve submarine readiness. The Navy and the Department of Defense should conduct a comprehensive plan to address maintenance workload allocation, reduce idle time, and improve submarine readiness. The Navy and the Department of Defense should work together to develop a comprehensive plan to address maintenance workload allocation, reduce idle time, and improve submarine readiness. The Navy and the Department of Defense should conduct a comprehensive plan to address maintenance workload allocation, reduce idle time, and improve submarine readiness. The Navy and the Department of Defense should work together to develop a comprehensive plan to address maintenance workload allocation, reduce idle time, and improve submarine readiness. The Navy and the Department of Defense should conduct a comprehensive plan to address maintenance workload allocation, reduce idle time, and improve submarine readiness. The Navy and the Department of Defense should work together to develop a comprehensive plan to address maintenance workload allocation, reduce idle time, and improve submarine readiness. The Navy and the Department of Defense should conduct a comprehensive plan to address maintenance workload allocation, reduce idle time, and improve submarine readiness. The Navy and the Department of Defense should work together to develop a comprehensive plan to address maintenance workload allocation, reduce idle time, and improve submarine readiness. The Navy and the Department of Defense should conduct a comprehensive plan to
TTFT (blend_recompute_headwise, 不含预计算): 7365.79 ms
  选中 757 个 token-head 对 / 278 runs, selection=12.08 ms, recompute=7295.86 ms
标准答案:
According to the Navy, its 51 attack submarines provide the United States an asymmetric advantage to gather intelligence undetected, attack enemy targets, and insert special forces, among others. These capabilities make attack submarines some of the most–requested assets by the global combatant commanders. GAO was asked to review the readiness of the Navy's attack submarine force. This report discusses the extent to which the Navy (1) has experienced maintenance delays in its attack submarine fleet and costs associated with any delays; and (2) has addressed any challenges and developed mitigation plans for any maintenance delays. GAO analyzed readiness information from fiscal years 2008-2018, operating and support costs, maintenance performance, and other data; visited attack submarines and squadrons; and interviewed public and private shipyard and fleet officials. This is a public version of a classified report issued in October 2018. Information the Department of Defense deemed classified or sensitive, such as attack submarine force structure requirements and detailed data on attack submarine maintenance delays, has been omitted. The Navy has been unable to begin or complete the vast majority of its attack submarine maintenance periods on time resulting in significant maintenance delays and operating and support cost expenditures. GAO's analysis of Navy maintenance data shows that between fiscal year 2008 and 2018, attack submarines have incurred 10,363 days of idle time and maintenance delays as a result of delays in getting into and out of the shipyards. For example, the Navy originally scheduled the USS Boise to enter a shipyard for an extended maintenance period in 2013 but, due to heavy shipyard workload, the Navy delayed the start of the maintenance period. In June 2016, the USS Boise could no longer conduct normal operations and the boat has remained idle, pierside for over two years since then waiting to enter a shipyard (see figure). GAO estimated that since fiscal year 2008 the Navy has spent more than $1.5 billion in fiscal year 2018 constant dollars to support attack submarines that provide no operational capability—those sitting idle while waiting to enter the shipyards, and those delayed in completing their maintenance at the shipyards. The Navy has started to address challenges related to workforce shortages and facilities needs at the public shipyards. However, it has not effectively allocated maintenance periods among public shipyards and private shipyards that may also be available to help minimize attack submarine idle time. GAO's analysis found that while the public shipyards have operated above capacity for the past several years, attack submarine maintenance delays are getting longer and idle time is increasing. The Navy may have options to mitigate this idle time and maintenance delays by leveraging private shipyard capacity for repair work. But the Navy has not completed a comprehensive business case analysis as recommended by Department of Defense guidelines to inform maintenance workload allocation across public and private shipyards. Navy leadership has acknowledged that they need to be more proactive in leveraging potential private shipyard repair capacity. Without addressing this challenge, the Navy risks continued expenditure of operating and support funding to crew, maintain, and support attack submarines that provide no operational capability because they are delayed in getting into and out of maintenance. GAO recommends that the Navy conduct a business case analysis to inform maintenance workload allocation across public and private shipyards. The Department of Defense concurred with GAO's recommendation.
ROUGE-L F1 (base vs ground_truth): 0.2779
ROUGE-L F1 (simple_concat_with_reposition vs ground_truth): 0.2977
ROUGE-L F1 (blend_recompute vs ground_truth): 0.3133
ROUGE-L F1 (blend_recompute_headwise vs ground_truth): 0.2277

----------------------------------------------------------------------
样本 34/200
context 前缀: This report provides background information and issues for Congress on the Aegis...
模型输入前 40 词:
<|im_start|>user You are given a report by a government agency. Read the report carefully. Report: This report provides background information and issues for Congress on the Aegis ballistic missile defense (BMD) program, which is carried out by the Missile Defense ...
基线输出:
**Summary of the Report on the Aegis Ballistic Missile Defense (BMD) Program**

**Purpose:**
This report provides background information and issues for Congress on the Aegis BMD program, which is carried out by the Missile Defense Agency (MDA) and the Navy, and gives Navy Aegis cruisers and destroyers a capability for conducting BMD operations. The issue for Congress is whether to approve, reject, or modify Department of Defense (DOD) acquisition strategies and proposed funding levels for the Aegis BMD program. Congress's decisions on the Aegis BMD program could significantly affect U.S. BMD capabilities and funding requirements, and the BMD-related industrial base.

**Methods:**
The report uses a combination of background information, historical data, and analysis of key findings from previous reports, including CRS Report RL32665, "Navy Force Structure and Shipbuilding Plans: Background and Issues for Congress."

**Key Findings:**

1. **Aegis BMD Capabilities:**
   - The Aegis BMD system can intercept theater-range ballistic missiles, including short-, medium-, and intermediate-range ballistic missiles (SRBMs, MRBMs, and IRBMs).
   - The system is capable of intercepting ballistic missiles above the atmosphere (exo-atmospheric intercept) and during the terminal phase of an enemy ballistic missile's flight (endo-atmospheric intercept).
   - The system has been updated many times since its initial deployment in 1983, with the most recent upgrades being the SPY-6 AMDR radar and the SM-3 Block IIA missile.
   - The system is used by 27 CG-47s and 62 DDG-51s, with 22 operational Aegis ships and 34 Flight IIA ships.

2. **Aegis BMD Interceptor Missiles:**
   - The Aegis BMD system uses the Standard Missile-3 (SM-3), SM-2 Block IV, and SM-6.
   - The SM-3 is designed for exo-atmospheric intercept and is equipped with a "hit-to-kill" warhead.
   - The SM-2 Block IV is designed for endo-atmospheric intercept and is equipped with a blast fragmentation warhead.
   - The SM-6 is a dual-capability missile that can be used for either air defense or ballistic missile defense.

3. **Aegis BMD Development:**
   - The A
TTFT (base): 1741.72 ms
simple_concat 输出:
The U.S. Navy has announced a plan to modernize the Aegis BMD system to enhance its capabilities in the Asia-Pacific region. The plan aims to improve the BMD capabilities of the Aegis BMD system by deploying Aegis Ashore (Aegis Ashore) and Aegis Ashore Block IIA missiles, which are capable of intercepting ballistic missiles. The Aegis BMD system is a multi-mission capable ship-based radar and missile defense system. The system is used to detect, track, and intercept ballistic missiles. The Aegis BMD system has been in use since the 1980s and has been used in several countries, including the US, Japan, South Korea, and the United Kingdom. The Aegis BMD system has been used to intercept ballistic missiles, including those from North Korea. The Aegis BMD system is a key component of the U.S. BMD system and has been successful in intercepting ballistic missiles, including those from North Korea. The Aegis BMD system has been used to intercept ballistic missiles, including those from North Korea. The Aegis BMD system is a key component of the U.S. BMD system and has been successful in intercepting ballistic missiles, including those from North Korea. The Aegis BMD system is a key component of the U.S. BMD system and has been successful in intercepting ballistic missiles, including those from North Korea. The Aegis BMD system is a key component of the U.S. BMD system and has been successful in intercepting ballistic missiles, including those from North Korea. The Aegis BMD system is a key component of the U.S. BMD system and has been successful in intercepting ballistic missiles, including those from North Korea. The Aegis BMD system is a key component of the U.S. BMD system and has been successful in intercepting ballistic missiles, including those from North Korea. The Aegis BMD system is a key component of the U.S. BMD system and has been successful in intercepting ballistic missiles, including those from North Korea. The Aegis BMD system is a key component of the U.S. BMD system and has been successful in intercepting ballistic missiles, including those from North Korea. The Aegis BMD system is a key component of the U.S. BMD system and has been successful in intercepting ballistic missiles, including those from North Korea. The Aegis BMD system is a key component of the U.S. BMD
TTFT (simple_concat, 不含预计算): 108.80 ms
blend_recompute 输出:
The U.S. Navy has announced a plan to modernize the Aegis BMD system to enhance its capabilities in the Asia-Pacific region. The plan involves several steps:

1. **Introduction:** The report provides an overview of the Aegis BMD (Ballistic Missile Defense System) and the current capabilities of the U.S. Navy's Aegis BMD system, including the Aegis Ashore, Aegis BMD, and Aegis Ashore SM-3. It also highlights the need for a more integrated and flexible BMD capability to address the evolving threats in the region. The report also discusses the Aegis BMD program's role in the Aegis fleet, including its role in providing ballistic missile defense for the Navy, as well as the potential for joint operations with other nations in the region. 

2. **Key Findings:**

- The report finds that the Aegis BMD system has been used in a variety of roles, including as a regional BMD system, for land-based ballistic missile defense, and for maritime patrol and strike missions. It also mentions the need to consider the potential for joint operations with allied nations and the importance of having a land-based BMD capability. 

- The report states that the Aegis BMD system has been deployed to the Mediterranean and Indian Ocean, and is also being considered for deployment in the Pacific region. The report also highlights the potential for the system to be deployed in the Pacific region, but notes that this would require a different approach to BMD operations, such as the use of land-based systems.

- The report also discusses the need for a more flexible and dynamic BMD capability to address the evolving threats in the region, including the potential for the US to have multiple BMD systems in the region, such as land-based systems, to provide a more robust defense against emerging threats. 

3. **Recommendations:**

- The report recommends that the US Navy should continue to invest in the Aegis BMD system and the development of a more flexible and dynamic BMD capability. It recommends that the US Navy should also consider the potential for joint operations with allied nations and the need for a land-based BMD capability. The report also recommends that the US Navy should consider the potential for a more flexible and dynamic BMD capability to address the evolving threats in the region, including the potential for the US to have multiple BMD systems in the region, such as land-based systems, to provide a more robust defense against emerging threats. The report also recommends that the US Navy should
TTFT (blend_recompute, 不含预计算): 145.61 ms
  选点 1390 tokens / 636 runs, selection=19.65 ms, recompute=33.82 ms
blend_recompute_headwise 输出:
The report provides an overview of the BMD (Ballistic Missile Defense) program in the United States. It highlights the need for BMD capabilities to protect against potential threats from China and Russia, especially in light of their growing capabilities. The report mentions that the U.S. Navy is considering the use of Aegis BMD systems, which are equipped with SM-3 Block IIA interceptors, to intercept ballistic missiles. The report also discusses the potential for the U.S. Navy to use ship-based BMD systems in the Pacific region. The report recommends that the U.S. Navy should continue to improve software for BMD systems and that the MDA should fund the development of new missile systems, such as the SM-6, to enhance the BMD capabilities. The report also recommends that the U.S. Navy should continue to improve the reliability of its BMD systems and that the U.S. Navy should continue to work with allies to enhance BMD capabilities.
TTFT (blend_recompute_headwise, 不含预计算): 15821.49 ms
  选中 1390 个 token-head 对 / 558 runs, selection=22.18 ms, recompute=15702.96 ms
标准答案:
The Aegis ballistic missile defense (BMD) program, which is carried out by the Missile Defense Agency (MDA) and the Navy, gives Navy Aegis cruisers and destroyers a capability for conducting BMD operations. Under the FY2020 budget submission, the number of BMD-capable Navy Aegis ships is projected to increase from 38 at the end of FY2018 to 59 at the end of FY2024. BMD-capable Aegis ships operate in European waters to defend Europe from potential ballistic missile attacks from countries such as Iran, and in in the Western Pacific and the Persian Gulf to provide regional defense against potential ballistic missile attacks from countries such as North Korea and Iran. The Aegis BMD program is funded mostly through MDA's budget. The Navy's budget provides additional funding for BMD-related efforts. MDA's proposed FY2020 budget requests a total of $1,784.2 million (i.e., about $1.8 billion) in procurement and research and development funding for Aegis BMD efforts, including funding for two Aegis Ashore sites in Poland and Romania. MDA's budget also includes operations and maintenance (O&M) and military construction (MilCon) funding for the Aegis BMD program. Issues for Congress regarding the Aegis BMD program include the following: whether to approve, reject, or modify MDA's FY2020 funding procurement and research and development funding requests for the program; required numbers of BMD-capable Aegis ships versus available numbers of BMD-capable Aegis ships; the burden that BMD operations may be placing on the Navy's fleet of Aegis ships, and whether there are alternative ways to perform BMD missions now performed by U.S. Navy Aegis ships, such as establishing more Aegis Ashore sites; burden sharing—how allied contributions to regional BMD capabilities and operations compare to U.S. naval contributions to overseas regional BMD capabilities and operations; whether to convert the Aegis test facility in Hawaii into an operational land-based Aegis BMD site; the potential for ship-based lasers, electromagnetic railguns (EMRGs), and hypervelocity projectiles (HVPs) to contribute in coming years to Navy terminal-phase BMD operations and the impact this might eventually have on required numbers of ship-based BMD interceptor missiles; and technical risk and test and evaluation issues in the Aegis BMD program.
ROUGE-L F1 (base vs ground_truth): 0.2865
ROUGE-L F1 (simple_concat_with_reposition vs ground_truth): 0.1804
ROUGE-L F1 (blend_recompute vs ground_truth): 0.2562
ROUGE-L F1 (blend_recompute_headwise vs ground_truth): 0.2264

----------------------------------------------------------------------
样本 35/200
context 前缀: U.S. agencies perform a wide variety of activities that contribute to export pro...
模型输入前 40 词:
<|im_start|>user You are given a report by a government agency. Read the report carefully. Report: U.S. agencies perform a wide variety of activities that contribute to export promotion, and responsibility for these activities is widely dispersed. Some of the services ...
基线输出:
**Summary of the Report**

The report examines guidance provided by the U.S. Departments of State, Commerce, and Agriculture regarding funding restrictions on promoting the sale or export of tobacco products. Key findings include:

- U.S. agencies have implemented funding restrictions on promoting tobacco exports since the 1990s, but not all officials were aware of these restrictions.
- Officials from State, Commerce, and USDA overseas reported attending business association events where representatives from U.S. tobacco companies were present, despite guidance prohibiting such activities.
- Guidance on promoting tobacco was written broadly and was not specific to types of services or tobacco products.
- Clearer guidance would help ensure consistent implementation of agency-specific restrictions on promoting tobacco exports.
- Recommendations include including information about funding restrictions and relevant guidance in training materials for officials conducting export promotion activities overseas, and assessing the guidance on promoting tobacco in light of questions raised by officials overseas.

The report provides insights into officials' experiences at posts and illustrates ambiguities in the guidance on promoting tobacco.
TTFT (base): 1301.00 ms
simple_concat 输出:
The U.S. State Department, Commerce Department, and USDA have issued guidance on tobacco export promotion activities. The guidance is designed to ensure that the U.S. government does not promote the export of tobacco products, including tobacco products and tobacco-related products, by providing funding or services to promote the export of tobacco products. The guidance was developed through interagency consultation and includes guidance on promoting tobacco exports and promoting tobacco-related products, including e-cigarettes, and tobacco products that are not part of the traditional cigarette, cigar, or cigarillos categories. The guidance also includes guidance on how to address the funding restrictions on promoting tobacco exports. The guidance is not limited to promoting tobacco exports and does not address the promotion of tobacco-related products. The guidance does not include guidance on the promotion of tobacco products that are not related to tobacco. The guidance is intended to be implemented by State, Commerce, and USDA officials overseas. The guidance is not intended to address the promotion of tobacco products that are not related to tobacco. The guidance is not clear on whether the guidance is applicable to all tobacco products. The guidance is not clear on whether it is applicable to all tobacco products. The guidance does not provide guidance on the types of services that officials are allowed to provide to tobacco companies or tobacco products. The guidance is not clear on the types of services that officials are allowed to provide to tobacco companies or tobacco products. The guidance does not provide guidance on the types of tobacco products that are covered by the guidance. The guidance is not clear on the types of tobacco products that are covered by the guidance. The guidance is not clear on the types of services that officials are allowed to provide to tobacco companies or tobacco products. The guidance is not clear on the types of tobacco products that are covered by the guidance. The guidance is not clear on the types of services that officials are allowed to provide to tobacco companies or tobacco products. The guidance is not clear on the types of tobacco products that are covered by the guidance. The guidance is not clear on the types of services that officials are allowed to provide to tobacco companies or tobacco products. The guidance is not clear on the types of tobacco products that are covered by the guidance. The guidance is not clear on the types of services that officials are allowed to provide to tobacco companies or tobacco products. The guidance is not clear on the types of tobacco products that are covered by the guidance. The guidance is not clear on the types of services that officials are allowed to provide to tobacco companies or tobacco products. The guidance is not clear on the types of tobacco products
TTFT (simple_concat, 不含预计算): 64.35 ms
blend_recompute 输出:
The U.S. State Department, Commerce Department, and USDA have issued guidance on tobacco export promotion activities. However, there are some issues with the guidance, according to a Government Accountability Office (GAO) report. The report found that the guidance is not specific enough to ensure that officials overseas can effectively implement it. For example, it does not provide clear guidance on which tobacco products are not allowed to be promoted. Additionally, there is no clear distinction between the types of services that can be provided to tobacco companies and the types that cannot. Furthermore, the guidance does not provide a clear description of tobacco products, which could lead to confusion and potential violations of export restrictions. The report recommends that the guidance should be updated to include clear guidance on promoting tobacco-related activities, clarify the types of services that are allowed, and provide a clear description of tobacco products. The report also recommends that State, Commerce, and USDA officials should receive training on the restrictions on promoting tobacco exports and that they should not attend events involving tobacco companies. The report also recommends that State should include information about the restrictions in its training materials and provide guidance to officials overseas on the guidance. The report also recommends that State, Commerce, and USDA should review and update their guidance to ensure that it is consistent with the interagency guidance and to ensure that officials are aware of the restrictions. Finally, the report recommends that the guidance should not allow officials to provide services to tobacco companies and should not provide services to tobacco products.
TTFT (blend_recompute, 不含预计算): 121.75 ms
  选点 935 tokens / 427 runs, selection=14.68 ms, recompute=30.65 ms
blend_recompute_headwise 输出:
The report examines tobacco-related restrictions and guidance provided by U.S. agencies, particularly State, Commerce, and USDA, regarding promotion of tobacco exports overseas. The report's primary objectives are to assess the implementation of these restrictions and provide guidance to officials. Key findings include:

- State, Commerce, and USDA have implemented guidance on tobacco promotion, but some officials are unaware of the restrictions and guidance.
- There is a need for clearer guidance on tobacco-related activities, especially regarding tobacco products and services.
- State, Commerce, and USDA officials have limited training on the restrictions, which can lead to misunderstandings.
- State, Commerce, and USDA officials have limited knowledge of the restrictions and guidance, and some officials were not aware of the guidance.

Recommendations:
1. The Secretary of State should work with the Foreign Service Institute to include information about the funding restrictions and relevant guidance on promoting the sale or export of tobacco or tobacco products in its training materials for employees conducting export promotion activities overseas.
2. The Secretary of Agriculture should include information about the funding restrictions and relevant guidance on promoting the sale or export of tobacco or tobacco products in training materials for employees conducting export promotion activities overseas.
3. The Secretary of State, in consultation with State, Commerce, and USDA, should update the interagency guidance cable on promoting tobacco to ensure that it is clear and provides guidance on promoting tobacco-related activities.

</think>
TTFT (blend_recompute_headwise, 不含预计算): 10572.39 ms
  选中 935 个 token-head 对 / 389 runs, selection=15.00 ms, recompute=10491.95 ms
标准答案:
The World Health Organization estimates that tobacco use kills over 7 million people each year, more than tuberculosis, HIV/AIDS, and malaria combined. Since the 1990s, Congress has enacted restrictions regarding the use of certain appropriated funds to promote U.S. tobacco exports. GAO was asked to review the implementation of these restrictions. This report examines (1) guidance select U.S. agencies have issued to implement these restrictions, (2) whether overseas officials from select U.S. agencies were aware of the restrictions and guidance, and (3) select U.S. agencies' implementation of the guidance overseas. GAO reviewed U.S. laws, agency guidance, and internal communications; analyzed Commerce data; and interviewed agency officials in Washington, D.C. and in 24 offices across 11 overseas posts in 9 countries. GAO selected these countries based on criteria that included U.S. tobacco export totals, smoking rates, and geographic dispersion. Congress has restricted the use of certain appropriated funding to promote tobacco exports and the Departments of State (State), Commerce (Commerce), and Agriculture (USDA) have issued interagency guidance through the cable system that they rely on to implement these restrictions. State collaborates with these and other agencies to periodically update this cable. The cable informs officials about the types of actions they should take—such as providing routine business facilitation services to all U.S. companies—and the types of actions they should not take—such as attending events sponsored by tobacco companies. Most, but not all, officials overseas that GAO interviewed were aware of the restrictions and received some guidance concerning the restrictions. However, GAO found that some officials did not recall receiving the interagency guidance cable. In addition, State and USDA's current training materials do not address the restrictions. Federal internal control standards state that appropriate training is essential to an organization's operational success. Thus, providing officials overseas with training about the funding restrictions and related guidance would help to ensure that officials are aware of the restrictions. U.S. officials overseas have implemented restrictions on promoting tobacco, but some officials said that the interagency guidance lacks clarity. Officials said that they have not promoted tobacco by, for example, attending events sponsored solely by tobacco companies. However, officials identified three areas of the guidance that are unclear: (1) attendance at events not sponsored by U.S. tobacco companies but attended by representatives of these companies; (2) the types of services officials can provide tobacco companies; and (3) the description of tobacco products, such as whether component parts for electronic cigarettes are included. Federal standards for internal control state that management should clearly document internal controls in policies and guidance to prevent officials from failing to achieve an objective or address a risk. By providing more specific guidance, the agencies would help ensure that officials consistently implement the funding restrictions on promoting tobacco. GAO recommends that (1) State and USDA include information about the funding restrictions and guidance in training materials for relevant employees and (2) State, in consultation with Commerce and USDA, assess and update the interagency guidance cable, as needed, on promoting tobacco in light of questions raised by officials at posts overseas. State and USDA concurred with the recommendations.
ROUGE-L F1 (base vs ground_truth): 0.3561
ROUGE-L F1 (simple_concat_with_reposition vs ground_truth): 0.2765
ROUGE-L F1 (blend_recompute vs ground_truth): 0.3226
ROUGE-L F1 (blend_recompute_headwise vs ground_truth): 0.3235

----------------------------------------------------------------------
样本 36/200
context 前缀: We found that from October 2013 through March 2017, the five selected VA medical...
模型输入前 40 词:
<|im_start|>user You are given a report by a government agency. Read the report carefully. Report: We found that from October 2013 through March 2017, the five selected VA medical centers required reviews of a total of 148 providers’ clinical care ...
基线输出:
<report summary>

# Report Summary

## Purpose
The purpose of this report is to assess the adequacy of VA medical centers' documentation and timeliness in conducting reviews of providers' clinical care after concerns about their care have been raised, as well as to examine the reporting of providers to the National Provider Identifier (NPDB) and state licensing boards.

## Methods
The report's methods included:
- Reviewing VA medical centers' documentation of reviews of providers' clinical care after concerns about their care were raised.
- Interviewing VA medical center officials to understand the documentation and timeliness of reviews.
- Reviewing VA policy and oversight processes related to reviews of providers' clinical care.
- Reviewing reports of providers to the National Provider Identifier (NPDB) and state licensing boards.

## Key Findings
1. **Documentation and Timeliness of Reviews**:
   - VA medical centers did not consistently document reviews of providers' clinical care after concerns were raised.
   - Many reviews were not conducted, or the required documentation was missing.
   - Timeliness of initiating reviews was inadequate in some cases.

2. **Reporting to NPDB and State Licensing Boards**:
   - Only one provider out of nine required to be reported to the NPDB under VHA policy was reported.
   - Reporting to state licensing boards was often delayed, exceeding the required 100 days.
   - Some providers were not reported to the NPDB or state licensing boards despite documented clinical deficiencies.

3. **Insufficient Oversight**:
   - VA medical center officials were not always familiar with or misinterpreted VHA policies related to NPDB and state licensing board reporting.
   - The networks were not required to oversee the reporting of providers to these entities.

## Recommendations
1. **Documentation and Timeliness of Reviews**:
   - Require documentation of all reviews of providers' clinical care after concerns have been raised.
   - Establish a timeliness requirement for initiating such reviews.

2. **Reporting to NPDB and State Licensing Boards**:
   - Require networks to oversee VA medical centers to ensure timely and accurate reporting of providers to the NPDB and state licensing boards.
   - Include oversight of timely reporting to the NPDB and state licensing boards as part of the standard audit tool used by the networks.

## Conclusion
The report highlights significant shortcomings in VA medical centers' documentation and timeliness of reviews of providers' clinical care, as well as inadequate oversight of reporting to the NPDB and state licensing boards. These issues impede the ability of VA medical centers to make
TTFT (base): 486.84 ms
simple_concat 输出:
The report examines the VA's efforts to monitor and oversee the clinical care of providers working at VA medical centers, focusing on the National Provider Identifier (NPDB) and state licensing boards. Key findings include:

1. **Insufficient Reporting**: The VA did not consistently report 16 providers to the NPDB and 12 providers to state licensing boards after concerns were raised about their clinical care. This oversight is due to VA policies and practices that do not require documentation of all types of reviews, including retrospective reviews, and that lack of timely reporting to these entities by VA medical centers. The report also notes that VA officials often did not report providers who were terminated for clinical deficiencies or had their privileges revoked by state licensing boards.

2. **Documentation and Reporting Process**: The VA's policy does not mandate the network to oversee the reporting process, and the VA medical centers did not follow up on reports of non-compliance. For instance, at one VA medical center, the VA officials were unaware that providers who had been terminated for clinical deficiencies were still working at the facility. Additionally, the report highlights that the network officials did not report the provider who had their privileges revoked by a non-VA hospital for the same reason.

3. **Recommendations**: The report recommends that VHA requires VA medical centers to establish a process for overseeing the review of providers’ clinical care, including conducting reviews of providers’ clinical care after concerns are raised and ensuring that reviews are documented and completed in a timely manner. Additionally, VHA should require networks to report all providers to the NPDB and state licensing boards as required by policy.

4. **Conclusion**: The report concludes that the VA's current practices do not ensure that all providers are being appropriately monitored and reported to relevant oversight bodies, potentially putting veterans' care at risk.

The report is a critical document for understanding the gaps in VA's oversight of providers' clinical care and the need for improved reporting and oversight procedures.
TTFT (simple_concat, 不含预计算): 40.52 ms
blend_recompute 输出:
The report examines the VA's efforts to monitor and oversee the clinical care of providers working at VA medical centers, focusing on the National Provider Identifier (NPDB) and state licensing boards. Key findings include:

1. **Insufficient Reporting**: The VA did not consistently report providers who were found to have clinical deficiencies to the NPDB or state licensing boards, as required by policy. This oversight has been in place since 2013. At five VA medical centers, only 16 of 148 providers required to be reported were reported by the VA, and these reports took an average of 500 days to complete, which was longer than the 100-day requirement. The report also found that VA medical centers were not always aware of these reporting requirements, leading to missed opportunities for oversight.

2. **Documentation Issues**: The VA medical centers did not conduct reviews of providers' clinical care in a timely manner, particularly regarding providers with clinical deficiencies. This lack of timely documentation and timely reporting hindered the ability of VHA to ensure that all providers are being held accountable.

3. **Lack of Oversight**: VHA does not require VA medical centers to oversee the reporting of providers to the NPDB and state licensing boards, and the network officials at the medical centers were not always aware of the required reporting processes. This oversight gap allowed providers to continue providing care without being held accountable for their clinical practices.

4. **Recommendations**: The report recommends that VHA should:
   - Implement a system to ensure that VA medical centers report providers to the NPDB and state licensing boards in a timely manner.
   - Establish a process for VA medical centers to oversee the reviews of providers’ clinical care to ensure they are conducted and documented.
   - Require VA medical centers to oversee the reporting of providers to the NPDB and state licensing boards to ensure timely and thorough reviews are conducted.

5. **Conclusion**: The report emphasizes the importance of timely reporting and oversight to maintain accountability in the delivery of VA medical care, ensuring that providers are held responsible for their clinical practices and that veterans receive high-quality care.
TTFT (blend_recompute, 不含预计算): 92.13 ms
  选点 309 tokens / 123 runs, selection=7.73 ms, recompute=33.52 ms
blend_recompute_headwise 输出:
<report>

# Summary

## Purpose
The purpose of the report is to evaluate the adequacy of the Veterans Health Administration (VHA) system for overseeing the reporting of providers to the National Provider Identifier (NPDB) and state licensing boards.

## Methods
The report involved a review of five VA medical centers and five VHA networks. The review focused on the adequacy of VHA's oversight of providers' clinical care after concerns were raised, the timeliness of reporting providers to the NPDB and state licensing boards, and the adequacy of documentation of reviews of providers' clinical care. The review was conducted through interviews with officials at the VA medical centers and VHA networks, and by reviewing documents related to the reviews.

## Key Findings
1. **Documentation and Reporting Issues:**
   - VA medical centers did not always document all types of reviews of providers' clinical care, including retrospective reviews and focused professional practice evaluations (FPPEs) for cause.
   - Documentation was not timely, with some VA medical centers taking over 500 days to report providers to state licensing boards.
   - Providers were not reported to the NPDB and state licensing boards as required for two reasons: officials were not familiar with VHA policies, and some VA medical centers did not follow the required reporting procedures.

2. **Inadequate Oversight:**
   - The networks did not oversee the timely reporting of providers to the NPDB and state licensing boards.
   - In some cases, VA medical center officials were unaware of the required reviews and the reporting process.

3. **Potential for Improper Care:**
   - Two VA medical centers had insufficient documentation of reviews, resulting in providers not being reported to the NPDB and state licensing boards.
   - In one case, a provider was terminated for cause for clinical deficiencies, but their clinical deficiencies were not documented.

## Recommendations
1. **Documentation and Reporting:**
   - VHA should require documentation of all reviews of providers' clinical care, including retrospective reviews and FPPEs for cause, and establish a timeliness requirement for initiating reviews.
   - VHA should require VA medical centers to oversee the timely reporting of providers to the NPDB and state licensing boards.

## Conclusion
The report found that VA medical centers and VHA networks lacked adequate oversight and documentation of reviews of providers' clinical care, which facilitated providers providing substandard care. The report recommended that VHA improve its oversight and documentation requirements to ensure that providers' clinical care is appropriately reviewed and reported.

</report>
TTFT (blend_recompute_headwise, 不含预计算): 3031.34 ms
  选中 309 个 token-head 对 / 114 runs, selection=7.08 ms, recompute=2979.34 ms
标准答案:
This testimony summarizes the information contained in GAO's November 2017 report, entitled VA Health Care: Improved Policies and Oversight Needed for Reviewing and Reporting Providers for Quality and Safety Concerns ( GAO-18-63 ). Department of Veterans Affairs (VA) medical center (VAMC) officials are responsible for reviewing the clinical care delivered by their privileged providers—physicians and dentists who are approved to independently perform specific services—after concerns are raised. The five VAMCs GAO selected for review collectively required review of 148 providers from October 2013 through March 2017 after concerns were raised about their clinical care. GAO found that these reviews were not always documented or conducted in a timely manner. GAO identified these providers by reviewing meeting minutes from the committee responsible for requiring these types of reviews at the respective VAMCs, and through interviews with VAMC officials. The selected VAMCs were unable to provide documentation of these reviews for almost half of the 148 providers. Additionally, the VAMCs did not start the reviews of 16 providers for 3 months to multiple years after the concerns were identified. GAO found that VHA policies do not require documentation of all types of clinical care reviews and do not establish timeliness requirements. GAO also found that the Veterans Health Administration (VHA) does not adequately oversee these reviews at VAMCs through its Veterans Integrated Service Networks (VISN), which are responsible for overseeing the VAMCs. Without documentation and timely reviews of providers' clinical care, VAMC officials may lack information needed to reasonably ensure that VA providers are competent to provide safe, high quality care to veterans and to make appropriate decisions about these providers' privileges. GAO also found that from October 2013 through March 2017, the five selected VAMCs did not report most of the providers who should have been reported to the National Practitioner Data Bank (NPDB) or state licensing boards (SLB) in accordance with VHA policy. The NPDB is an electronic repository for critical information about the professional conduct and competence of providers. GAO found that selected VAMCs did not report to the NPDB eight of nine providers who had adverse privileging actions taken against them or who resigned during an investigation related to professional competence or conduct, as required by VHA policy, and none of these nine providers had been reported to SLBs. GAO found that officials at the selected VAMCs misinterpreted or were not aware of VHA policies and guidance related to NPDB and SLB reporting processes resulting in providers not being reported. GAO also found that VHA and the VISNs do not conduct adequate oversight of NPDB and SLB reporting practices and cannot reasonably ensure appropriate reporting of providers. As a result, VHA's ability to provide safe, high quality care to veterans is hindered because other VAMCs, as well as non-VA health care entities, will be unaware of serious concerns raised about a provider's care. For example, GAO found that after one VAMC failed to report to the NPDB or SLBs a provider who resigned to avoid an adverse privileging action, a non-VA hospital in the same city took an adverse privileging action against that same provider for the same reason 2 years later.
ROUGE-L F1 (base vs ground_truth): 0.3257
ROUGE-L F1 (simple_concat_with_reposition vs ground_truth): 0.4091
ROUGE-L F1 (blend_recompute vs ground_truth): 0.3719
ROUGE-L F1 (blend_recompute_headwise vs ground_truth): 0.3762

----------------------------------------------------------------------
样本 37/200
context 前缀: T he Congressional Review Act (CRA) allows Congress to review certain types of f...
模型输入前 40 词:
<|im_start|>user You are given a report by a government agency. Read the report carefully. Report: T he Congressional Review Act (CRA) allows Congress to review certain types of federal agency actions that fall under the statutory category of "rules." Enacted ...
基线输出:
The report provides a detailed analysis of the Congressional Review Act (CRA), a law that allows Congress to overturn certain federal agency actions through a joint resolution of disapproval. Key findings include:

- The CRA allows Congress to review and potentially overturn rules issued by federal agencies.
- The definition of "rule" under the CRA is broader than that under the Administrative Procedure Act (APA), encompassing a wider range of agency actions.
- Agencies are required to submit rules to Congress and GAO before they take effect, and Congress can use expedited procedures to overturn rules that have not been submitted.
- Agencies often fail to submit rules, leading to questions about Congress's ability to use the CRA to overturn actions that do not meet the statutory definition of a "rule."
- The CRA has been used to overturn guidance documents that were not promulgated through notice-and-comment procedures, raising concerns about its scope and applicability.
- GAO has played a key role in determining whether agency actions are subject to the CRA, although this is not explicitly outlined in the statute.
- The CRA's submission requirement is critical for Congress to use its fast-track procedures to overturn rules, and agencies' failure to submit rules can frustrate Congress's ability to review them.
- The report includes 21 GAO opinions on the applicability of the CRA to various agency actions, covering a range of topics such as emergency sale timber programs, Tongass National Forest Land and Resource Management Plans, and TANF program information memoranda.
- The report notes that the CRA's submission requirement is not subject to judicial review, making it unlikely that courts would challenge its validity.
- GAO's role in determining CRA applicability is linked to its monitoring of agency compliance with the submission requirement and its opinions on the CRA's exceptions to the definition of "rule."

</think>
TTFT (base): 3583.04 ms
simple_concat 输出:
### Report Title: GAO Report on the Application of the CRA to Rulemaking under the CRA

Assistant: GAO Report on the Application of the CRA to Rulemaking under the CRA. 

**Purpose:**

The GAO, an independent agency of the U.S. government, has prepared this report to assess the application of the Congressional Review Act (CRA) to rulemaking under the CRA. The report examines the CRA's application to the CRA's CRA.

**Methods:**

The report analyzes the CRA's application to rulemaking through a review of the CRA's legislative history, legislative history, and case law. It examines the CRA's definition of "rule," and the CRA's exceptions to that definition. It also reviews the CRA's exceptions, including those related to the CRA's definition of "rule" and those related to the CRA's rulemaking requirements.

**Key Findings:**

1. The CRA's definition of a rule is broad and encompasses a wide range of agency actions, including rules of agency organization, procedure, and practice.
2. The CRA requires agencies to submit certain agency actions to Congress in a timely manner, and the GAO has concluded that the CRA's submission requirement is not a rule under the CRA because it does not require the submission of rules.
3. GAO has concluded that the CRA's submission requirement is not a rule under the CRA because it does not require the submission of rules that are of general applicability, do not have future effect, or that do not substantially affect the rights or obligations of non-agency parties.
4. The CRA's submission requirement is a procedural requirement, not a substantive rule, and is not a rule of agency organization, procedure, or practice.
5. The CRA does not apply to certain types of rules, such as rules that are not rules of agency organization, procedure, or practice.
6. The CRA does not apply to certain types of rules, such as rules that are not rules of agency organization, procedure, or practice.
7. The CRA does not apply to certain types of rules, such as rules that are not rules of agency organization, procedure, or practice.
8. The CRA does not apply to certain types of rules, such as rules of agency organization, procedure, or practice that are not rules of agency organization, procedure, or practice.
9. The CRA does not apply to certain types of rules, such as rules of agency organization, procedure, or practice that are not rules of agency organization, procedure, or practice.
10
TTFT (simple_concat, 不含预计算): 154.74 ms
blend_recompute 输出:
### Report Title: GAO Report on the Application of the CRA to Rulemaking under the CRA

Assistant: GAO Report on the Application of the CRA to Rulemaking under the CRA. 

**Purpose:**

The GAO, an independent agency of the U.S. government, has prepared this report to analyze the application of the Congressional Review Act (CRA) to rulemaking under the CRA. The report examines the CRA's application to the CRA's rules, focusing on the CRA's requirements and exceptions. It also examines the CRA's application to rulemaking and the CRA's role in the legislative process.

**Methods:**

The report was conducted through a comprehensive analysis of relevant statutes, regulations, and case law. It also involved a review of GAO's own experience with the CRA and its own opinions on the CRA. 

**Key Findings:**

The report concluded that the CRA's applicability to rules was broad, encompassing a wide range of agency actions, including rules that are not subject to the APA's notice-and-comment rulemaking procedures. The report also concluded that the CRA does not apply to rules that are not rules under the CRA, and that the CRA does not apply to executive orders or executive orders. The report also stated that the CRA does not apply to agency actions that are not "rules" under the CRA. 

**Recommendations:**

The report recommends that the CRA be amended to clarify that the CRA applies to all agency actions, including those not subject to the APA's notice-and-comment rulemaking procedures, and that GAO should be given the authority to issue opinions on the CRA's applicability to agency actions. The report also recommends that the CRA be amended to clarify that the CRA does not apply to executive orders or executive orders. The report also recommends that the CRA be amended to clarify that the CRA does not apply to agency actions that are not "rules" under the CRA.
TTFT (blend_recompute, 不含预计算): 254.45 ms
  选点 2329 tokens / 1077 runs, selection=39.86 ms, recompute=32.34 ms
blend_recompute_headwise 输出:
The report provides an analysis of the CRA's applicability to various actions taken by federal agencies, including GAO opinions, agency guidance documents, and certain actions taken by the Department of Homeland Security and the Department of the Interior. The report's purpose is to provide a comprehensive review of the CRA's applicability to agency actions, including opinions, guidance documents, and other actions taken by agencies. The report examines the CRA's applicability to each of these actions and concludes that they are not covered by the CRA's requirements. The report concludes that the CRA's applicability to agency actions is determined by the CRA's definition of a "rule," which is generally defined as "an agency action that is promulgated pursuant to a rulemaking procedure." The report identifies the CRA's three exceptions to this general definition of a rule, including a rule of agency organization, procedure, or practice, which does not substantially affect the rights or obligations of non-agency parties, and a rule of general applicability, which is subject to notice-and-comment rulemaking procedures. The report also notes that the CRA's applicability to agency actions is determined by the CRA's definition of a "rule" and that, under the CRA, a rule must be promulgated by an agency through a rulemaking process. The report then discusses the CRA's applicability to GAO opinions and concludes that the CRA's definition of a "rule" does not include GAO opinions. The report also discusses the CRA's applicability to agency guidance documents and concludes that the CRA does not cover agency guidance documents that are not subject to the APA's notice-and-comment rulemaking procedures. In addition, the report discusses the CRA's applicability to certain actions taken by the Department of Homeland Security and the Department of the Interior, and concludes that the CRA's applicability to these actions is not covered by the CRA's definition of a "rule." The report also discusses the CRA's applicability to the Department of Justice, the Department of the Treasury, and the Department of Defense, and concludes that the CRA's applicability to these actions is not covered by the CRA's definition of a "rule." Finally, the report discusses the CRA's applicability to the Department of Veterans Affairs, the Department of Health and Human Services, and the Environmental Protection Agency, and concludes that the CRA's applicability to these actions is not covered by the CRA's definition of a "rule." The report concludes that the CRA's applicability to agency actions is determined by the CRA's definition of a "rule,"
TTFT (blend_recompute_headwise, 不含预计算): 28734.88 ms
  选中 2329 个 token-head 对 / 1003 runs, selection=39.82 ms, recompute=28531.80 ms
标准答案:
The Congressional Review Act (CRA) allows Congress to review certain types of federal agency actions that fall under the statutory category of "rules." The CRA requires that agencies report their rules to Congress and provides special procedures under which Congress can consider legislation to overturn those rules. A joint resolution of disapproval will become effective once both houses of Congress pass a joint resolution and it is signed by the President, or if Congress overrides the President's veto. The CRA generally adopts a broad definition of the word "rule" from the Administrative Procedure Act (APA), defining a rule as "the whole or a part of an agency statement of general or particular applicability and future effect designed to implement, interpret, or prescribe law or policy or describing the organization, procedure, or practice requirements of an agency." The CRA, however, provides three exceptions to this broad definition: any rule of particular applicability, including a rule that approves or prescribes for the future rates, wages, prices, services, or allowances therefor, corporate or financial structures, reorganizations, mergers, or acquisitions thereof, or accounting practices or disclosures bearing on any of the foregoing; any rule relating to agency management or personnel; or any rule of agency organization, procedure, or practice that does not substantially affect the rights or obligations of non-agency parties. The class of rules the CRA covers is broader than the category of rules that are subject to the APA's notice-and-comment requirements. As such, some agency actions, such as guidance documents, that are not subject to notice-and-comment rulemaking procedures may still be considered rules under the CRA and thus could be overturned using the CRA's procedures. The effect of Congress disapproving a rule that is not subject to notice-and-comment rulemaking may be subject to debate, given that such rules are generally viewed to lack any legal effect in the first place. Nonetheless, the CRA does encompass some such rules, as highlighted by the recent enactment of a CRA resolution overturning a bulletin from the Consumer Financial Protection Bureau that was not subject to the notice-and-comment procedures. Even if an agency action falls under the CRA's definition of "rule," however, the expedited procedures for considering legislation to overturn the rule only become available when the agency submits the rule to Congress. In many cases in which agencies take actions that fall under the scope of a "rule" but have not gone through notice-and-comment rulemaking procedures, agencies fail to submit those rules. Thus, questions have arisen as to how Members can avail themselves of the CRA's special fast-track procedures if the agency has not submitted the action to Congress. To protect its prerogative to review agency rules under the CRA, Congress and the Government Accountability Office (GAO) have developed an ad hoc process in which Members can request that GAO provide a formal legal opinion on whether a particular agency action qualifies as a rule under the CRA. If GAO concludes that the action in question falls within the CRA's definition of "rule," Congress has treated the publication of the GAO opinion in the Congressional Record as constructive submission of the rule. In other words, an affirmative opinion from GAO can allow Congress to use the CRA procedures to consider legislation overturning an agency action despite the agency not submitting that action to Congress.
ROUGE-L F1 (base vs ground_truth): 0.3276
ROUGE-L F1 (simple_concat_with_reposition vs ground_truth): 0.3333
ROUGE-L F1 (blend_recompute vs ground_truth): 0.2465
ROUGE-L F1 (blend_recompute_headwise vs ground_truth): 0.3252

----------------------------------------------------------------------
样本 38/200
context 前缀: Geographic shifts in the veterans’ population, changes in health care delivery, ...
模型输入前 40 词:
<|im_start|>user You are given a report by a government agency. Read the report carefully. Report: Geographic shifts in the veterans’ population, changes in health care delivery, an aging infrastructure, and limited stakeholder involvement affect VA’s efforts to align its services ...
基线输出:
<report-summary>

The report discusses challenges faced by the Department of Veterans Affairs (VA) in aligning its medical facilities and services with the needs of veterans. Key issues include shifts in healthcare delivery, aging infrastructure, and limited stakeholder involvement. VA has 430 vacant buildings over 60 years old and 784 underutilized buildings. Stakeholder engagement has been inconsistent, leading to adversarial relationships. VA's Strategic Capital Investment Planning (SCIP) process has limitations, including delays in scoring and approval, and a reliance on subjective narratives. The report recommends improving stakeholder communication, addressing SCIP limitations, and developing a common analytical framework for asset and infrastructure review. The Department of Defense's Base Realignment and Closure (BRAC) process offers insights into successful implementation, emphasizing high-level leadership, joint cross-service groups, and a common analytical framework. The report concludes with contact information for further inquiries.

</report-summary>
TTFT (base): 715.08 ms
simple_concat 输出:
The report "VA’s Implementation of the 2005 Base Realignment and Closure Act" by the Government Accountability Office (GAO) examines the implementation of the BRAC (Base Realignment and Closure) process for the Department of Veterans Affairs (VA) in the United States. The primary goal of the report is to assess the progress made by the Department of Veterans Affairs (VA) in carrying out the BRAC 2005 recommendations, which aimed to realign and reallocate VA's facilities and services to improve efficiency and cost-effectiveness. Here's a summary of the report's key points:

### Purpose:
The report aims to evaluate the implementation of the 2005 BRAC recommendations for VA's facilities and services. It also examines the process of aligning VA's medical facilities and services, focusing on the challenges and recommendations made by the Department of Defense (DOD) in 2005 to realign the VA facilities and services to better serve veterans.

### Methods:
The report is based on data from the Department of Defense (DOD) and includes data from the 2005 BRAC process. The evaluation includes an analysis of the DOD's capacity analysis, which assesses the feasibility of implementing the recommendations. The report also reviews the business plans submitted by the military departments and defense agencies, and the infrastructure inventory. The analysis also involves a review of the implementation challenges and the involvement of the audit community, such as the Office of the Secretary of Defense and the audit agencies.

### Key Findings:
The report identifies several key findings related to the implementation of the BRAC recommendations:

1. **Complexity and Challenges:**
   - The 2005 BRAC round involved more than 800 recommendations, which were interdependent and required coordination among various stakeholders, including military departments and defense agencies.
   - The process was complicated by the need to address a large number of facilities and services, including the realignment of 123,000 people and $24.7 billion in construction and renovation costs.

2. **Inadequate Data and Analysis:**
   - The DOD's analysis of the 2005 BRAC recommendations relied on data calls to assess the feasibility of implementing the recommendations, which was limited due to the large number of facilities and services affected.
   - The lack of comprehensive data and analysis hampered the evaluation of the cost and savings estimates, making it difficult to assess the financial implications of the recommendations.

3.
TTFT (simple_concat, 不含预计算): 44.35 ms
blend_recompute 输出:
The report "VA’s Implementation of the 2005 Base Realignment and Closure Act" by the Government Accountability Office (GAO) examines the implementation of the BRAC (Base Realignment and Closure) process for the Department of Veterans Affairs (VA) following the 2005 Base Realignment and Closure (BRAC) process. The report highlights several key findings and recommendations based on an April 2017 review of VA's implementation of the BRAC recommendations:

### Purpose:
The purpose of the report is to assess the effectiveness of the BRAC process in VA's implementation and to identify potential areas for improvement.

### Methods:
The report evaluates the implementation process, focusing on the Department of Defense's (DOD) role in the process and the Department of Defense's (DOD) use of the BRAC process. It includes a review of the 2005 BRAC round and identifies the impact of DOD's actions on VA's ability to align its facilities and services.

### Key Findings:
1. **VA's Role and Coordination**: The report notes that VA's efforts were hampered by the lack of a formalized and structured process for coordinating with DOD, which limited its ability to effectively implement the BRAC recommendations.
2. **Financial Implications**: The report identifies that the BRAC process required significant financial resources and significant coordination among many stakeholders, including VA, DOD, and other stakeholders, which led to delays in the process.
3. **Stakeholder Involvement**: The report highlights that VA has not consistently engaged stakeholders, which led to a lack of consistency in the implementation process, and in some cases, led to adverse reactions from stakeholders, thereby reducing VA's ability to effectively implement the BRAC recommendations.
4. **Implementation Challenges**: The report identifies the complexity of the BRAC process, including the large number of recommendations and interdependent recommendations, which made it difficult to implement effectively.

### Recommendations:
1. **Establish Clear Goals**: The report recommends that VA establish clear goals for the BRAC process and ensure that they are aligned with the overall strategic goals of the VA.
2. **Develop a Common Analytical Framework**: The report recommends that VA develop a common analytical framework for evaluating closure and realignment recommendations.
3. **Enhance Stakeholder Engagement**: The report recommends that VA improve its engagement with stakeholders, particularly in the planning process, to ensure alignment and consistency in implementation.
4. **Use Data and Analysis Tools**: The report recommends that VA use data
TTFT (blend_recompute, 不含预计算): 83.93 ms
  选点 488 tokens / 206 runs, selection=9.17 ms, recompute=25.80 ms
blend_recompute_headwise 输出:
<report-summary>

The report, "VA and DOD's BRAC Process: A Review," evaluates the Department of Veterans Affairs (VA) and the Department of Defense (DOD)'s approaches to realignment and reallocation of facilities and services. The report finds that while VA has taken steps to address issues such as limited stakeholder engagement, the lack of a consistent and transparent data collection process, and the complexity of interdependent recommendations, there are still challenges in implementing BRAC (Base Realignment and Closure) recommendations. Key findings include:

1. **Complexity of BRAC Recommendations**: The 2005 BRAC round saw a significant increase in the number of recommendations, complicating the implementation process. VA's approach to aligning facilities and services through BRAC involved developing business plans, which included information such as personnel relocations and cost estimates. However, the lack of a clear, consistent data collection process and the need to address interdependent recommendations posed challenges.

2. **Implementation Challenges**: The report notes that VA had to coordinate with various stakeholders, including the military departments and defense agencies, to ensure that the implementation of BRAC recommendations was effective and timely. The lack of a single, unified approach to data collection and analysis hindered the process.

3. **Recommendations for Improvement**: The report recommends that VA improve stakeholder communication and the use of the Cost of Base Realignment Actions (COBRA) model to ensure that the financial implications of the recommendations are accurately assessed. Additionally, the report suggests that VA should consider establishing a common analytical framework to address the challenges of interdependent recommendations and ensure that the data used is accurate and consistent.

4. **Future Challenges**: The report highlights that the large number and variety of BRAC recommendations and the complexity of interdependent recommendations pose ongoing challenges. It recommends that VA address these challenges by developing a clear, consistent data collection process and by ensuring that the financial implications of the recommendations are accurately assessed.

</report-summary>
TTFT (blend_recompute_headwise, 不含预计算): 5204.89 ms
  选中 488 个 token-head 对 / 177 runs, selection=9.93 ms, recompute=5143.11 ms
标准答案:
VA operates one of the largest health care systems in the United States, utilizing more than 6,000 federally owned and 1,500 leased buildings. DOD has repeatedly applied the BRAC process to reduce the amount of unneeded property that it owns and leases and to save billions of dollars that could be applied to higher priority defense needs. This statement is based on GAO's April 2017 report related to VA facility alignment ( GAO-17-349 ) and numerous GAO reports related to the BRAC process as summarized in a June 2011 testimony ( GAO-11-704T ) and a March 2012 testimony ( GAO-12-513T ). This statement addresses (1) the factors that affect VA's facility alignment and the extent to which VA's capital-planning process facilitates the alignment of facilities with the veterans' population, and (2) the key elements and challenges affecting DOD and the Commission in BRAC 2005. Detailed information on our scope and methodologies for this work can be found in these published products, cited throughout this testimony. Geographic shifts in the veterans' population, changes in health care delivery, aging infrastructure, and limited stakeholder involvement affect the Department of Veterans Affairs' (VA) efforts to align its services and real property portfolio to meet the needs of veterans. For example, a shift over time from inpatient to outpatient care will likely result in underutilized space once used for inpatient care. Further, the historic status of some VA facilities adds to the complexity of converting or disposing of them. In such instances, it is often difficult and costly for VA to modernize, renovate, and retrofit these older facilities. GAO reported that two of the planning processes VA uses to align its facilities—VA's Strategic Capital Investment Planning (SCIP) and the VA Integrated Planning (VAIP)—have limitations that undermine VA's efforts to achieve its goals. Specifically: VA relies on the SCIP process to plan and prioritize capital projects, but VA routinely asks its facility planners to submit their next year's planned project narratives before knowing if their previous submissions have been funded. The overlapping budget cycle, which is outside of VA's control, combined with other SCIP limitations—including subjective narratives, long time frames, and restricted access to information—make it difficult for VA to rely on SCIP to accurately identify the capital necessary to address its service and infrastructure gaps. VA concurred that it needs to address SCIP limitations that are within its control, as GAO recommended; VA has made some progress in implementing the recommendation has made some progress in implementing the recommendation.\ The VAIP process is estimated to cost $108 million and to produce market-level service delivery plans and facility master plans. However, the VAIP master plans incorrectly assume that all future growth in services will be provided directly through VA facilities without considering alternatives, such as purchasing care from the community. GAO recommended that VA consider discontinuing the VAIP facility master plans pending an assessment of their value as a facility-planning tool. VA agreed with the recommendation and is implementing it while pursuing a national realignment strategy.. Key elements of the Department of Defense's (DOD) 2005 Base Realignment and Closure (BRAC) process could benefit VA's asset and infrastructure review. The key elements included: (1) establishing goals for the process, (2) developing criteria for evaluating closures and realignments, and (3) establishing an organizational structure to develop closure and realignment options. GAO identified key challenges that affected DOD's implementation of BRAC 2005 and the results achieved; these challenges would need to be addressed if VA is to successfully apply the process. These challenges included: (1) large, complex recommendations required sustained senior leadership's attention and a high level of coordination among many stakeholders, and (2) the large number of actions that depend on each other for successful implementation. In the April 2017 report, GAO made recommendations related to capital planning and stakeholder involvement. VA concurred with the recommendations to the extent that they were within its control and has started making improvements.
ROUGE-L F1 (base vs ground_truth): 0.2366
ROUGE-L F1 (simple_concat_with_reposition vs ground_truth): 0.2383
ROUGE-L F1 (blend_recompute vs ground_truth): 0.2534
ROUGE-L F1 (blend_recompute_headwise vs ground_truth): 0.2004

----------------------------------------------------------------------
样本 39/200
context 前缀: Since DHS’s creation in 2003, significant internal control and financial managem...
模型输入前 40 词:
<|im_start|>user You are given a report by a government agency. Read the report carefully. Report: Since DHS’s creation in 2003, significant internal control and financial management system deficiencies have hampered its ability to reasonably assure effective financial management and to ...
基线输出:
The report assesses the Department of Homeland Security's (DHS) TRIO components' alternatives analysis (AA) processes for modernizing financial management systems, focusing on the GAO-identified 22 best practices for an analysis of alternatives (AOA) process. The TRIO components conducted AA in 2012 and 2013 to select the best alternative for modernizing their financial management systems. The report evaluates the TRIO components' AA processes against the GAO-identified 22 best practices, including well-documented, comprehensive, unbiased, and credible characteristics. The AA processes were not always in conformity with best practices, leading to increased risk that the selected alternatives would not represent the best solutions for meeting mission needs and that risks impacting the TRIO project would not be effectively managed. The report recommends developing and implementing effective processes and improving guidance to ensure future AAs fully follow AOA process best practices and reflect these characteristics.
TTFT (base): 2840.18 ms
simple_concat 输出:
### Summary of the report

The report discusses the findings of the Department of Homeland Security (DHS) Office of Management and Budget (OMB) and the U.S. Department of Homeland Security (DHS) Office of the Secretary’s (OS) on the assessment of DHS’s approach to the TRIO project. The report highlights that DHS and DHS’s TRIO components have taken several steps to implement the TRIO project, including a 2-year delay in the implementation of the TRIO project, a 2-year delay in the implementation of the TRIO project, and a delay in the implementation of the TRIO project. The TRIO project is a multi-year, $2. 5 billion project to modernize the financial management system for the Transportation Security Administration (TSA) and the Transportation Security Agency (TSA) and the U.S. Coast Guard (Coast Guard). The report also discusses the DHS’s approach to managing risks associated with the TRIO project, including the use of a risk management plan and a risk management plan. The report also provides information on the DHS’s AOA process, including the process of identifying, analyzing, and analyzing risks, and the results of that process. The report also highlights the key best practices for managing risks in an AOA process, and provides an assessment of DHS’s AOA process against these best practices. The report also provides information on the TRIO project’s risk management plan and the TRIO project’s risk register, as well as the TRIO project’s risk mitigation plan and risk mitigation plan. The report concludes by providing recommendations for improving the TRIO project, including the TRIO project’s risk management process, the TRIO project’s risk management plan, and the TRIO project’s risk register. The report also provides recommendations for improving the TRIO project’s risk management process, risk management plan, and risk register, and provides a summary of the key factors and challenges that impacted the TRIO project, including the TRIO project’s risk management plan, risk management plan, and risk register. The report provides a summary of the TRIO project’s risk management process, risk management plan, and risk register, as well as the key factors and challenges that impacted the TRIO project, including the TRIO project’s risk management plan, risk management plan, and risk register. The report provides a summary of the TRIO project’s risk management process, risk management plan, and risk register, and provides a summary of the key factors and challenges that impacted the TRIO project, including the
TTFT (simple_concat, 不含预计算): 127.82 ms
blend_recompute 输出:
### Summary of the report

The report discusses the findings of the Department of Homeland Security (DHS) Office of Management and Budget (OMB) and the U.S. Department of Homeland Security (DHS) Office of the Secretary’s (OS) on the assessment of DHS’s approach to the TRIO project. The report outlines the process and process improvements that were made to the TRIO project, including the TRIO project’s mission, scope, and the TRIO project’s objectives. The report highlights the importance of the TRIO project, the challenges faced by DHS and IBC, and the importance of the DHS and IBC collaboration and communication. The report also discusses the DHS and IBC’s approach to project management, including the risk management plan and risk management plan for the TRIO project, and the TRIO project’s project management and communication practices. The report also addresses the TRIO project’s risk management process, including the TRIO project’s risk management plan, the TRIO project’s risk management plan, and the TRIO project’s risk management plan. The report concludes by addressing the TRIO project’s risk management process, including the TRIO project’s risk management plan, the TRIO project’s risk management plan, and the TRIO project’s risk management plan. The report also discusses the TRIO project’s risk management process, including the TRIO project’s risk management plan, the TRIO project’s risk management plan, and the TRIO project’s risk management plan. The report also discusses the TRIO project’s risk management process, including the TRIO project’s risk management plan, the TRIO project’s risk management plan, and the TRIO project’s risk management plan. The report also discusses the TRIO project’s risk management process, including the TRIO project’s risk management plan, the TRIO project’s risk management plan, and the TRIO project’s risk management plan. The report also discusses the TRIO project’s risk management process, including the TRIO project’s risk management plan, the TRIO project’s risk management plan, and the TRIO project’s risk management plan. The report also discusses the TRIO project’s risk management process, including the TRIO project’s risk management plan, the TRIO project’s risk management plan, and the TRIO project’s risk management plan. The report also discusses the TRIO project’s risk management process, including the TRIO project’s risk management plan, the TRIO project’s risk management plan, and the TRIO project’s risk management plan. The report
TTFT (blend_recompute, 不含预计算): 194.30 ms
  选点 1965 tokens / 899 runs, selection=30.87 ms, recompute=30.68 ms
blend_recompute_headwise 输出:
# Summary of the Report

## Purpose
GAO conducted a review of DHS's approach to modernizing TRIO's financial management systems and the TRIO project's AA process to identify key risk management challenges and the extent to which DHS met best practices in the AOA process. The review included reviewing DHS's TRIO project AA process documentation, conducting interviews with DHS and TRIO officials, and analyzing DHS guidance for conducting AOA against the GAO-identified best practices. The report highlights the key challenges and best practices associated with TRIO project AA and provides recommendations for DHS to improve its AOA process.

## Methods
GAO reviewed DHS's TRIO project AA process documentation, conducted interviews with DHS and TRIO officials, and analyzed DHS guidance for conducting AOA against the GAO-identified best practices. GAO used a scoring methodology to assess DHS's TRIO project AA process against the GAO-identified best practices, and identified key challenges and best practices for TRIO project AA. GAO reviewed DHS guidance for conducting AOA against the GAO-identified best practices and identified key challenges and best practices for TRIO project AA.

## Key Findings
GAO identified key challenges in DHS's TRIO project AA process, including lack of a reliable AOA process, inadequate risk management practices, and insufficient resource allocation. GAO found that DHS's TRIO project AA process did not fully meet the four best practices for a reliable, high-quality AOA process, including determining the scope of the AA, identifying and analyzing risks, and documenting the AA. GAO also found that DHS's AA process was not consistent with the best practices identified in the AOA process, and that DHS did not fully follow the best practices in its AA process.

## Recommendations
GAO recommended that DHS develop and implement effective processes and improve guidance to reasonably assure that future AAs fully follow the AOA process best practices. GAO also recommended that DHS improve the Risk Management Planning Handbook and other relevant guidance for managing risks associated with financial management system modernization projects.

## Conclusion
GAO's review of DHS's TRIO project AA process identified key challenges and best practices associated with TRIO project AA. GAO's recommendations aim to help DHS improve its AOA process and ensure that future projects are managed effectively.

</think>
TTFT (blend_recompute_headwise, 不含预计算): 24255.82 ms
  选中 1965 个 token-head 对 / 825 runs, selection=34.18 ms, recompute=24057.00 ms
标准答案:
To help address long-standing financial management system deficiencies, DHS initiated its TRIO project, which has focused on migrating three of its components to a modernized financial management system provided by IBC, an OMB-designated, federal SSP. House Report Number 3128 included a provision for GAO to assess the risks of DHS using IBC in connection with its modernization efforts. This report examines (1) the extent to which DHS and the TRIO components followed best practices in analyzing alternatives, and the key factors, metrics, and processes used in their choice of a modernized financial management system; (2) the extent to which DHS managed the risks of using IBC for its TRIO project consistent with risk management best practices; and (3) the key factors and challenges that have impacted the TRIO project and DHS's plans for completing remaining key priorities. GAO interviewed key officials, reviewed relevant documents, and determined whether DHS followed best practices identified by GAO as necessary characteristics of a reliable, high-quality AOA process and other risk management best practices. The Department of Homeland Security's (DHS) TRIO project represents a key effort to address long-standing financial management system deficiencies. During 2012 and 2013, the TRIO components—U.S. Coast Guard (Coast Guard), Transportation Security Administration (TSA), and Domestic Nuclear Detection Office (DNDO)—each completed an alternatives analysis (AA) to determine a preferred alternative for modernizing its financial management system. GAO found that DNDO's AA substantially met the four characteristics—well-documented, comprehensive, unbiased, and credible—that GAO previously identified for a reliable, high-quality analysis of alternatives (AOA) process. However, Coast Guard's and TSA's AAs did not fully or substantially meet three of these characteristics, and DHS guidance for conducting AAs did not substantially incorporate certain best practices, such as identifying significant risks and mitigation strategies and performing an independent review to help validate the AOA process. Based on these analyses and other factors, the TRIO components determined that migrating to a federal shared service provider (SSP) represented the best alternative, and in 2014, DHS selected the Department of the Interior's Interior Business Center (IBC) as the federal SSP for the project. However, because Coast Guard's and TSA's AAs did not fully or substantially reflect all of the characteristics noted above, they are at increased risk that the alternative selected may not achieve mission needs. DHS also did not fully follow best practices for managing project risks related to its use of IBC on the TRIO project. Specifically, DHS followed three of seven risk management best practices, such as determining risk sources and categories and establishing a risk management strategy. However, it did not fully follow four best practices for defining risk parameters, identifying risks, developing risk mitigation plans, and implementing these plans largely because its guidance did not sufficiently address these best practices. For example, although DHS created joint teams with IBC and provided additional resources to IBC to help address risk mitigation concerns, it did not always develop sufficiently detailed risk mitigation plans that also included contingency plans for selected critical risks. As a result, although IBC's capacity and experience for migrating large agencies the size of Coast Guard and TSA was identified as a risk in July 2014, a contingency plan working group to address this concern was not established until January 2017. By not fully following risk management best practices, DHS is at increased risk that potential problems may not be identified or properly mitigated. DHS, IBC, Office of Management and Budget (OMB), and other federal oversight agencies identified various challenges that have impacted the TRIO project and contributed to a 2-year delay in the implementation of Coast Guard's and TSA's modernized solutions. These challenges include the lack of sufficient resources, aggressive schedule, complex requirements, increased costs, and project management and communication concerns. To help address these challenges, DHS and IBC established review teams and have taken other steps to assess potential mitigating steps. In May 2017, DHS determined that migrating the solution from IBC to a DHS data center represented the best option and initiated discovery efforts to further assess this as its path forward for the TRIO project. GAO recommends that DHS more fully follow best practices for conducting an AOA process and managing risks. DHS concurred with GAO's recommendations and described actions it will take, or has taken, in response.
ROUGE-L F1 (base vs ground_truth): 0.2707
ROUGE-L F1 (simple_concat_with_reposition vs ground_truth): 0.2795
ROUGE-L F1 (blend_recompute vs ground_truth): 0.1702
ROUGE-L F1 (blend_recompute_headwise vs ground_truth): 0.2968

----------------------------------------------------------------------
样本 40/200
context 前缀: The United States has many international agreements that require treaty partners...
模型输入前 40 词:
<|im_start|>user You are given a report by a government agency. Read the report carefully. Report: The United States has many international agreements that require treaty partners to provide certain information to IRS, which can help prevent the use of foreign ...
基线输出:
The report assesses the Internal Revenue Service's (IRS) efforts to use information collected under the Foreign Account Tax Compliance Act (FATCA) to improve taxpayer compliance. Key findings include:

- IRS receives information on foreign financial assets from hundreds of thousands of filers annually. However, IRS faces challenges in matching information reported by FFIs to individual taxpayers due to inaccurate and incomplete TINs. This makes it difficult for IRS to identify and combat taxpayer noncompliance.

- While some steps have been taken to improve FATCA filing compliance, IRS has stopped following its FATCA Compliance Roadmap it developed in 2016. This has resulted in unnecessary filings of Form 8938 by taxpayers.

- Many Forms 8938 filed in tax year 2016 may have been filed unnecessarily. Factors contributing to this unnecessary reporting are unclear. While IRS has provided instructions and guidance on its website for completing Form 8938, focus group participants and tax practitioners reported confusion on whether and how to report investments in foreign accounts.

- IRS must develop a plan to mitigate risks with compliance activities due to the lack of accurate and complete TINs of U.S. account holders collected from FFIs. IRS must ensure appropriate business units conducting compliance enforcement and research have access to consistent and complete data collected from individuals' electronic and paper filings of Form 8938 and elements of parent individual tax returns. A comprehensive plan for managing efforts to leverage FATCA data in agency compliance efforts is also recommended.

- FATCA and CRS reporting requirements have resulted in most taxpayers filing Forms 8938 also filing FBARs with FinCEN. Duplicative filings on foreign financial assets cause confusion, frustration, and compliance burdens for taxpayers. FATCA has created challenges for some U.S. persons living abroad that go beyond increasing their tax compliance burdens.

- Treasury, State, and SSA have taken some steps to address these issues both separately and in coordination with each other. However, Treasury is ultimately responsible for effective administration of FATCA and lacks a collaborative mechanism with State and SSA to address ongoing issues. A formal means to collaboratively address burdens faced by Americans abroad from FATCA should be established.
TTFT (base): 4409.96 ms
simple_concat 输出:
### Report Title: IRS and IRS’s FATCA Implementation: A Comprehensive Review

IRS and IRS’s FATCA Implementation: A Comprehensive Review

IRS and the Internal Revenue Service (IRS) have implemented the Foreign Account Tax Compliance Act (FATCA) to combat tax evasion by foreign financial institutions (FFIs) by requiring U.S. persons and certain foreign financial accounts to report information on foreign financial assets. However, there are several issues that have been identified in the implementation of FATCA, including the lack of consistent and complete data on foreign financial assets, which can lead to inconsistencies in the information reported. IRS officials have taken some steps to address these issues, but there are still some issues that need to be addressed. Key findings:

1. **Lack of Consistent and Complete Data on Foreign Financial Assets:** The IRS and IRS have implemented FATCA, but there is no single, centralized database that collects and stores information on all foreign financial assets held by U.S. persons living abroad. This can result in inconsistent data on the assets of U.S. persons living abroad, making it difficult to compare the information. IRS has not yet fully integrated the data from foreign financial accounts with the IRS’s own records, and some U.S. persons living abroad are still being asked to file FBARs even if they have no foreign financial assets. This is inconsistent with the FATCA agreement and may cause confusion among taxpayers and increase compliance burdens.

2. **Overlapping Reporting Requirements:** There are overlapping reporting requirements for U.S. persons who are required to report on Form 8938 and other related forms. This overlapping can result in unnecessary reporting requirements for U.S. persons who do not have foreign financial assets. This can also lead to unnecessary reporting requirements for non-U.S. persons, which can be costly and burdensome for the IRS to process. IRS has developed a plan to address this issue, but it is not yet clear if this plan will be fully implemented.

3. **Limited Use of FATCA Data:** While IRS has implemented FATCA, the data collected by FFIs is not always used effectively to improve compliance with FATCA requirements. This is because the information collected is not always complete, and the data is not always used for the intended purpose. IRS is working on improving the data, but it is unclear whether it will be effective in reducing tax evasion.

In summary, IRS and IRS have made progress in implementing FATCA, but there are still challenges that need to be addressed to ensure that the law is implemented effectively.
TTFT (simple_concat, 不含预计算): 163.20 ms
blend_recompute 输出:
### Report Title: IRS and IRS’s FATCA Implementation: A Comprehensive Review

IRS and IRS’s FATCA Implementation: A Comprehensive Review

IRS and the Internal Revenue Service (IRS) have implemented the Foreign Account Tax Compliance Act (FATCA) to combat tax evasion by foreign financial institutions (FFIs) by requiring U.S. persons and certain foreign financial accounts to report information on foreign financial assets. However, there are several issues that have been identified in the implementation of FATCA, including:

1. Challenges in collecting accurate and complete data from FFIs, particularly for U.S. persons living abroad, including U.S. citizens and residents of U.S. Territories. 

2. Challenges in obtaining accurate and complete information from foreign financial institutions that are not required to report information on foreign financial assets. 

To address these issues, the IRS and IRS are taking steps, including:

1. Implementing FATCA to address issues related to FATCA, such as improving the ability to collect and share information on foreign financial assets held by U.S. persons living abroad.
2. Enhancing the ability of U.S. persons to access and use the IRS’s electronic filing and data sharing platform, including by providing clear instructions for reporting requirements, and making data more accessible.
3. Developing a plan to mitigate risks in the collection of information from U.S. persons living abroad.
4. Identifying and implementing steps to address issues related to FATCA implementation, such as addressing the need for a formal means to address ongoing issues related to the FATCA implementation, including the lack of a comprehensive plan to mitigate the risks of noncompliance.
  
The report also addresses the implementation of FATCA, including its impact on FATCA, FATCA, and FATCA reporting requirements, and provides a comprehensive review of the impact of FATCA on the IRS’s ability to collect and use information on foreign financial assets. The report also addresses the impact of FATCA on the IRS’s ability to enforce FATCA requirements and the potential impact on the IRS’s ability to collect and use information on foreign financial assets. The report also addresses the impact of FATCA on the IRS’s ability to enforce FATCA requirements and the impact on the IRS’s ability to collect and use information on foreign financial assets. The report also addresses the impact of FATCA on the IRS’s ability to enforce FATCA requirements and the impact on the IRS’s ability to collect and use information on foreign financial assets. The report also addresses the impact of FATCA on the IRS’s ability to enforce FATCA
TTFT (blend_recompute, 不含预计算): 237.33 ms
  选点 2579 tokens / 1167 runs, selection=43.66 ms, recompute=27.26 ms
blend_recompute_headwise 输出:
# Summary of the Report

## Purpose
The purpose of the report is to evaluate the IRS’s implementation of FATCA and CRS and identify opportunities to improve U.S. persons’ access to financial services and compliance with tax obligations, including by reducing the number of U.S. persons required to file Form 8938, improving the quality of Form 8938 data, and ensuring U.S. persons living abroad have access to financial services and tax compliance. The report also examines the extent to which U.S. persons living abroad are subject to FATCA reporting requirements and assesses the impact of FATCA on U.S. persons’ ability to access financial services and comply with tax obligations.

## Methods
The report used focus groups and interviews with tax practitioners, tax professionals, and advocacy groups, as well as analysis of IRS data and documents, to identify the extent to which U.S. persons living abroad are required to file Forms 8938 and are subject to FATCA reporting requirements. We found that U.S. persons living abroad are required to file Form 8938, but the requirements are not uniform across countries. For example, some countries do not require U.S. persons to file Form 8938, while others require U.S. persons to file Form 8938 only for U.S. persons with a tax residence in the country. We also found that U.S. persons living abroad may face challenges accessing financial services and obtaining SSNs due to FATCA reporting requirements. For example, some U.S. persons living abroad are denied access to financial services and are unable to obtain SSNs. Additionally, we found that U.S. persons living abroad may face challenges accessing financial services and obtaining SSNs due to FATCA reporting requirements. 

## Key Findings
We found that U.S. persons living abroad are required to file Form 8938 in some countries, but not in others. The requirements for filing Form 8938 are not uniform across countries. Some countries require U.S. persons to file Form 8938 only for U.S. persons with a tax residence in the country, while others require U.S. persons to file Form 8938 regardless of whether they have a tax residence in the country. We also found that U.S. persons living abroad may face challenges accessing financial services and obtaining SSNs due to FATCA reporting requirements. For example, some U.S. persons living abroad are denied access to financial services and are
TTFT (blend_recompute_headwise, 不含预计算): 33416.13 ms
  选中 2579 个 token-head 对 / 1076 runs, selection=46.77 ms, recompute=33187.88 ms
标准答案:
Concerns over efforts by U.S. taxpayers to use offshore accounts to hide income or evade taxes contributed to the passage of FATCA in 2010, which sought to create greater transparency and accountability over offshore assets held by U.S. taxpayers. House Report 114-624 included a provision for GAO to evaluate FATCA implementation and determine the effects of FATCA on U.S. citizens living abroad. GAO—among other things—(1) assessed IRS's efforts to use FATCA-related information to improve taxpayer compliance; (2) examined the extent to which Treasury administers overlapping reporting requirements on financial assets held overseas; and (3) examined the effects of FATCA implementation unique to U.S. persons living abroad. GAO reviewed applicable documentation; analyzed tax data; and interviewed officials from IRS, other federal agencies and organizations, selected tax practitioners, and more than 20 U.S. persons living overseas. Data quality and management issues have limited the effectiveness of the Internal Revenue Service's (IRS) efforts to improve taxpayer compliance using foreign financial asset data collected under the Foreign Account Tax Compliance Act (FATCA). Specifically, IRS has had difficulties matching the information reported by foreign financial institutions (FFI) with U.S. taxpayers' tax filings due to missing or inaccurate Taxpayer Identification Numbers provided by FFIs. Further, IRS lacks access to consistent and complete data on foreign financial assets and other data reported in tax filings by U.S. persons, in part, because some IRS databases do not store foreign asset data reported from paper filings. IRS has also stopped pursuing a comprehensive plan to leverage FATCA data to improve taxpayer compliance because, according to IRS officials, IRS moved away from updating broad strategy documents to focus on individual compliance campaigns. Ensuring access to consistent and complete data collected from U.S. persons—and employing a plan to leverage such data—would help IRS better leverage such campaigns and increase taxpayer compliance. Due to overlapping statutory reporting requirements, IRS and the Financial Crimes Enforcement Network (FinCEN)—both within the Department of the Treasury (Treasury)—collect duplicative foreign financial account and other asset information from U.S. persons. Consequently, in tax years 2015 and 2016, close to 75 percent of U.S. persons who reported information on foreign accounts and other assets on their tax returns also filed a separate form with FinCEN. The overlapping requirements increase the compliance burden on U.S. persons and add complexity that can create confusion, potentially resulting in inaccurate or unnecessary reporting. Modifying the statutes governing the requirements to allow for the sharing of FATCA information for the prevention and detection of financial crimes would eliminate the need for duplicative reporting. This is similar to other statutory allowances for IRS to disclose return information for other purposes, such as for determining Social Security income tax withholding. According to documents GAO reviewed, and focus groups and interviews GAO conducted, FFIs closed some U.S. persons' existing accounts or denied them opportunities to open new accounts after FATCA was enacted due to increased costs, and risks they pose under FATCA reporting requirements. According to Department of State (State) data, annual approvals of renunciations of U.S. citizenship increased from 1,601 to 4,449—or nearly 178 percent—from 2011 through 2016, attributable in part to the difficulties cited above. Treasury previously established joint strategies with State to address challenges U.S. persons faced in accessing foreign financial services. However, it lacks a collaborative mechanism to coordinate efforts with other agencies to address ongoing challenges in accessing such services or obtaining Social Security Numbers. Implementation of a formal means to collaboratively address burdens faced by Americans abroad from FATCA can help federal agencies develop more effective solutions to mitigate such burdens by monitoring and sharing information on such issues, and jointly developing and implementing steps to address them. GAO is making one matter for congressional consideration to address overlap in foreign asset reporting requirements. GAO is making seven recommendations to IRS and other agencies to enhance IRS's ability to leverage FATCA data to enforce compliance, address unnecessary reporting, and better collaborate to mitigate burdens on U.S. persons living abroad. State and Social Security Administration agreed with GAO's recommendations. Treasury and IRS neither agreed nor disagreed with GAO's recommendations.
ROUGE-L F1 (base vs ground_truth): 0.3709
ROUGE-L F1 (simple_concat_with_reposition vs ground_truth): 0.3205
ROUGE-L F1 (blend_recompute vs ground_truth): 0.2814
ROUGE-L F1 (blend_recompute_headwise vs ground_truth): 0.2247

----------------------------------------------------------------------
样本 41/200
context 前缀: This report provides background information and potential oversight issues for C...
模型输入前 40 词:
<|im_start|>user You are given a report by a government agency. Read the report carefully. Report: This report provides background information and potential oversight issues for Congress on war-related and other international emergency or contingency-designated funding since FY2001. Since the terrorist ...
基线输出:
The report provides background information and potential oversight issues for Congress on war-related and other international emergency or contingency-designated funding since FY2001. The report covers the total amount of war-related and other international emergency or contingency-designated funding since 9/11, including $1.8 trillion for the Department of Defense, $154 billion for the Department of State and USAID, and $3 billion for the Department of Homeland Security and Coast Guard. The report also details the use of OCO/GWOT funding for base budget requirements, as well as the shifting of some OCO/GWOT funding to the base budget. The report concludes with recommendations for Congress to consider, including whether to keep the BCA as is, repeal the BCA, or amend the BCA limits for future years, as well as the potential impact on future OCO funding levels.
TTFT (base): 3328.48 ms
simple_concat 输出:
The report is a detailed analysis of the Department of Defense (DOD) budget for the United States Department of Defense (DOD) for the fiscal year 2019. The report is part of the ongoing process of budgeting and budgeting for the Department of Defense, focusing on the defense budget. The report's purpose is to provide an overview of the budget request for the DOD for the fiscal year 2019 and to provide a comprehensive overview of the OCO funding for the Department of Defense (DOD). The report includes a comparison of the DOD budget request for the current fiscal year (FY2019) with the previous fiscal years (FY2018) and the FY2018 National Defense Authorization Act (ODA). The report also includes a comparison of the FY2019 budget request with the FY2019 base budget and the FY2019 base budget. The report provides a summary of the DOD's budget request for FY2019 and OCO funding for the Department of Defense (DOD). The report also provides a comparison of the FY2019 budget request with the FY2019 base budget and the FY2019 base budget. The report also includes a summary of the DOD's budget request for FY2019 and OCO funding for the Department of Defense (DOD). The report also includes a comparison of the FY2019 budget request with the FY2019 base budget and the FY2019 base budget. The report also includes a summary of the DOD's budget request for FY2019 and OCO funding for the Department of Defense (DOD). The report also includes a comparison of the FY2019 budget request with the FY2019 base budget and the FY2019 base budget. The report also includes a summary of the DOD's budget request for FY2019 and OCO funding for the Department of Defense (DOD). The report also includes a comparison of the FY2019 budget request with the FY2019 base budget and the FY2019 base budget. The report also includes a summary of the DOD's budget request for FY2019 and OCO funding for the Department of Defense (DOD). The report also includes a comparison of the FY2019 budget request with the FY2019 base budget
TTFT (simple_concat, 不含预计算): 120.36 ms
blend_recompute 输出:
The report is a detailed analysis of the Department of Defense (DOD) budget for the fiscal year 2019. The primary purpose of the report is to provide a comprehensive overview of the DOD's budget for the upcoming fiscal year, including the allocation of funds for various departments and agencies. The report includes a comprehensive overview of the budget request for FY2019, as well as an analysis of the FY2018 budget request and its implications for the DOD budget. The report also provides an analysis of the FY2018 budget request for the Department of State and the Office of the Secretary of Defense (OSD). The report provides an analysis of the FY2019 budget request for the Department of State and the Office of the Secretary of Defense (OSD). The report also includes a detailed discussion of the Department of State and the Office of the Secretary of Defense budget for FY2019, including the requested budget request and the budget request for the Department of State and the Office of the Secretary of Defense. The report also includes a comprehensive overview of the Department of State and the Office of the Secretary of Defense budget for FY2019, including the requested budget request and the budget request for the Department of Defense. The report also includes a detailed discussion of the Department of State and the Office of the Secretary of Defense budget for FY2019, including the requested budget request and the budget request for the Department of Defense. The report also includes a comprehensive overview of the Department of State and the Office of the Secretary of Defense budget for FY2019, including the requested budget request and the budget request for the Department of Defense. The report also includes a detailed discussion of the Department of State and the Office of the Secretary of Defense budget for FY2019, including the requested budget request and the budget request for the Department of Defense. The report also includes a comprehensive overview of the Department of State and the Office of the Secretary of Defense budget for FY2019, including the requested budget request and the budget request for the Department of Defense. The report also includes a detailed discussion of the Department of State and the Office of the Secretary of Defense budget for FY2019, including the requested budget request and the budget request for the Department of Defense. The report also includes a comprehensive overview of the Department of State and the Office of the Secretary of Defense budget for FY2019, including the requested budget request and the budget request for the
TTFT (blend_recompute, 不含预计算): 212.98 ms
  选点 2111 tokens / 1030 runs, selection=34.01 ms, recompute=26.89 ms
blend_recompute_headwise 输出:
The report provides an overview of OCO (Overseas Contingency Operations) funding in the United States Department of Defense (DOD) budget, focusing on its history, structure, and recent trends. OCO funding is a critical element of DOD's budget, serving as a temporary funding mechanism for operations that are not classified as OCO/GWOT (Overseas Contingency Operations/Global War on Terrorism). The report highlights the following key points:

1. **History and Purpose**: OCO funding was first established in FY2001 and has been used to fund operations in Afghanistan, Iraq, and Syria, as well as other countries. The OCO funding is not directly tied to specific military operations and can be used for various purposes.

2. **Recent Trends**: Since FY2019, OCO funding has been included in the base budget, with a focus on OCO/GWOT operations. However, some analysts argue that the funding is not sufficient to meet the U.S. military's needs in the long term.

3. **Congressional Oversight**: Congress has been criticized for the lack of transparency in the OCO funding, with some analysts arguing that it is not aligned with the U.S. military's needs and is not aligned with the President's strategic goals.

4. **Recommendations**: The report suggests that Congress should consider reallocating OCO funding to the base budget to better align with the U.S. military's needs and strategic goals.

The report aims to provide a comprehensive overview of OCO funding, its historical context, recent trends, and potential future implications, while also highlighting the need for better congressional oversight and alignment with the U.S. military's needs.

</think>
TTFT (blend_recompute_headwise, 不含预计算): 27030.70 ms
  选中 2111 个 token-head 对 / 938 runs, selection=35.14 ms, recompute=26832.62 ms
标准答案:
Congressional interest in Overseas Contingency Operation (OCO) funding has continued as Members debate ways of funding priorities without breaching discretionary spending limits set in law. Since the terrorist attacks of September 11, 2001, Congress has appropriated approximately $2 trillion in discretionary budget authority designated as emergency requirements or for Overseas Contingency Operations/Global War on Terrorism (OCO/GWOT) in support of the broad U.S. government response to the 9/11 attacks and for other related international affairs activities. This figure amounts to approximately 9.4% of total discretionary spending during this period. Congress has used supplemental appropriation acts or designated funding for emergency requirements or OCO/GWOT—or both—in statute. These funds are not subject to limits on discretionary spending in congressional budget resolutions or to the statutory discretionary spending limits established by the Budget Control Act of 2011 (BCA; P.L. 112-125). The Balanced Budget and Emergency Deficit Control Act of 1985 (BBEDCA; P.L. 99-177) allows emergency funding to be excluded from budget control limits. The BCA added the OCO/GWOT designation to the BBEDCA exemption, thereby providing Congress and the President with an alternate way to exclude funding from the BCA spending limits. While there is no overall statutory limit on the amount of emergency or OCO/GWOT spending, both Congress and the President have fundamental roles in determining how much of the spending to provide each fiscal year. Congress must designate any such funding in statute on an account-by-account basis. The President is also required to designate it as such after it is appropriated to be available for expenditure. Debate over what should constitute OCO/GWOT or emergency activities and expenses has shifted over time, reflecting differing viewpoints about the extent, nature, and duration of U.S. military operations in Afghanistan, Iraq, Syria, and elsewhere. Funding designated for OCO/GWOT has also been used to fund base-budget requirements of the DOD and State Department and to prevent or respond to crises abroad, including armed conflict, as well as human-caused and natural disasters. Some defense officials and policymakers argue OCO funding allows for flexible response to contingencies, and provides a "safety valve" to the spending caps and threat of sequestration—the automatic cancellation of budget authority largely through across-the-board reductions of nonexempt programs and activities—under the BCA. Critics, however, have described OCO/GWOT as a loophole or "gimmick"—morphing from an account for replacing combat losses of equipment, resupplying expended munitions, and transporting troops through war zones, to a "slush fund" for activities unrelated to contingency operations. Congress appropriated approximately $103 billion for OCO in FY2017 (8.5% of all discretionary appropriations), $78 billion for OCO in FY2018 (5.5% of all discretionary appropriations), and $68.8 billion for OCO so far in FY2019. Discretionary appropriations for FY2019 are not yet final; a continuing resolution expired December 21, 2018. Following passage of the Bipartisan Budget Act of 2018 (P.L. 115-123), which raised discretionary budget caps for defense and foreign affairs agencies in FY2018 and FY2019, the Administration proposed shifting some OCO funding into the base, or regular, budget. Although Congress has generally not followed Administration requests for reduced funding for foreign affairs and domestic activities and has increased funding for defense, the President has asked cabinet secretaries to propose spending cuts of 5% in FY2020. Such proposals, if requested in a budget submission, may create difficult choices for Congress in FY2020 and FY2021—the final two years of the BCA discretionary spending limits. Congress's decisions on OCO/GWOT designations will affect how much agency funding is available for military operations and foreign affairs activities overseas, how much is subject to the BCA caps, and how much is incorporated into regular budgets and long-term budget projections.
ROUGE-L F1 (base vs ground_truth): 0.1542
ROUGE-L F1 (simple_concat_with_reposition vs ground_truth): 0.1280
ROUGE-L F1 (blend_recompute vs ground_truth): 0.1192
ROUGE-L F1 (blend_recompute_headwise vs ground_truth): 0.1890

----------------------------------------------------------------------
样本 42/200
context 前缀: The DRC is a vast, mineral-rich nation with an estimated population of about 83 ...
模型输入前 40 词:
<|im_start|>user You are given a report by a government agency. Read the report carefully. Report: The DRC is a vast, mineral-rich nation with an estimated population of about 83 million people and an area that is roughly one-quarter the size ...
基线输出:
The report provides an analysis of companies' disclosures filed with the U.S. Securities and Exchange Commission (SEC) in response to the SEC's conflict minerals disclosure rule. The report covers two main objectives: 1) a comparison of company disclosures filed in 2017 with those filed in the previous two years, and 2) an assessment of the rate of sexual violence in the eastern Democratic Republic of the Congo and neighboring countries published in 2017 and early 2018.

The report uses data from the SEC's electronic data gathering, analysis, and retrieval (EDGAR) database to identify the universe of Form SD filings and to analyze the completeness and accuracy of the EDGAR database. It also reviews the conflict minerals section of the Dodd-Frank Wall Street Reform and Consumer Protection Act (Dodd-Frank Act) and the requirements of the SEC disclosure rule to develop a data collection instrument (DCI) that guided the analysis of Form SDs and CMRs that contain the information disclosed by the filing companies. The report identifies and assesses any information on sexual violence in the eastern DRC and the three adjoining countries—Rwanda, Uganda, and Burundi—that had been published or otherwise had become available in 2017 and early 2018.

The report's key findings include:
- A comparison of company disclosures in 2017 with those in the previous two years showed a slight increase in the number of companies filing disclosures.
- The majority of companies reported performing country-of-origin inquiries, conducting due diligence, and reporting on their conflict minerals disclosures in 2017.
- The rate of sexual violence in the eastern DRC and neighboring countries remained relatively stable, with an estimated 12.7% of women experiencing sexual violence in the 12-month period preceding the survey in Uganda and Burundi, and 11.9% in the DRC.

The report recommends continued efforts by U.S. agencies to contribute to the effective regulation and control of the minerals trade in eastern Democratic Republic of the Congo, including the U.S. Agency for International Development and the United Nations.

</think>
TTFT (base): 1132.21 ms
simple_concat 输出:
The report "Conflict Minerals: Conflict Minerals Disclosure and Due Diligence in Conflict-affected Eastern Democratic Republic of the Congo" is a comprehensive review of the conflict minerals disclosure and due diligence practices of publicly traded companies in the Democratic Republic of the Congo (DRC) and neighboring countries, focusing on the period from 2016 to 2017. The report provides an update on the SEC’s conflict minerals disclosure rule, which requires companies to report on their use of conflict minerals, including tantalum, tin, tungsten, and gold, from the Democratic Republic of the Congo and neighboring countries. The report notes that while the disclosure rate increased from 2016 to 2017, with 100 companies filing disclosures, the rate of companies that reported on their due diligence efforts declined from 88% in 2016 to 69% in 2017. The report also highlights that the SEC has received inquiries from companies about the filing process and has provided guidance on it. The report also discusses the conflict in the DRC and neighboring countries and the need for further efforts to address the issue. The report concludes with a call for companies to improve their conflict minerals disclosure practices and due diligence efforts.
TTFT (simple_concat, 不含预计算): 64.99 ms
blend_recompute 输出:
The report "Conflict Minerals: Conflict Minerals Disclosure and Due Diligence in Conflict-affected Eastern Democratic Republic of the Congo" is a comprehensive review of the conflict minerals disclosure and due diligence practices of publicly traded companies in the Democratic Republic of the Congo (DRC) and neighboring countries, including Rwanda, Uganda, and Burundi. The report was conducted by the Government Accountability Office (GAO) to assess the extent to which companies have complied with the SEC’s conflict minerals disclosure rule. Key findings include:

- **Disclosure Practices:**
  - The SEC’s conflict minerals disclosure rule requires companies to report on the origin of conflict minerals in their products, but the effectiveness of the rule is limited by the lack of reliable data on the origin of these minerals. 
  - Companies in the DRC reported that 12.7% of women and 19.6% of men reported experiencing sexual violence in the 12-month period preceding the survey, with the highest rates in the eastern DRC and neighboring countries. 
  - The report found that 37% of companies reported determining that their products contained conflict minerals from the DRC and neighboring countries.
  - The report recommends that companies should consider conducting due diligence to ensure the authenticity of their conflict minerals and the source and chain of custody of the minerals used in their products. The SEC should also provide guidance on the reporting of conflict minerals disclosures to ensure the accuracy and effectiveness of the rule.

- **Due Diligence Practices:**
  - The SEC’s conflict minerals disclosure rule requires companies to conduct due diligence on the source and chain of custody of conflict minerals used in their products. 
  - Companies have implemented various approaches to conduct due diligence, including conducting inquiries with suppliers, conducting audits, and using conflict minerals reporting tools. 
  - The report recommends that companies should provide a description of the measures taken to ensure the source and chain of custody of conflict minerals, including the facilities used to process the minerals and the country of origin.

The report highlights the ongoing challenges in determining the origin of conflict minerals and the importance of continued efforts to ensure the responsible sourcing of these minerals to combat human rights abuses in conflict-affected regions. The report also notes that the SEC and the SEC’s Division of Corporation Finance are working on guidance on the reporting of conflict minerals disclosures to enhance the accuracy and effectiveness of the rule.
TTFT (blend_recompute, 不含预计算): 91.87 ms
  选点 741 tokens / 271 runs, selection=11.57 ms, recompute=24.31 ms
blend_recompute_headwise 输出:
The report examines the conflict minerals disclosure requirements for companies in the Democratic Republic of Congo (DRC) and neighboring countries. The study analyzed filings from the SEC’s Form SDs and CMRs from 2016 and 2017, and identified new case-file data on sexual violence in the DRC and neighboring countries. The report found that companies were generally transparent in their disclosures, with most reporting on their due diligence processes. However, the report also highlighted challenges in determining the source and chain of custody of conflict minerals, particularly for the eastern DRC and neighboring countries. The report recommends that companies continue to report on their conflict minerals disclosures and provide more information on the source and chain of custody of conflict minerals.
TTFT (blend_recompute_headwise, 不含预计算): 6855.26 ms
  选中 741 个 token-head 对 / 247 runs, selection=12.17 ms, recompute=6781.09 ms
标准答案:
Over the past decade, the United States and the international community have sought to improve security in the DRC. In the eastern DRC, armed groups have committed severe human rights abuses, including sexual violence, and reportedly profit from the exploitation of “conflict minerals”— in particular, tin, tungsten, tantalum, and gold, according to the United Nations. Congress included a provision in the 2010 Dodd-Frank Wall Street Reform and Consumer Protection Act that, among other things, required the SEC to promulgate regulations regarding the use of conflict minerals from the DRC and adjoining countries. The SEC adopted these regulations in 2012. The act also included a provision for GAO to annually assess the SEC regulations' effectiveness in promoting peace and security and report on the rate of sexual violence in the DRC and adjoining countries. In this report, GAO provides information about (1) companies' conflict minerals disclosures filed with the SEC in 2017 compared with disclosures filed in the prior 2 years and (2) the rate of sexual violence in the eastern DRC and adjoining countries published in 2017 and early 2018. GAO analyzed a generalizable random sample of SEC filings and interviewed relevant officials. GAO reviewed U.S., United Nations, and international organizations' reports; interviewed DRC officials, and other stakeholders; and conducted fieldwork in New York at the United Nations headquarters. GAO is not making any recommendations. GAO's review of companies' conflict minerals disclosures filed with the U.S. Securities and Exchange Commission (SEC) in 2017 found that, in general, they were similar to disclosures filed in the prior 2 years. In 2017, 1,165 companies filed conflict minerals disclosures—about the same as in 2016 and 2015. Percentages of companies reporting country-of-origin inquiries in 2017 were also similar to the percentages from those 2 prior years. As a result of the inquiries they conducted, an estimated 53 percent of companies reported in 2017 whether the conflict minerals in their products came from the Democratic Republic of the Congo (DRC) and adjoining countries—similar to the estimated 49 percent in 2016 and 2015 but significantly higher than the estimate of 30 percent in 2014 (see figure). In their 2017 disclosure reports, many companies described actions they took to improve data collection processes, and most companies indicated some challenges in determining the country of origin. Similar to the prior 2 years, almost all companies required to conduct due diligence, as a result of their country-of-origin inquiries, reported doing so. After conducting due diligence to determine the source and chain of custody of any conflict minerals used, an estimated 37 percent of these companies reported in 2017 that they were able to determine that their conflict minerals came from covered countries or from scrap or recycled sources, compared with 39 and 23 percent in 2016 and 2015, respectively. Four companies in GAO's sample declared their products “DRC conflict-free,” and of those, three included the required Independent Private Sector Audit report (IPSA), and one did not. In 2017, 16 companies filed an IPSA; 19 did so in 2016. GAO found information on the rate of sexual violence in the 2017 Uganda and Burundi Demographic and Health Surveys. For Uganda, 22 percent of women and 9 percent of men reported they had experienced sexual violence at least once in their lifetime. For Burundi, 23 percent of women and 6 percent of men reported they had experienced sexual violence at least once in their lifetime. The most recent information on the rate of sexual violence for eastern DRC and Rwanda is from 2016 and is discussed in our previous GAO reports.
ROUGE-L F1 (base vs ground_truth): 0.3167
ROUGE-L F1 (simple_concat_with_reposition vs ground_truth): 0.2240
ROUGE-L F1 (blend_recompute vs ground_truth): 0.2617
ROUGE-L F1 (blend_recompute_headwise vs ground_truth): 0.2412

----------------------------------------------------------------------
样本 43/200
context 前缀: Several U.S. agencies have roles and responsibilities related to the screening a...
模型输入前 40 词:
<|im_start|>user You are given a report by a government agency. Read the report carefully. Report: Several U.S. agencies have roles and responsibilities related to the screening and vetting of NIV applicants, as shown in table 1. Key Visa Adjudication Process ...
基线输出:
The report provides an overview of nonimmigrant visa (NIV) applications and their adjudication processes by the Department of State (State) from fiscal years 2012 to 2017. It categorizes NIVs into seven groups based on visa type, and analyzes the annual NIV adjudications, issuances, and refusal rates for each group. Key findings include:

- The majority of NIV adjudications were for tourist and business visitors, with a slight increase in temporary workers and students.
- Visa refusal rates generally increased from fiscal year 2012 to 2016, with the highest rates for tourist and business visitors and student and exchange visitors.
- The refusal rate for H-2A visas increased due to the validity period extension for foreign workers.
- Temporary worker visas decreased in fiscal year 2017 due to a decrease in Chinese applicants.
- The number of NIV applications adjudicated annually peaked in fiscal year 2016, but declined in 2017.
- Visa groups with the highest refusal rates were tourist and business visitors, followed by student and exchange visitors.
- The National Vetting Center was established to optimize use of federal government information for national security purposes.

The report recommends further analysis of visa screening and vetting protocols and procedures, especially in light of the recent executive actions and challenges to those actions.
TTFT (base): 3853.64 ms
simple_concat 输出:
### Report Title: Memorandum on the Impact of the Administration’s Executive Order on Immigration Policy and National Security

The report titled "Memorandum on the Impact of the Administration’s Executive Order on Immigration Policy and National Security" outlines the effects of the Executive Order (EO) on immigration policy and national security. The report, released in May 2017, reviews the implementation of the EO and provides a detailed analysis of its potential impacts on various aspects of immigration policy. The report was developed through a comprehensive review of the EO and the U.S. visa and visa programs, as well as the U.S. visa and visa programs. The report concludes that the EO has had a significant impact on visa and visa issuance processes, as well as on visa and visa application processes. The report highlights that the EO has led to a significant reduction in the number of visa and visa applications received, with a 23% decrease in applications in fiscal year 2017 compared to fiscal year 2016. The report also notes that the EO has also impacted the visa and visa denial rates, with an increase of 25% in the number of visa denials in fiscal year 2017 compared to fiscal year 2016. The report also highlights the EO’s impact on visa and visa issuance, as well as the number of visa and visa applications, as well as the number of visa and visa applications. The report also notes the impact of the EO on visa and visa application processing times, with an increase in processing times of 13 days. The report also highlights the impact of the EO on visa and visa application processing times, with an increase of 13 days in processing times. The report also notes the impact of the EO on visa and visa application processing times, with an increase of 13 days in processing times. The report also highlights the impact of the EO on visa and visa application processing times, with an increase of 13 days in processing times. The report also highlights the impact of the EO on visa and visa application processing times, with an increase of 13 days in processing times. The report also highlights the impact of the EO on visa and visa application processing times, with an increase of 13 days in processing times. The report also highlights the impact of the EO on visa and visa application processing times, with an increase of 13 days in processing times. The report also highlights the impact of the EO on visa and visa application processing
TTFT (simple_concat, 不含预计算): 158.06 ms
blend_recompute 输出:
### Report Title: Executive Order 13780: The Department of Homeland Security’s Application for Temporary Entry Permit to the United States (NIV) Program

Executive Order 13780, issued by the President on February 5, 2017, is a significant executive order that aims to enhance the security of the United States by enhancing vetting of foreign nationals seeking to enter the United States. The purpose of the order is to improve the integrity of the visa issuance process by ensuring that foreign nationals seeking to enter the United States are not admitted into the United States based on a lack of adequate documentation, such as travel documents, criminal history, or criminal history. The order also addresses the potential for fraudulent applications for NIVs by foreign nationals, such as fraud, forgery, or forgery. The report includes a detailed description of the process for NIVs, including the types of applications, the process for applying for an NIV, and the process for processing NIVs. The report also provides an overview of the application process for NIVs, including the types of applications, the process for applying for an NIV, and the process for processing NIVs. The report also includes a detailed description of the process for applying for a visa to the Department of Homeland Security (DHS) and the process for processing NIVs. The report also includes a detailed description of the process for applying for a visa to the Department of State and the process for processing NIVs. The report also includes a detailed description of the process for applying for a visa to the Department of State and the process for processing NIVs. The report also includes a detailed description of the process for applying for a visa to the Department of Homeland Security and the process for processing NIVs. The report also includes a detailed description of the process for applying for a visa to the Department of State and the process for processing NIVs. The report also includes a detailed description of the process for applying for a visa to the Department of Homeland Security and the process for processing NIVs. The report also includes a detailed description of the process for applying for a visa to the Department of Homeland Security and the process for processing NIVs. The report also includes a detailed description of the process for applying for a visa to the Department of Homeland Security and the process for processing NIVs. The report also includes a detailed description of the process for applying for a visa to the Department of Homeland Security and the process
TTFT (blend_recompute, 不含预计算): 248.80 ms
  选点 2437 tokens / 1073 runs, selection=41.53 ms, recompute=33.03 ms
blend_recompute_headwise 输出:
The report provides an in-depth analysis of the U.S. immigration policy changes and challenges related to the travel restrictions and vetting of foreign nationals following the issuance of Executive Order (EO) 13780 by the President. The report outlines the key provisions of EO 13780, including its suspension of visa entry restrictions for certain countries and the establishment of a National Vetting Center (NVC) to oversee the implementation of the EO’s provisions. The report details the court challenges to EO 13780 and the Supreme Court’s decision to stay the injunctions, as well as the implementation of EO 13780 and subsequent actions by the Department of Homeland Security (DHS) and the State Department. The report also discusses the implementation of EO 13815, which resumed the U.S. Refugee Admissions Program (USRAP) and implemented additional visa entry restrictions. The report concludes with a summary of the challenges and recommendations for future action.
TTFT (blend_recompute_headwise, 不含预计算): 28734.02 ms
  选中 2437 个 token-head 对 / 993 runs, selection=43.29 ms, recompute=28520.27 ms
标准答案:
Previous attempted and successful terrorist attacks against the United States have raised questions about the security of the U.S. government's process for adjudicating NIVs, which are issued to foreign nationals, such as tourists, business visitors, and students, seeking temporary admission into the United States. For example, the December 2015 shootings in San Bernardino, California, led to concerns about NIV screening and vetting processes because one of the attackers was admitted into the United States under a NIV. In 2017, the President issued executive actions directing agencies to improve visa screening and vetting, and establishing nationality-based visa entry restrictions, which the Supreme Court upheld in June 2018. GAO was asked to review NIV screening and vetting. This report examines (1) outcomes and characteristics of adjudicated NIV applications from fiscal years 2012 through 2017, and (2) key changes made to the NIV adjudication process in response to executive actions taken in 2017. GAO analyzed State NIV adjudication data for fiscal years 2012 through 2017, the most recent and complete data available. GAO visited seven consular posts selected based on visa workload and other factors. GAO reviewed relevant executive orders and proclamations, and documents related to implementing these actions. This is a public version of a sensitive report issued in June 2018. Information that DHS, State, and the Office of the Director of National Intelligence deemed sensitive has been removed. The total number of nonimmigrant visa (NIV) applications that Department of State (State) consular officers adjudicated annually peaked at about 13.4 million in fiscal year 2016, and decreased by about 880,000 adjudications in fiscal year 2017. NIV adjudications varied by visa group, country of nationality, and refusal reason: Visa group. From fiscal years 2012 through 2017, about 80 percent of NIV adjudications were for tourists and business visitors. During this time, adjudications for temporary workers increased by about 50 percent and decreased for students and exchange visitors by about 2 percent. Country of nationality. In fiscal year 2017, more than half of all NIV adjudications were for applicants of six countries of nationality: China (2.02 million, or 16 percent), Mexico (1.75 million, or 14 percent), India (1.28 million, or 10 percent), Brazil (670,000, or 5 percent), Colombia (460,000, or 4 percent), and Argentina (370,000, or 3 percent). Refusal reason. State data indicate that over this time period, 18 percent of adjudicated applications were refused; more than 90 percent were because the applicant did not qualify for the visa sought, and a small percentage (0.05 percent) were due to terrorism and security-related concerns. In 2017, two executive orders and a proclamation issued by the President required, among other actions, visa entry restrictions for nationals of certain listed countries of concern, the development of uniform baseline screening and vetting standards, and changes to NIV screening and vetting procedures. GAO's analysis of State data indicates that, out of the nearly 2.8 million NIV applications refused in fiscal year 2017, 1,338 applications were refused due to visa entry restrictions implemented per the executive actions. State, the Department of Homeland Security (DHS), and others developed standards for screening and vetting by the U.S. government for all immigration benefits, such as for the requirement for applicants to undergo certain security checks. Further, State sought and received emergency approval from the Office of Management and Budget in May 2017 to develop a new form to collect additional information from some visa applicants, such as email addresses and social media handles.
ROUGE-L F1 (base vs ground_truth): 0.2952
ROUGE-L F1 (simple_concat_with_reposition vs ground_truth): 0.1550
ROUGE-L F1 (blend_recompute vs ground_truth): 0.2010
ROUGE-L F1 (blend_recompute_headwise vs ground_truth): 0.1606

----------------------------------------------------------------------
样本 44/200
context 前缀: The federal government has recognized 573 Indian tribes as distinct, independent...
模型输入前 40 词:
<|im_start|>user You are given a report by a government agency. Read the report carefully. Report: The federal government has recognized 573 Indian tribes as distinct, independent political communities with tribal sovereignty. There are different categories of tribal lands, with differing ...
基线输出:
<report-summary>

The Federal Communications Commission (FCC) has collected broadband availability data for federally recognized tribal lands, but the data may overstate broadband access. The report assesses the reliability of FCC's data and identifies key limitations. Recommendations include developing methods to collect more granular data, establishing a formal process for obtaining tribal input, and obtaining feedback on the effectiveness of FCC's tribal engagement guidance. The report provides detailed analysis of data for nine tribal lands and interviews with tribal representatives, industry stakeholders, and other government entities. The goal is to improve the accuracy of FCC's broadband data for tribal lands, thereby reducing the digital divide.
TTFT (base): 2269.27 ms
simple_concat 输出:
The Federal Communications Commission (FCC) is responsible for regulating broadband access and deployment in the United States. To assess broadband access to broadband services, the FCC uses a Form 477 to collect broadband availability data. However, the data are not always accurate, particularly for tribal lands. The FCC has developed a plan to improve broadband availability data collection, but has not yet fully implemented it. The report provides a summary of the findings of a review of the FCC’s broadband data collection practices for tribal lands. The review found that FCC’s current data collection methods may not be accurate, as they do not capture all broadband providers and their service areas, and may not reflect the actual broadband availability on tribal lands. The FCC has a requirement to consult with tribal governments and tribal organizations when collecting broadband data, but FCC officials said they are working to improve the accuracy of the data. However, they have not yet implemented a formal process for gathering tribal feedback on the accuracy of the data. FCC officials noted that tribal governments and tribal stakeholders believe that FCC should provide feedback on the data. Additionally, the report highlights the need for improved broadband data on tribal lands, including the lack of a formal process for collecting and using data on tribal lands, as well as the lack of data on tribal lands. FCC has not yet addressed the issue of broadband data collection on tribal lands in its broadband plan. The report recommends that FCC work with tribal governments and tribal stakeholders to develop a process for collecting and using data on tribal lands, and that FCC should develop a formal process for collecting and using broadband data on tribal lands. The report also recommends that FCC consider providing feedback from tribal stakeholders on the accuracy of broadband data, and that FCC should develop a formal process for collecting and using broadband data on tribal lands. Additionally, the report recommends that FCC address the need for broadband data on tribal lands by engaging tribal stakeholders in the process and ensuring that they have access to the data, and by developing a process for collecting and using broadband data on tribal lands. The report concludes that the FCC needs to improve the accuracy of its broadband data collection practices for tribal lands to ensure that it can better understand the broadband availability on tribal lands and to better target its funding for broadband deployment and service improvement.
TTFT (simple_concat, 不含预计算): 122.31 ms
blend_recompute 输出:
The Federal Communications Commission (FCC) is responsible for regulating broadband access and deployment in the United States. In 2012, the FCC required all broadband providers to report broadband availability data on tribal lands, which includes information about the availability of broadband services in census blocks. However, the data provided by these providers can be inaccurate due to several factors, including the data collection methods used. The FCC has acknowledged the importance of accurate data and has taken steps to improve the data collection process. However, the data still does not fully capture the actual broadband availability on tribal lands, especially on tribal lands, due to the limited availability of data on tribal lands. The data does not account for the varying availability of broadband access based on factors such as the cost of service, the quality of service, and the availability of infrastructure, among other factors. To address this, the FCC is considering revising the broadband data collection process. FCC’s data collection process does not include data on broadband availability on tribal lands, which limits the accuracy of the data. The FCC is considering ways to improve the accuracy of the data, including collecting data on broadband availability on tribal lands and obtaining feedback from tribal stakeholders and providers. The FCC has identified the need for the data to include broadband availability on tribal lands and the need to improve the accuracy of the data. The FCC is also considering whether to collect data on broadband availability on tribal lands to support the FCC’s goal of increasing broadband access for all Americans, including those on tribal lands. The FCC is also considering the use of a new approach, such as the 2017 National Broadband Deployment Report, to collect broadband availability data. The FCC is also considering whether to develop a formal process for tribal engagement in order to improve broadband availability on tribal lands. The FCC is also considering whether to collect data on broadband availability on tribal lands to support the FCC’s goal of increasing broadband access for all Americans, including those on tribal lands. The FCC has not yet determined whether it will include broadband availability on tribal lands in its broadband availability data collection process. The FCC is also considering whether to develop a formal process for tribal engagement to improve broadband availability on tribal lands. The FCC is also considering whether to collect data on broadband availability on tribal lands to support the FCC’s goal of increasing broadband access for all Americans, including those on tribal lands. The FCC has not yet determined whether it will include broadband availability on tribal lands in its broadband availability data collection process. The FCC is also considering whether to develop a formal process for tribal engagement to improve
TTFT (blend_recompute, 不含预计算): 180.10 ms
  选点 1629 tokens / 748 runs, selection=24.38 ms, recompute=33.01 ms
blend_recompute_headwise 输出:
The Federal Communications Commission (FCC) is responsible for collecting broadband data on tribal lands. However, FCC's Form 477 data on broadband availability does not accurately reflect broadband access on tribal lands, according to a GAO report. FCC should require broadband providers to report broadband availability data on tribal lands, and the agency should develop a formal process for obtaining tribal feedback on the accuracy of provider-submitted broadband data, according to the report. FCC should also ensure that it collects broadband data that more accurately and completely depict broadband access on tribal lands. The report recommends that FCC work with tribal governments and providers to improve broadband data collection and reporting on tribal lands. The report also recommends that FCC obtain feedback from tribal stakeholders and providers on the effectiveness of its tribal engagement guidance to determine whether its guidance is effective. The report recommends that FCC work with tribal governments to obtain tribal input on the accuracy of provider-submitted broadband data and develop a formal process to obtain tribal input on the accuracy of provider-submitted broadband data. The report recommends that FCC obtain feedback from providers and tribal stakeholders on the effectiveness of its tribal engagement guidance to determine whether its guidance is effective. The report recommends that FCC work with tribal governments to obtain tribal input on the accuracy of provider-submitted broadband data and develop a formal process to obtain tribal input on the accuracy of provider-submitted broadband data. The report recommends that FCC obtain feedback from providers and tribal stakeholders on the effectiveness of its tribal engagement guidance to determine whether its guidance is effective. The report recommends that FCC work with tribal governments to obtain tribal input on the accuracy of provider-submitted broadband data and develop a formal process to obtain tribal input on the accuracy of provider-submitted broadband data. The report recommends that FCC obtain feedback from providers and tribal stakeholders on the effectiveness of its tribal engagement guidance to determine whether its guidance is effective. The report recommends that FCC work with tribal governments to obtain tribal input on the accuracy of provider-submitted broadband data and develop a formal process to obtain tribal input on the accuracy of provider-submitted broadband data. The report recommends that FCC obtain feedback from providers and tribal stakeholders on the effectiveness of its tribal engagement guidance to determine whether its guidance is effective. The report recommends that FCC work with tribal governments to obtain tribal input on the accuracy of provider-submitted broadband data and develop a formal process to obtain tribal input on the accuracy of provider-submitted broadband data. The report recommends that FCC obtain feedback from providers and tribal stakeholders on the effectiveness of its tribal engagement guidance to determine whether its guidance is effective. The report recommends that FCC work
TTFT (blend_recompute_headwise, 不含预计算): 19094.45 ms
  选中 1629 个 token-head 对 / 679 runs, selection=27.77 ms, recompute=18952.21 ms
标准答案:
Broadband furthers economic development, educational attainment, and public health and safety; however, residents of tribal lands have lower levels of broadband access relative to the U.S. population. Congress has prioritized identifying and targeting funds to unserved areas. FCC uses data from broadband providers to develop maps and reports depicting broadband availability in the United States, with specific information on tribal lands. GAO was asked to review FCC's efforts to collect broadband data for tribal lands. This report examines the extent to which: (1) FCC's approach to collecting broadband data accurately captures broadband access on tribal lands and (2) FCC obtains tribal input on the data. GAO interviewed stakeholders from 25 tribal governments or tribally owned providers, and visited nine tribal lands. The selected tribes varied geographically and in levels of broadband availability, among other characteristics. GAO also reviewed FCC's rulemakings on broadband data and interviewed other tribal stakeholders, FCC officials, and 13 non-tribal broadband providers selected to include a diversity of technologies. Provider and tribal interviews were based on non-generalizable samples. The Federal Communications Commission (FCC) collects data on broadband availability from providers, but these data do not accurately or completely capture broadband access on tribal lands. Specifically, FCC collects data on broadband availability; these data capture where providers may have broadband infrastructure. However, FCC considers broadband to be “available” for an entire census block if the provider could serve at least one location in the census block. This leads to overstatements of service for specific locations like tribal lands (see figure). FCC, tribal stakeholders, and providers have noted that this approach leads to overstatements of broadband availability. Because FCC uses these data to measure broadband access, it also overstates broadband access—the ability to obtain service—on tribal lands. Additionally, FCC does not collect information on several factors—such as affordability, quality, and denials of service—that FCC and tribal stakeholders stated can affect the extent to which Americans living on tribal lands can access broadband services. FCC provides broadband funding for unserved areas based on its broadband data. Overstatements of access limit FCC's and tribal stakeholders' abilities to target broadband funding to such areas. For example, some tribal officials stated that inaccurate data have affected their ability to plan their own broadband networks and obtain funding to address broadband gaps on their lands. By developing and implementing methods for collecting and reporting accurate and complete data on broadband access specific to tribal lands, FCC would be better able to target federal broadband funding to tribal areas that need it the most and to more accurately assess FCC's progress toward its goal of increasing all Americans' access to affordable broadband. FCC does not have a formal process to obtain tribal input on the accuracy of provider-submitted broadband data. In the National Broadband Plan , FCC highlighted the need for a targeted approach to improve broadband availability data for tribal lands. As outlined in the plan, such an approach would include working with tribes to ensure that information is accurate and useful. About half of the tribal stakeholders GAO interviewed raised concerns that FCC relies solely on data from providers, and most stated FCC should work with tribes to improve the accuracy of FCC's data. Establishing a formal process to obtain input from tribal governments on the accuracy of provider-submitted broadband data could help improve the accuracy of FCC's broadband data for tribal lands. GAO is making three recommendations to FCC, including that it collect and report data that accurately measure tribal broadband access as well as develop a process to obtain tribal input on the accuracy of the data. FCC agreed with the recommendations.
ROUGE-L F1 (base vs ground_truth): 0.2400
ROUGE-L F1 (simple_concat_with_reposition vs ground_truth): 0.3290
ROUGE-L F1 (blend_recompute vs ground_truth): 0.3061
ROUGE-L F1 (blend_recompute_headwise vs ground_truth): 0.3129

----------------------------------------------------------------------
样本 45/200
context 前缀: While no commonly accepted definition of a community bank exists, they are gener...
模型输入前 40 词:
<|im_start|>user You are given a report by a government agency. Read the report carefully. Report: While no commonly accepted definition of a community bank exists, they are generally smaller banks that provide banking services to the local community and have ...
基线输出:
The report examines the financial regulations that community banks and credit unions find burdensome and the regulatory burden reduction efforts by federal regulators. It identifies the most burdensome regulations, the characteristics that make them burdensome, and the benefits associated with these regulations. The report also assesses the regulatory burden reduction efforts by the federal depository institution regulators, including the Economic Growth and Regulatory Paperwork Reduction Act of 1996 (EGRPRA) retrospective reviews, the Dodd-Frank Wall Street Reform and Consumer Protection Act of 2010 (Dodd-Frank Act) exemptions, and the regulatory burden reduction actions taken by the regulators. The report recommends assessing TRID guidance, conducting quantitative analyses during EGRPRA reviews, and identifying opportunities to streamline bodies of regulations to reduce regulatory burden.
TTFT (base): 6543.44 ms
simple_concat 输出:
### Report Title: Federal Reserve Bank Regulatory Reform Act (EGRPRA) Review of Community Bank and Credit Union Regulation

Assistant

The Federal Reserve Bank Regulatory Policy Review (EGRPRA) is a comprehensive review of the Federal Reserve’s regulations and regulations affecting community banks and credit unions. The report, released in 2017, was conducted to identify and review the regulatory burden on community banks and credit unions. The study found that the regulations were found to be burdensome for community banks and credit unions. The report also found that the regulations were not fully aligned with the goals of the Dodd-Frank Wall Street Reform and Consumer Protection Act (Dodd-Frank Act), and that the regulations do not fully consider the unique characteristics of community banks and credit unions. The report also noted that community banks and credit unions are subject to the same regulations as other types of banks and credit unions, and that the regulations do not account for the different risk profiles of these institutions. The report also noted that the Federal Reserve should consider how the regulations are affecting community banks and credit unions in the context of the regulatory burden of other regulations. The report also noted that the regulations do not adequately address the risk of financial instability that community banks and credit unions face. The report also noted that the regulations do not adequately consider the benefits of community banks and credit unions in the regulatory process. The report also noted that the regulations do not consider the benefits of community banks and credit unions in the regulatory process. The report also noted that the regulations do not adequately address the risk of financial instability that community banks and credit unions face. The report also noted that the regulations do not adequately consider the benefits of community banks and credit unions in the regulatory process. The report also noted that the regulations do not adequately address the risk of financial instability that community banks and credit unions face. The report also noted that the regulations do not adequately consider the benefits of community banks and credit unions in the regulatory process. The report also noted that the regulations do not adequately consider the risk of financial instability that community banks and credit unions face. The report also noted that the regulations do not adequately consider the benefits of community banks and credit unions in the regulatory process. The report also noted that the regulations do not adequately consider the risk of financial instability that community banks and credit unions face. The report also noted that the regulations do not adequately consider the benefits of community banks and credit unions in the regulatory process. The report also noted that the regulations do not adequately consider the risk of financial instability that community banks and credit
TTFT (simple_concat, 不含预计算): 219.66 ms
blend_recompute 输出:
### Report Title: Federal Reserve Bank Regulatory Reform Act (EGRPRA) Review of Community Bank and Credit Union Regulation

Assistant

The Federal Reserve Bank Regulatory Policy Review (EGRPRA) is a comprehensive review of the Federal Reserve’s regulations and regulations affecting community banks and credit unions. The report, released in 2017, was conducted to identify and review the regulatory burden on community banks and credit unions. The study found that the regulations were found to be burdensome for community banks and credit unions. The report also found that the regulations were not fully aligned with the goals of the Dodd-Frank Wall Street Reform and Consumer Protection Act (Dodd-Frank Act), and that the regulations do not fully consider the unique characteristics of community banks and credit unions. The report also noted that community banks and credit unions are subject to the same regulations as other types of banks and credit unions, and that the regulations do not account for the different risk profiles of these institutions. The report also noted that the Federal Reserve should consider how the regulations are affecting community banks and credit unions in the context of the broader regulatory environment. The report also recommended that the Federal Reserve should consider the benefits of the regulations, and that the agency should take steps to reduce the regulatory burden on community banks and credit unions. The report also noted that the Federal Reserve should consider whether it is necessary to include community banks and credit unions in the EGRPRA process, and that the regulators should not be required to provide a cost-benefit analysis of the regulations, as this would not be appropriate. The report also recommended that the Federal Reserve should consider the benefits of the regulations and that the agency should take steps to reduce the regulatory burden on community banks and credit unions. The report also noted that the Federal Reserve should consider the benefits of the regulations and that the agency should take steps to reduce the regulatory burden on community banks and credit unions. The report also noted that the Federal Reserve should consider the benefits of the regulations and that the agency should take steps to reduce the regulatory burden on community banks and credit unions. The report also noted that the Federal Reserve should consider the benefits of the regulations and that the agency should take steps to reduce the regulatory burden on community banks and credit unions. The report also noted that the Federal Reserve should consider the benefits of the regulations and that the agency should take steps to reduce the regulatory burden on community banks and credit unions. The report also noted that the Federal Reserve should consider the benefits of the regulations and that the agency should take steps to reduce the regulatory burden
TTFT (blend_recompute, 不含预计算): 299.54 ms
  选点 3357 tokens / 1514 runs, selection=66.34 ms, recompute=31.94 ms
blend_recompute_headwise 输出:
The Federal Financial Institutions Regulatory Agencies’ (FFIRRA) review of the regulatory burden on community banks and credit unions found that community banks and credit unions reported that the regulations they are required to follow were burdensome, and the regulators did not conduct and report on how they analyzed the impact of the regulations. The regulators have not conducted quantitative analyses of regulations and have not provided public information on their plans for conducting such analyses, which is a requirement under Executive Order 13563. The regulators have not conducted or reported on evaluations of regulations to determine if changes are warranted, and have not conducted a retrospective review of regulations. In addition, the regulators did not conduct or report on evaluations of regulations that have been identified as burdensome. The regulators have not conducted or reported on evaluations of regulations that have been identified as burdensome, and they have not conducted or reported on evaluations of regulations that have been identified as burdensome. The regulators have not conducted or reported on evaluations of regulations that have been identified as burdensome, and they have not conducted or reported on evaluations of regulations that have been identified as burdensome. The regulators have not conducted or reported on evaluations of regulations that have been identified as burdensome, and they have not conducted or reported on evaluations of regulations that have been identified as burdensome. The regulators have not conducted or reported on evaluations of regulations that have been identified as burdensome, and they have not conducted or reported on evaluations of regulations that have been identified as burdensome. The regulators have not conducted or reported on evaluations of regulations that have been identified as burdensome, and they have not conducted or reported on evaluations of regulations that have been identified as burdensome. The regulators have not conducted or reported on evaluations of regulations that have been identified as burdensome, and they have not conducted or reported on evaluations of regulations that have been identified as burdensome. The regulators have not conducted or reported on evaluations of regulations that have been identified as burdensome, and they have not conducted or reported on evaluations of regulations that have been identified as burdensome. The regulators have not conducted or reported on evaluations of regulations that have been identified as burdensome, and they have not conducted or reported on evaluations of regulations that have been identified as burdensome. The regulators have not conducted or reported on evaluations of regulations that have been identified as burdensome, and they have not conducted or reported on evaluations of regulations that have been identified as burdensome. The regulators have not conducted or reported on evaluations of regulations that have been identified as burdensome, and they have
TTFT (blend_recompute_headwise, 不含预计算): 45195.60 ms
  选中 3357 个 token-head 对 / 1398 runs, selection=70.96 ms, recompute=44927.96 ms
标准答案:
In recent decades, many new regulations intended to strengthen financial soundness, improve consumer protections, and aid anti-money laundering efforts were implemented for financial institutions. Smaller community banks and credit unions must comply with some of the regulations, but compliance can be more challenging and costly for these institutions. GAO examined (1) the regulations community banks and credit unions viewed as most burdensome and why, and (2) efforts by depository institution regulators to reduce any regulatory burden. GAO analyzed regulations and interviewed more than 60 community banks and credit unions (selected based on asset size and financial activities), regulators, and industry associations and consumer groups. GAO also analyzed letters and transcripts commenting on regulatory burden that regulators prepared responding to the comments. Interviews and focus groups GAO conducted with representatives of over 60 community banks and credit unions indicated regulations for reporting mortgage characteristics, reviewing transactions for potentially illicit activity, and disclosing mortgage terms and costs to consumers were the most burdensome. Institution representatives said these regulations were time-consuming and costly to comply with, in part because the requirements were complex, required individual reports that had to be reviewed for accuracy, or mandated actions within specific timeframes. However, regulators and others noted that the regulations were essential to preventing lending discrimination and use of the banking system for illicit activity, and they were acting to reduce compliance burdens. Institution representatives also said that the new mortgage disclosure regulations increased compliance costs, added significant time to loan closings, and resulted in institutions absorbing costs when others, such as appraisers and inspectors, changed disclosed fees. The Consumer Financial Protection Bureau (CFPB) issued guidance and conducted other outreach to educate institutions after issuing these regulations in 2013. But GAO found that some compliance burdens arose from misunderstanding the disclosure regulations—which in turn may have led institutions to take actions not actually required. Assessing the effectiveness of the guidance for the disclosure regulations could help mitigate the misunderstandings and thus also reduce compliance burdens. Regulators of community banks and credit unions—the Board of Governors of the Federal Reserve, the Federal Deposit Insurance Corporation, the Office of the Comptroller of the Currency, and the National Credit Union Administration—conduct decennial reviews to obtain industry comments on regulatory burden. But the reviews, conducted under the Economic Growth and Regulatory Paperwork Reduction Act of 1996 (EGRPRA), had the following limitations: CFPB and the consumer financial regulations for which it is responsible were not included. Unlike executive branch agencies, the depository institution regulators are not required to analyze and report quantitative-based rationales for their responses to comments. Regulators do not assess the cumulative burden of the regulations they administer. CFPB has formed an internal group that will be tasked with reviewing regulations it administers, but the agency has not publicly announced the scope of regulations included, the timing and frequency of the reviews, and the extent to which they will be coordinated with the other federal banking and credit union regulators as part of their periodic EGRPRA reviews. Congressional intent in mandating that these regulators review their regulations was that the cumulative effect of all federal financial regulations be considered. In addition, sound practices required of other federal agencies require them to analyze and report their assessments when reviewing regulations. Documenting in plans how the depository institution regulators would address these EGRPRA limitations would better ensure that all regulations relevant to community banks and credit unions were reviewed, likely improve the analyses the regulators perform, and potentially result in additional burden reduction. GAO makes a total of 10 recommendations to CFPB and the depository institution regulators. CFPB should assess the effectiveness of guidance on mortgage disclosure regulations and publicly issue its plans for the scope and timing of its regulation reviews and coordinate these with the other regulators' review process. As part of their burden reviews, the depository institution regulators should develop plans to report quantitative rationales for their actions and addressing the cumulative burden of regulations. In written comments, CFPB and the four depository institution regulators generally agreed with the recommendations.
ROUGE-L F1 (base vs ground_truth): 0.2268
ROUGE-L F1 (simple_concat_with_reposition vs ground_truth): 0.2084
ROUGE-L F1 (blend_recompute vs ground_truth): 0.2053
ROUGE-L F1 (blend_recompute_headwise vs ground_truth): 0.2094

----------------------------------------------------------------------
样本 46/200
context 前缀: FEMA’s mission is to help people before, during, and after disasters. It provide...
模型输入前 40 词:
<|im_start|>user You are given a report by a government agency. Read the report carefully. Report: FEMA’s mission is to help people before, during, and after disasters. It provides assistance to those affected by emergencies and disasters by supplying immediate needs ...
基线输出:
The Federal Emergency Management Agency (FEMA) is implementing leading practices for reengineering its grants management business processes and incorporating business needs into Grants Management Modernization (GMM) information technology (IT) requirements. The report assesses the reliability of the program's estimated costs and schedule, and the extent to which FEMA is addressing key cybersecurity practices for GMM. Key findings include: 

- FEMA has taken many positive steps, including ensuring executive leadership support for process reengineering, documenting the agency's grants management processes and performance improvement goals, defining initial IT requirements for the program, incorporating input from end user stakeholders, and taking recent actions to improve its delivery of planned IT requirements. However, until the GMM program finalizes plans and time frames for implementing its organizational change management actions, plans and communicates system transition activities, and maintains clear traceability of IT requirements, FEMA will be limited in its ability to provide streamlined grants management processes and effectively deliver a modernized IT system to meet the needs of its large range of users. 

- The GMM program's initial cost estimate was reliable, but key assumptions about the program since the initial estimate had changed, and therefore it no longer reflected the current approach for the program. The forthcoming updated cost schedule is expected to better reflect the current approach. However, the program's unreliable schedule to fully deliver GMM by September 2020 is aggressive and unrealistic. The delays the program has experienced to date further compound GMM's schedule issues. Without a robust schedule that has been informed by a realistic assessment of GMM's development activities, leadership will be limited in its ability to make informed decisions on what additional increases in cost or reductions in scope might be needed to achieve their goals. 

- FEMA's implementation of cybersecurity practices for GMM in the areas of system categorization, selection and implementation, and monitoring will help the program. However, GMM lacked essential details for evaluating security controls, did not approve the security assessment plan before proceeding with the security assessment, did not follow DHS's guidance to develop corrective action plans for all security vulnerabilities, and did not fully test all security controls. As a result, the GMM engineering and test environment remains at an increased risk of exploitations. 

- FEMA plans to ensure that corrective action plans are prepared by July 31, 2019, to address all identified security vulnerabilities for GMM. If implemented effectively, the actions that FEMA plans to take in response to the recommendations should address the weaknesses identified. 

- The Federal Emergency Management Agency (FEMA)
TTFT (base): 4536.39 ms
simple_concat 输出:
### Report Title: FEMA’s Management of the Federal Grants Management (GMM) Program

The Federal Emergency Management Agency (FEMA) is committed to ensuring the security of the Federal Emergency Management Agency (FEMA) and ensuring the security of the Federal Grants Management (GMM) program. To this end, FEMA has developed a program to modernize the management of GMM. The program is called the GMM program. FEMA’s GMM program is responsible for managing the management of the GMM program. The program’s primary goal is to provide a secure, cost-effective, and efficient IT system that will support the GMM program. To achieve this goal, FEMA’s GMM program will implement GMM. FEMA’s GMM program will be implemented in phases. FEMA is currently in the first phase, which is called the pilot phase. In the first phase, FEMA’s GMM program will be tested in a test environment. The test environment is a software application that is designed to test the GMM program. FEMA’s GMM program will also be tested in a staging environment. The test and staging environments are separate environments. The test environment is used for testing the GMM program. The staging environment is used for testing the GMM program. FEMA’s GMM program will be tested in the test environment. FEMA’s GMM program will be tested in the test environment and the staging environment. FEMA’s GMM program will be tested in the test environment and the staging environment. FEMA’s GMM program will be tested in the test environment, the staging environment, and the test environment. FEMA’s GMM program will be tested in the test environment, the staging environment, and the test environment. FEMA’s GMM program will be tested in the test environment, the staging environment, and the test environment. FEMA’s GMM program will be tested in the test environment, the staging environment, and the test environment. FEMA’s GMM program will be tested in the test environment, the staging environment, and the test environment. FEMA’s GMM program will be tested in the test environment, the staging environment, and the test environment. FEMA’s GMM program will be tested in the test environment, the staging environment, and the test environment. FEMA’s GMM program will be tested in the test environment, the staging environment, and the test environment. FEMA’s GMM program will be tested in the test environment, the staging environment, and the test environment. FEMA’s GMM program will be tested in the test environment, the
TTFT (simple_concat, 不含预计算): 167.76 ms
blend_recompute 输出:
### Report Title: FEMA’s Management of the Federal Grants Management (GMM) Program

The Federal Emergency Management Agency (FEMA) is committed to ensuring the security of the Federal Emergency Management Agency (FEMA)’s Grants Management (GMM) program by implementing a new program management methodology, known as the Governmentwide Management and Technology Integration (GMM). This program is intended to improve the agency’s ability to manage the Federal Emergency Management’s (FEMA) grants management process, including the process for managing the grant program. The program’s goal is to modernize GMM by modernizing its systems and processes to improve the timeliness and effectiveness of the GMM process. GMM is an important program within FEMA, as it supports FEMA’s mission to protect the public, protect the public health and safety, and support disaster recovery. In the first year of the program, GMM implemented GMM in a phased manner, which included the development of a comprehensive plan and schedule for implementing GMM. FEMA’s GMM program has implemented GMM by implementing GMM in a phased manner, and FEMA officials stated that the program is currently in the planning phase. GMM is a program that is used to support FEMA’s grant programs, which are the primary means by which FEMA provides disaster relief to the American people. The program is responsible for managing the GMM program’s grants management processes, which include grant application, award, and reporting processes. GMM is a program that is intended to streamline and improve the GMM process by modernizing the GMM system, as well as the processes used to manage the GMM program. FEMA’s GMM program is expected to be fully operational by September 2020. In September 2018, FEMA’s GMM program initiated a process for identifying and addressing the risks associated with GMM’s transition to GMM. This process involved conducting a risk assessment, identifying key stakeholders, and developing a schedule for implementing GMM. FEMA’s GMM program has a team of subject matter experts who are responsible for managing GMM. The team is responsible for developing a detailed description of GMM, including the processes and systems that are to be used to support the GMM program. The GMM program’s development of the program was not completed until September 2018, and FEMA has not yet been able to determine the extent to which the program is implementing GMM. FEMA’s GMM program has established a process for managing GMM requirements for GMM. The program
TTFT (blend_recompute, 不含预计算): 246.52 ms
  选点 2701 tokens / 1195 runs, selection=48.22 ms, recompute=31.56 ms
blend_recompute_headwise 输出:
The Federal Emergency Management Agency (FEMA) has been using the Agile development methodology for the past two years, but it has not fully implemented leading practices for business process reengineering and IT requirements management. FEMA’s GMM program is using the Agile development methodology to deliver GMM. However, the program has not fully implemented the key practices for business process reengineering and IT requirements management. FEMA has not fully implemented the following practices: 

1. Ensuring executive leadership support for business process reengineering.
2. Assessing the current and target business environment and business needs.
3. Establishing plans for implementing new business processes.
4. Establishing clear, prioritized, and traceable IT requirements.
5. Tracking progress in delivering IT requirements.
6. Obtaining an authorization to operate the system.

FEMA’s GMM program is currently using the GMM program’s automated IT requirements management tool. However, the program has not yet developed corrective action plans for all security vulnerabilities. FEMA has not fully tested 190 of the 190 GMM security controls. FEMA has not fully implemented leading practices for business process reengineering and IT requirements management. The GMM program is not addressing key cybersecurity practices for GMM. FEMA has not fully implemented leading practices for cybersecurity practices for GMM. FEMA’s GMM program has not implemented leading practices for business process reengineering and IT requirements management. FEMA’s GMM program has not implemented leading practices for cybersecurity practices for GMM.
TTFT (blend_recompute_headwise, 不含预计算): 32883.26 ms
  选中 2701 个 token-head 对 / 1102 runs, selection=50.14 ms, recompute=32648.13 ms
标准答案:
FEMA, a component of DHS, annually awards billions of dollars in grants to help communities prepare for, mitigate the effects of, and recover from major disasters. However, FEMA's complex IT environment supporting grants management consists of many disparate systems. In 2008, the agency attempted to modernize these systems but experienced significant challenges. In 2015, FEMA initiated a new endeavor (the GMM program) aimed at streamlining and modernizing the grants management IT environment. GAO was asked to review the GMM program. GAO's objectives were to (1) determine the extent to which FEMA is implementing leading practices for reengineering its grants management processes and incorporating needs into IT requirements; (2) assess the reliability of the program's estimated costs and schedule; and (3) determine the extent to which FEMA is addressing key cybersecurity practices. GAO compared program documentation to leading practices for process reengineering and requirements management, cost and schedule estimation, and cybersecurity risk management, as established by the Software Engineering Institute, National Institute of Standards and Technology, and GAO. Of six important leading practices for effective business process reengineering and information technology (IT) requirements management, the Federal Emergency Management Agency (FEMA) fully implemented four and partially implemented two for the Grants Management Modernization (GMM) program (see table). Specifically, FEMA ensured senior leadership commitment, took steps to assess its business environment and performance goals, took recent actions to track progress in delivering IT requirements, and incorporated input from end user stakeholders. However, FEMA has not yet fully established plans for implementing new business processes or established complete traceability of IT requirements. Until FEMA fully implements the remaining two practices, it risks delivering an IT solution that does not fully modernize FEMA's grants management systems. While GMM's initial May 2017 cost estimate of about $251 million was generally consistent with leading practices for a reliable, high-quality estimate, it no longer reflects current assumptions about the program. FEMA officials stated in December 2018 that they had completed a revised cost estimate, but it was undergoing departmental approval. GMM's program schedule was inconsistent with leading practices; of particular concern was that the program's final delivery date of September 2020 was not informed by a realistic assessment of GMM development activities, and rather was determined by imposing an unsubstantiated delivery date. Developing sound cost and schedule estimates is necessary to ensure that FEMA has a clear understanding of program risks. Of five key cybersecurity practices, FEMA fully addressed three and partially addressed two for GMM. Specifically, it categorized GMM's system based on security risk, selected and implemented security controls, and monitored security controls on an ongoing basis. However, the program had not initially established corrective action plans for 13 medium- and low-risk vulnerabilities. This conflicts with the Department of Homeland Security's (DHS) guidance that specifies that corrective action plans must be developed for every weakness identified. Until FEMA, among other things, ensures that the program consistently follows the department's guidance on preparing corrective action plans for all security vulnerabilities, GMM's system will remain at increased risk of exploits. GAO is making eight recommendations to FEMA to implement leading practices related to reengineering processes, managing requirements, scheduling, and implementing cybersecurity. DHS concurred with all recommendations and provided estimated dates for implementing each of them.
ROUGE-L F1 (base vs ground_truth): 0.4084
ROUGE-L F1 (simple_concat_with_reposition vs ground_truth): 0.1739
ROUGE-L F1 (blend_recompute vs ground_truth): 0.2691
ROUGE-L F1 (blend_recompute_headwise vs ground_truth): 0.2715

----------------------------------------------------------------------
样本 47/200
context 前缀: The Clean Water Act (CWA) authorizes the principal federal program to aid munici...
模型输入前 40 词:
<|im_start|>user You are given a report by a government agency. Read the report carefully. Report: The Clean Water Act (CWA) authorizes the principal federal program to aid municipal wastewater treatment plant construction and related eligible activities. Congress established this program ...
基线输出:
The report provides a detailed history of the Clean Water Act (CWA) and its construction grants program, which was authorized in 1972 and later amended in 1987. It describes the program's funding and administration, including the allocation of funds between Title II and Title VI grants, the federal share of project costs, and the role of local and state governments. The report also discusses the program's expansion and contraction over time, including the 1987 amendments, the 1996 SDWA amendments, and the 2018 AWIA amendments. It covers the program's funding levels, the number of projects and grants, and the role of special purpose grants. The report also discusses the program's impact on water infrastructure and the challenges of maintaining funding levels.
TTFT (base): 9685.65 ms
Traceback (most recent call last):
  File "/home/htc/kv_reuse/b_部分_快速.py", line 1769, in <module>
    main()
    ~~~~^^
  File "/home/htc/kv_reuse/b_部分_快速.py", line 1667, in main
    cc_outputs, cc_prompt_len, cc_metrics = simple_concat_pipeline(
                                            ~~~~~~~~~~~~~~~~~~~~~~^
        model,
        ^^^^^^
    ...<4 lines>...
        stop_token_ids=stop_token_ids,
        ^^^^^^^^^^^^^^^^^^^^^^^^^^^^^^
    )
    ^
  File "/home/htc/kv_reuse/b_部分_快速.py", line 1097, in simple_concat_pipeline
    cache, _, _ = precompute(
                  ~~~~~~~~~~^
        model,
        ^^^^^^
    ...<3 lines>...
        max_chunk_tokens=cache_chunk_size,
        ^^^^^^^^^^^^^^^^^^^^^^^^^^^^^^^^^^
    )
    ^
  File "/home/htc/kv_reuse/b_部分_快速.py", line 1040, in precompute
    merged_cache = cache_append(merged_cache, cache)
  File "/home/htc/kv_reuse/b_部分_快速.py", line 817, in cache_append
    return cache_concat([dst_cache, src_cache])
  File "/home/htc/kv_reuse/b_部分_快速.py", line 807, in cache_concat
    dst.layers[layer_idx].values = torch.cat(
                                   ~~~~~~~~~^
        [cache.layers[layer_idx].values for cache in cache_list], dim=-2
        ^^^^^^^^^^^^^^^^^^^^^^^^^^^^^^^^^^^^^^^^^^^^^^^^^^^^^^^^^^^^^^^^
    )
    ^
torch.OutOfMemoryError: CUDA out of memory. Tried to allocate 14.00 MiB. GPU 0 has a total capacity of 79.14 GiB of which 14.25 MiB is free. Including non-PyTorch memory, this process has 79.09 GiB memory in use. Of the allocated memory 73.88 GiB is allocated by PyTorch, and 4.72 GiB is reserved by PyTorch but unallocated. If reserved but unallocated memory is large try setting PYTORCH_CUDA_ALLOC_CONF=expandable_segments:True to avoid fragmentation.  See documentation for Memory Management  (https://pytorch.org/docs/stable/notes/cuda.html#environment-variables)
