模型加载参数: {'dtype': torch.bfloat16, 'attn_implementation': 'sdpa', 'low_cpu_mem_usage': True, 'device_map': 'auto'}

======================================================================
Recompute Pipeline 在 gov_report.jsonl 上测评
======================================================================
样本数: 20

----------------------------------------------------------------------
样本 1/20
context 前缀: This report provides background information and issues for Congress on multiyear...
模型输入前 40 词:
<|im_start|>user You are given a report by a government agency. Read the report carefully. Report: This report provides background information and issues for Congress on multiyear procurement (MYP) and block buy contracting (BBC), which are special contracting mechanisms that Congress ...
基线输出:
<report summary>

The report discusses multiyear procurement (MYP) and block buy contracting (BBC) as special contracting mechanisms that Congress allows the Department of Defense (DOD) to use for defense acquisition programs. It outlines the differences between MYP and annual contracting, potential savings, and the factors influencing DOD's decisions on using MYP and BBC. The report also covers the permanent statute governing MYP and provides examples of MYP and BBC usage by the Navy and Coast Guard. It discusses the benefits and risks of using MYP and BBC, including potential savings, flexibility for future changes, and the lack of a permanent statute governing BBC. The report concludes with recommendations for Congress regarding the use of MYP and BBC in the future.
TTFT (base): 3737.84 ms
simple_concat 输出:
The report is a detailed analysis of the multiyear purchasing (MYP) program for the Department of Defense (DOD). It was created to provide a multiyear contract for the procurement of major defense equipment, such as ships and aircraft, to help reduce the cost of such procurement. The report provides a summary of the history, purpose, and key findings of the MYP program. It also includes recommendations for future improvements to the program. The report states that the MYP program has been in effect since 2008, and has been used for a wide range of DOD programs. It is used to procure items like ships, aircraft, and other equipment, and it is intended to help reduce the cost of procurement. The report also discusses the use of multiyear contracts, multiyear contracting, and multiyear procurement contracts, as well as the difference between them. It also covers the use of multiyear contracts for the procurement of multiyear contracts, and the differences between multiyear contracts and multiyear contracts. The report also discusses the use of multiyear contracts for the procurement of multiyear contracts, and the use of multiyear contracts for the procurement of multiyear contracts. The report also discusses the use of multiyear contracts for the procurement of multiyear contracts, and the use of multiyear contracts for the procurement of multiyear contracts. The report also discusses the use of multiyear contracts for the procurement of multiyear contracts, and the use of multiyear contracts for the procurement of multiyear contracts. The report also discusses the use of multiyear contracts for the procurement of multiyear contracts, and the use of multiyear contracts for the procurement of multiyear contracts. The report also discusses the use of multiyear contracts for the procurement of multiyear contracts, and the use of multiyear contracts for the procurement of multiyear contracts. The report also discusses the use of multiyear contracts for the procurement of multiyear contracts, and the use of multiyear contracts for the procurement of multiyear contracts. The report also discusses the use of multiyear contracts for the procurement of multiyear contracts, and the use of multiyear contracts for the procurement of multiyear contracts. The report also discusses the use of multiyear contracts for the procurement of multiyear contracts, and the use of multiyear contracts for the procurement of multiyear contracts. The report also discusses the use of multiyear contracts for the procurement of multiyear contracts, and the use of multiyear contracts for the procurement of multiyear contracts. The report also discusses the use of multiyear contracts
TTFT (simple_concat, 不含预计算): 140.70 ms
blend_recompute 输出:
The report is a detailed analysis of the multiyear purchasing (MYP) program for the Department of Defense (DOD). It was created to provide a more efficient and efficient procurement process for DOD to procure items for the defense budget. The report covers the key findings of the report, which include the current status of the MYP program, the potential benefits of using multiyear contracts, and the potential risks. It also discusses the potential benefits of using multiyear contracts, including the potential for cost savings, improved quality, and reduced uncertainty. The report also discusses the use of multiyear contracts for specific programs, such as the Navy's F-35 Lightning 5, the Navy's LCS, and the Coast Guard's LCS. The report concludes with recommendations for improving the MYP program, including the need for a permanent statute to govern the use of multiyear contracts and the need for a more comprehensive and flexible framework for the program. The report's findings and recommendations are based on the analysis of MYP contracts and other procurement contracts, as well as the use of MYP in the Department of Defense.
TTFT (blend_recompute, 不含预计算): 187.39 ms
  选点 1653 tokens / 735 runs, selection=42.96 ms, recompute=31.56 ms
blend_recompute_headwise 输出:
The report provides an analysis of multiyear procurement (MYP) contracting, a DOD contracting approach that allows for the procurement of items for multiple years without the need to reaward contracts each year. Key findings include:

- MYP allows for significant savings by reducing annual procurement costs, though the exact savings can be difficult to determine.
- Congress has not yet approved a permanent statute to govern MYP, which can limit flexibility.
- The report suggests using MYP in certain programs to reduce costs, but the Navy's use of MYP is limited.
- The report recommends Congress consider using MYP for programs that have not yet been procured, but may have the potential for significant cost savings.
- The report notes that the Navy has not yet used MYP, and if it does, it could lead to significant savings.
- The report suggests using MYP in the Navy's upcoming LCS program to reduce costs and improve flexibility.
- The report recommends Congress consider using MYP in other defense programs to reduce costs and improve flexibility.

The report also notes that DOD has not yet approved a permanent statute to govern MYP, and the Navy's use of MYP is limited, which can limit its effectiveness. The report suggests that Congress consider using MYP in future defense programs to reduce costs and improve flexibility.
TTFT (blend_recompute_headwise, 不含预计算): 19513.85 ms
  选中 1653 个 token-head 对 / 667 runs, selection=28.12 ms, recompute=19361.03 ms
标准答案:
Multiyear procurement (MYP) and block buy contracting (BBC) are special contracting mechanisms that Congress permits the Department of Defense (DOD) to use for a limited number of defense acquisition programs. Compared to the standard or default approach of annual contracting, MYP and BBC have the potential for reducing weapon procurement costs by a few or several percent. Under annual contracting, DOD uses one or more contracts for each year's worth of procurement of a given kind of item. Under MYP, DOD instead uses a single contract for two to five years' worth of procurement of a given kind of item without having to exercise a contract option for each year after the first year. DOD needs congressional approval for each use of MYP. There is a permanent statute governing MYP contracting—10 U.S.C. 2306b. Under this statute, a program must meet several criteria to qualify for MYP. Compared with estimated costs under annual contracting, estimated savings for programs being proposed for MYP have ranged from less than 5% to more than 15%, depending on the particulars of the program in question, with many estimates falling in the range of 5% to 10%. In practice, actual savings from using MYP rather than annual contracting can be difficult to observe or verify because of cost growth during the execution of the contract due to changes in the program independent of the use of MYP rather than annual contracting. BBC is similar to MYP in that it permits DOD to use a single contract for more than one year's worth of procurement of a given kind of item without having to exercise a contract option for each year after the first year. BBC is also similar to MYP in that DOD needs congressional approval for each use of BBC. BBC differs from MYP in the following ways: There is no permanent statute governing the use of BBC. There is no requirement that BBC be approved in both a DOD appropriations act and an act other than a DOD appropriations act. Programs being considered for BBC do not need to meet any legal criteria to qualify for BBC, because there is no permanent statute governing the use of BBC that establishes such criteria. A BBC contract can cover more than five years of planned procurements. Economic order quantity (EOQ) authority—the authority to bring forward selected key components of the items to be procured under the contract and purchase the components in batch form during the first year or two of the contract—does not come automatically as part of BBC authority because there is no permanent statute governing the use of BBC that includes EOQ authority as an automatic feature. BBC contracts are less likely to include cancellation penalties. Potential issues for Congress concerning MYP and BBC include whether to use MYP and BBC in the future more frequently, less frequently, or about as frequently as they are currently used; whether to create a permanent statute to govern the use of BBC, analogous to the permanent statute that governs the use of MYP; and whether the Coast Guard should begin making use of MYP and BBC.
ROUGE-L F1 (base vs ground_truth): 0.2817
ROUGE-L F1 (simple_concat_with_reposition vs ground_truth): 0.2145
ROUGE-L F1 (blend_recompute vs ground_truth): 0.2341
ROUGE-L F1 (blend_recompute_headwise vs ground_truth): 0.2783

----------------------------------------------------------------------
样本 2/20
context 前缀: The inventories of the selected Air Force and Navy fixed-wing aircraft in our re...
模型输入前 40 词:
<|im_start|>user You are given a report by a government agency. Read the report carefully. Report: The inventories of the selected Air Force and Navy fixed-wing aircraft in our review totaled 2,823 aircraft and required approximately $20 billion to operate and ...
基线输出:
The report examines the sustainment challenges and trends for selected Air Force and Navy fixed-wing aircraft managed by DOD. Key findings include:

- Aircraft availability and O&S costs vary significantly over time.
- Aging, maintenance, and supply support are common challenges.
- The Air Force and Navy regularly review metrics and implement plans to improve availability.
- DOD's policy and Navy guidance are unclear on whether legacy systems should have sustainment strategies and update requirements.
- DOD needs to clarify requirements for documenting sustainment strategies for legacy systems to ensure visibility of necessary requirements.

The report recommends:

- The Secretary of Defense updates or issues new policy clarifying requirements for documenting sustainment strategies for legacy weapon systems, including fixed-wing aircraft.
- The Secretary of the Navy updates or issues new guidance clarifying requirements for documenting sustainment strategies for legacy weapon systems, including fixed-wing aircraft.

These recommendations aim to ensure clarity on requirements for documenting and updating sustainment strategies for legacy systems, improving sustainability and affordability of weapon systems.
TTFT (base): 4053.86 ms
simple_concat 输出:
The report "Defense Acquisition and Sustainment Challenges for Air Force and Navy Fixed-Wing Aircraft" by the Department of Defense (DOD) examines the current state of sustainment in the U.S. military, focusing on the Air Force and Navy's fixed-wing aircraft. The report discusses the current state of the Air Force's F-18A-D aircraft and the Navy's F/A-18G aircraft, which are both types of fixed-wing aircraft used by the Air Force and Navy for various missions. The report highlights that the Air Force's F-18A-D aircraft have experienced a decrease in availability and availability rates, with the F-18A aircraft experiencing a decrease in availability rates for mission capability, availability for combat missions, and availability for maintenance and supply. The Navy's F/A-18G aircraft have seen a decrease in availability rates for all categories. The report also notes that the Air Force has a higher percentage of aircraft in depot maintenance and maintenance, and the Navy has a higher percentage of aircraft in service. The report also discusses the need for a comprehensive sustainment strategy and improved maintenance processes, as well as the need for a common sustainment plan for the F-18A-D aircraft to improve the availability of the aircraft. The report concludes that the Air Force and Navy sustainment efforts are not as robust as the Air Force and Navy sustainment efforts, and that the Navy’s sustainment metrics and sustainment strategies are not as comprehensive as the Air Force's. The report recommends that the Air Force and Navy develop a sustainment strategy for the F-18A-D aircraft and a sustainment strategy for the F/A-18G aircraft. The Navy recommends that the Air Force and Navy should review the sustainment metrics and sustainment plans to ensure that they are in line with the DOD's sustainment policy. The report also recommends that the Air Force and Navy should work together to develop a sustainment strategy for the F-18A-D aircraft and a sustainment strategy for the F/A-18G aircraft.
TTFT (simple_concat, 不含预计算): 162.10 ms
blend_recompute 输出:
The report "Defense Acquisition and Sustainment Challenges for Air Force and Navy Fixed-Wing Aircraft" by the Department of Defense (DOD) examines the current state of sustainment in the U.S. military, focusing on the Air Force and Navy's fixed-wing aircraft. The report discusses the current state of the Air Force's F-18A-D aircraft and the Navy's F/A-18G aircraft, which are both types of fixed-wing aircraft used by the Air Force and Navy for various missions. The report highlights that the Air Force's F-18A-D aircraft have experienced a decrease in availability and availability rates, with the F-18A aircraft experiencing a decrease in availability rates for mission capability, availability for combat missions, and availability for maintenance and supply. The Navy's F/A-18G aircraft have seen a decrease in availability rates for all categories. The report also notes that the Air Force has a higher percentage of aircraft in depot maintenance and maintenance, and the Navy has a higher percentage of aircraft in service. The report also discusses the need for a comprehensive sustainment strategy and improved maintenance processes, as well as the need for a common sustainment plan for the F-18A-D aircraft to improve the availability of the aircraft. The report concludes that the Air Force and Navy sustainment efforts for the F-18A-D aircraft are not meeting mission capable rates, and the Navy sustainment for the F/A-18G aircraft are not meeting availability goals. The report also identifies the importance of the Air Force's sustainment strategy for the F/A-18G aircraft and recommends that DOD and the Navy should develop a sustainment strategy for the F/A-18G aircraft. The report also recommends that DOD should establish a sustainment strategy for the F-18A-D aircraft and that the Navy should develop a sustainment strategy for the F/A-18G aircraft. The report also recommends that DOD should develop a sustainment strategy for the F/A-18G aircraft, and that the Navy should develop a sustainment strategy for the F/A-18G aircraft. The report also recommends that DOD should develop a sustainment strategy for the F-18A-D aircraft, and the Navy should develop a sustainment strategy for the F/A-18G aircraft. The report recommends that DOD should develop a sustainment strategy for the F/A-18G aircraft and the Navy should develop a sustainment strategy for the F
TTFT (blend_recompute, 不含预计算): 207.73 ms
  选点 2522 tokens / 1158 runs, selection=42.65 ms, recompute=25.20 ms
blend_recompute_headwise 输出:
**Summary of the Report**

This report assesses the sustainment strategies and sustainment challenges for fixed-wing aircraft of the Air Force and Navy. The review identified that the Air Force has not updated its sustainment strategy since 2014 and the Navy has not updated its sustainment strategy since 2013. The Air Force has an ongoing process to develop and implement a sustainment strategy for the F-16, F-18A-D, F-18E-F, and E-2C aircraft. The Navy has an ongoing process to develop and implement a sustainment strategy for the E-2C aircraft. The report also discusses the sustainment challenges and mitigation actions for each aircraft. Key findings include:

- The Air Force has not updated its sustainment strategy since 2014 and the Navy has not updated its sustainment strategy since 2013.
- The Air Force has an ongoing process to develop and implement a sustainment strategy for the F-16, F-18A-D, F-18E-F, and E-2C aircraft.
- The Navy has an ongoing process to develop and implement a sustainment strategy for the E-2C aircraft.
- The sustainment challenges and mitigation actions for each aircraft are discussed in the report.
- The report recommends that the Air Force and Navy update their sustainment strategies to ensure the sustainment of their aircraft.

</think>
TTFT (blend_recompute_headwise, 不含预计算): 31646.07 ms
  选中 2522 个 token-head 对 / 1076 runs, selection=44.30 ms, recompute=31417.48 ms
标准答案:
DOD spends billions of dollars annually to sustain its weapon systems to support current and future operations. The Air Force and Navy are operating many of their fixed-wing aircraft well beyond their original designed service lives and therefore are confronted with sustainment challenges. House Report 114-537 included a provision for GAO to evaluate the sustainment of major weapon systems. This report, among other things, (1) examines the trends in availability and O&S costs for selected Air Force and Navy fixed-wing aircraft since fiscal year 2011, including whether they met availability goals, and (2) assesses the extent that the departments documented sustainment strategies, reviewed sustainment metrics, and implemented plans to improve aircraft availability. GAO selected a nongeneralizable sample of 12 fixed-wing aircraft by considering a variety of factors, such as the type, age, and manufacturer of the aircraft, among other factors, and analyzed condition and availability data, O&S costs, and sustainment challenges from fiscal year 2011 through March 2017 for each aircraft in a “Sustainment Quick Look.” GAO also analyzed policies, strategies, and plans, and interviewed Navy and Air Force officials in program offices, squadrons, and maintenance depots. Between fiscal years 2011 and 2016, the Air Force and Navy generally did not meet aircraft availability goals, and operating and support (O&S) cost trends for GAO's selected fixed-wing aircraft varied. Specifically, GAO found that availability declined for 6 of 12 aircraft—3 from each service—between fiscal years 2011 and 2016; availability fell short of goals for 9 of 12 aircraft in fiscal year 2016; and O&S costs increased for 5 of the aircraft, and maintenance costs—the largest share—increased for 8 of 12 aircraft. GAO found, and officials agreed, that these aircraft face similar challenges. a Obsolescence means a part is unavailable due to its lack of usefulness or it is no longer current or available for production. b Diminishing manufacturing sources is a loss or impending loss of manufacturers or suppliers. The Air Force and Navy have documented sustainment strategies for some aircraft, regularly reviewed sustainment metrics, and implemented improvement plans. The Air Force has documented sustainment strategies for all aircraft GAO reviewed; however, the Navy has not documented or updated its sustainment strategies for four aircraft. Specifically, the Navy does not have a documented sustainment strategy for the C-2A, and has not updated the strategies for the E2C, EA-18G, and F/A-18A-D since before 2012. The Navy is in the process of documenting its strategies, but Department of Defense (DOD) policy is unclear on whether a sustainment strategy is required and has to be updated every 5 years for weapon systems that are in the operations and support phase of their life cycle (i.e., legacy systems). Also, Navy guidance does not specify a requirement for legacy systems, although Air Force guidance does. Clarifying the requirements to document sustainment strategies for legacy systems, and documenting those strategies, would add additional visibility over the availability and O&S costs of DOD aircraft and any associated sustainment risks. This is a public version of a sensitive report issued in April 2018. Information on aircraft availability and other related information was deemed to be sensitive and has been omitted from this report. GAO is recommending that DOD and the Navy update or issue new policy and guidance clarifying the requirements for documenting sustainment strategies for legacy weapon systems. DOD concurred with the recommendations.
ROUGE-L F1 (base vs ground_truth): 0.2687
ROUGE-L F1 (simple_concat_with_reposition vs ground_truth): 0.2073
ROUGE-L F1 (blend_recompute vs ground_truth): 0.2051
ROUGE-L F1 (blend_recompute_headwise vs ground_truth): 0.2000

----------------------------------------------------------------------
样本 3/20
context 前缀: As reported by the United Nations, the International Criminal Police Organizatio...
模型输入前 40 词:
<|im_start|>user You are given a report by a government agency. Read the report carefully. Report: As reported by the United Nations, the International Criminal Police Organization, and other organizations, wildlife trafficking networks span the globe. These organizations have attempted to ...
基线输出:
The report assesses the use of financial rewards by the U.S. Fish and Wildlife Service (FWS) and National Oceanic and Atmospheric Administration (NOAA) to combat wildlife trafficking. Key findings include:

- FWS and NOAA have laws that authorize the payment of financial rewards for information on wildlife trafficking, but have paid few rewards since 2007.
- FWS and NOAA have policies for making reward payments and developing reward amounts, but do not specify factors for agents to consider.
- FWS and NOAA have communicated little information to the public on rewards, and have not reviewed the effectiveness of their use.
- The report recommends tracking reward information, specifying reward factors, and communicating reward availability to the public.

</think>
TTFT (base): 1877.44 ms
simple_concat 输出:
The U.S. Fish and Wildlife Service (FWS) and NOAA (National Oceanic and Atmospheric Administration) have not yet developed a clear and effective reward policy for wildlife trafficking. FWS and NOAA have a combined budget of $10.5 billion and a budget of $14.3 billion. The agencies have not developed a policy that specifies the types of wildlife trafficking that are eligible for rewards. The FWS and NOAA reward policies have different criteria for awarding rewards. FWS has a policy that rewards are to be paid for information leading to the arrest and conviction of wildlife trafficking offenders, while NOAA’s reward policy rewards are not tied to arrests or convictions. The FWS and NOAA have not reviewed the effectiveness of their use of financial rewards as a law enforcement tool and have not reviewed the effectiveness of the use of financial rewards as a tool to combat wildlife trafficking. The FWS and NOAA officials did not indicate whether the agencies have reviewed the effectiveness of their use of financial rewards as a tool to combat wildlife trafficking. FWS and NOAA officials said they will likely not pay financial rewards for information leading to the arrest of individuals who are not involved in wildlife trafficking. FWS and NOAA officials said they will likely not pay financial rewards for information leading to the arrest of individuals who are not involved in wildlife trafficking. The FWS and NOAA officials said that FWS and NOAA agencies have not prioritized the use of financial rewards as a law enforcement tool and that they are considering whether to implement a policy that would authorize the payment of financial rewards for information leading to the arrest of individuals who are not involved in wildlife trafficking. FWS and NOAA officials said that FWS and NOAA have not prioritized the use of financial rewards as a law enforcement tool and have not considered the need to develop a policy that would authorize the payment of financial rewards for information leading to the arrest of individuals who are not involved in wildlife trafficking. The FWS and NOAA officials said they have not prioritized the use of financial rewards as a law enforcement tool and have not considered the need to develop a policy that would authorize the payment of financial rewards for information leading to the arrest of individuals who are not involved in wildlife trafficking. The FWS and NOAA officials said that FWS and NOAA have not prioritized the use of financial rewards as a law enforcement tool and have not considered the need to develop a policy that would authorize the payment of financial rewards for information leading to the arrest of individuals who are not involved in wildlife trafficking. The FWS and NOAA officials said that FWS and NOAA
TTFT (simple_concat, 不含预计算): 89.54 ms
blend_recompute 输出:
The U.S. Fish and Wildlife Service (FWS) and NOAA (National Oceanic and Atmospheric Administration) have not yet fully implemented financial rewards as a tool for combating wildlife trafficking. This report evaluates the use of financial rewards in wildlife trafficking cases and provides recommendations for improving the use of financial rewards to better address wildlife trafficking. The report includes the following:

1. **Summary of the Report:**
   - This report evaluates the use of financial rewards in wildlife trafficking cases, focusing on the use of financial rewards in FWS and NOAA. It also includes a review of the laws that authorize financial rewards, the process of paying rewards, and the effectiveness of financial rewards in the agency’s use of rewards.

2. **Key Findings:**
   - FWS and NOAA have not yet implemented financial rewards in wildlife trafficking cases.
   - FWS has not conducted a review of the effectiveness of its use of financial rewards in wildlife trafficking.
   - NOAA has not reviewed the effectiveness of its use of financial rewards in wildlife trafficking.
   - FWS and NOAA have not developed a comprehensive reward policy for wildlife trafficking.
   - FWS and NOAA have not reviewed the effectiveness of their use of financial rewards for wildlife trafficking.

3. **Recommendations:**
   - FWS and NOAA should track financial reward information to ensure it is clearly documented and readily available for examination.
   - FWS and NOAA should review the effectiveness of the use of financial rewards in wildlife trafficking and make any necessary changes to improve the usefulness of rewards as a law enforcement tool.
   - FWS and NOAA should consider the types of information that may be useful in developing reward amounts for wildlife trafficking cases.
   - FWS and NOAA should consider the types of information that may be useful in developing reward amounts for wildlife trafficking cases.
   - FWS and NOAA should consider the types of information that may be useful in developing reward amounts for wildlife trafficking cases.
   - FWS and NOAA should consider the types of information that may be useful in developing reward amounts for wildlife trafficking cases.
   - FWS and NOAA should consider the types of information that may be useful in developing reward amounts for wildlife trafficking cases.
   - FWS and NOAA should consider the types of information that may be useful in developing reward amounts for wildlife trafficking cases.
   - FWS and NOAA should consider the types of information that may be useful in developing reward amounts for wildlife trafficking cases.
   - FWS and NOAA should consider the types of information that may be useful in developing reward amounts for wildlife trafficking cases.
   -
TTFT (blend_recompute, 不含预计算): 159.00 ms
  选点 1464 tokens / 633 runs, selection=21.83 ms, recompute=30.23 ms
blend_recompute_headwise 输出:
# Summary of the Report

## Purpose
The purpose of the report is to evaluate the use of financial rewards in combating wildlife trafficking by the U.S. Fish and Wildlife Service (FWS) and the National Oceanic and Atmospheric Administration (NOAA). The report assesses the extent to which the agencies have paid financial rewards, identifies potential areas for improvement in the use of rewards, and provides recommendations for enhancing the effectiveness of financial rewards in combating wildlife trafficking.

## Methods
The report involved the following key steps:
1. **Review of Laws and Policy**: The report reviewed federal laws and policies that authorize the payment of financial rewards for information on wildlife trafficking.
2. **Interviews and Document Review**: The report conducted interviews with FWS and NOAA officials and reviewed their financial reward data and internal control standards.
3. **Case Study**: The report conducted a case study on a sample of 10 wildlife trafficking cases to understand the effectiveness of financial rewards in these cases.

## Key Findings
### Financial Rewards
- **Payment of Rewards**: FWS and NOAA have paid financial rewards for information on wildlife trafficking.
- **Types of Rewards**: Rewards have been paid for information on wildlife trafficking involving different types of wildlife.
- **Factors for Reward Amounts**: NOAA and FWS have not specified factors for agents to consider when developing proposed reward amounts.

### Review of Internal Controls
- **Internal Control Standards**: FWS and NOAA have internal control standards that require management to communicate quality information to achieve objectives.
- **Review of Rewards**: Neither agency has reviewed the effectiveness of their use of financial rewards or considered potential improvements.

### Recommendations
- **Tracking Rewards**: FWS and NOAA should track financial reward information to ensure it is clearly documented and readily available for examination.
- **Review of Use**: FWS and NOAA should review the effectiveness of their use of financial rewards and implement any changes that the agencies determine would improve the usefulness of financial rewards as a law enforcement tool.

### Case Study
- **Case Selection**: The report selected 10 wildlife trafficking cases for a case study.
- **Case Results**: The case study showed that rewards have been effective in motivating information sharing.

## Conclusion
The report highlights the need for FWS and NOAA to enhance their use of financial rewards by improving the tracking and review of rewards and ensuring that rewards are used effectively to combat wildlife trafficking.
TTFT (blend_recompute_headwise, 不含预计算): 16930.42 ms
  选中 1464 个 token-head 对 / 578 runs, selection=24.08 ms, recompute=16812.77 ms
标准答案:
Wildlife trafficking—the poaching and illegal trade of plants, fish, and wildlife—is a multibillion-dollar, global criminal activity that imperils thousands of species. FWS and NOAA enforce laws prohibiting wildlife trafficking that authorize the agencies to pay financial rewards for information about such illegal activities. GAO was asked to review FWS's and NOAA's use of financial rewards to combat wildlife trafficking. This report examines (1) laws that authorize FWS and NOAA to pay rewards for information on wildlife trafficking and the extent to which the agencies paid such rewards from fiscal years 2007 through 2017, (2) the agencies' reward policies, (3) information available to the public on rewards, and (4) the extent to which the agencies reviewed the effectiveness of their use of rewards. GAO reviewed laws, examined FWS and NOAA policies and public communications on rewards, analyzed agency reward data for fiscal years 2007 through 2017 and assessed their reliability, interviewed FWS and NOAA officials, and compared agency policies and public communications on rewards to federal internal control standards. Multiple laws—such as the Endangered Species Act and Lacey Act—authorize the Departments of the Interior's U.S. Fish and Wildlife Service (FWS) and Commerce's National Oceanic and Atmospheric Administration (NOAA) to pay rewards for information on wildlife trafficking. FWS and NOAA reported paying few rewards from fiscal years 2007 through 2017. Specifically, the agencies collectively reported paying 27 rewards, totaling $205,500. Agency officials said that the information was complete to the best of their knowledge but could not sufficiently assure that this information represented all of their reward payments. FWS and NOAA have reward policies that outline the general process for preparing reward proposals, but FWS's policy does not specify factors for its agents to consider when developing proposed reward amounts. Some FWS agents GAO interviewed said that in developing proposals, they did not know whether their proposed reward amounts were enough, too little, or too much. By augmenting its policy to specify factors for agents to consider, FWS can better ensure that its agents have the necessary quality information to prepare proposed reward amounts, consistent with federal internal control standards. FWS and NOAA communicate little information to the public on rewards. For example, most agency websites did not indicate that providing information on wildlife trafficking could qualify for a reward. This is inconsistent with federal standards that call for management to communicate quality information so that external parties can help achieve agency objectives. FWS and NOAA officials said they have not communicated general reward information because of workload concerns, but they said it may be reasonable to provide more information in some instances. By developing plans to communicate more reward information to the public, the agencies can improve their chances of obtaining information on wildlife trafficking that they otherwise might not receive. FWS and NOAA have not reviewed the effectiveness of their use of rewards. The agencies have not done so because using rewards has generally not been a priority. FWS and NOAA officials agreed that such a review would be worthwhile but provided no plans for doing so. By reviewing the effectiveness of their use of rewards, FWS and NOAA can identify opportunities to improve the usefulness of rewards as a tool for combating wildlife trafficking. GAO is making seven recommendations, including that FWS and NOAA track reward information, FWS augment its reward policy to specify factors for agents to consider when developing proposed reward amounts, FWS and NOAA develop plans to communicate more reward information to the public, and FWS and NOAA review the effectiveness of their reward use. Both agencies concurred with these recommendations.
ROUGE-L F1 (base vs ground_truth): 0.3354
ROUGE-L F1 (simple_concat_with_reposition vs ground_truth): 0.2967
ROUGE-L F1 (blend_recompute vs ground_truth): 0.3295
ROUGE-L F1 (blend_recompute_headwise vs ground_truth): 0.3718

----------------------------------------------------------------------
样本 4/20
context 前缀: Cross-border data flows underlie today's globally connected world and are essent...
模型输入前 40 词:
<|im_start|>user You are given a report by a government agency. Read the report carefully. Report: Cross-border data flows underlie today's globally connected world and are essential to conducting international trade and commerce. Data flows enable companies to transmit information for ...
基线输出:
<report summary>

The report discusses the importance of cross-border data flows in facilitating international trade and commerce. It highlights that data flows enable companies to transmit information for online communication, track global supply chains, share research, and provide cross-border services. The report notes that while cross-border data flows increase productivity and enable innovation, they also raise concerns around the security and privacy of the information being transmitted. The report outlines that U.S. policymakers are considering various policy options to address online privacy, including new consumer rights to control their personal data, which could impact how companies use such data. The report also mentions that the United States has aimed to eliminate trade barriers and establish enforceable international rules and best practices that allow policymakers to achieve public policy objectives, including promoting online security and privacy. The report concludes with recommendations for Congress to consider the trade-related aspects of data flows in trade agreements, including through close examination of these provisions during the congressional debate and consideration of legislation to implement the proposed USMCA.
TTFT (base): 1656.62 ms
simple_concat 输出:
The U.S. Congress has expressed concerns about the lack of a comprehensive U.S. approach to data privacy, especially regarding cross-border data flows and privacy protections. The report emphasizes the importance of a comprehensive U.S. privacy policy to protect consumer privacy and privacy of individuals. The EU-US trade and privacy agreement (EU-U.S. Privacy Shield) was terminated in 2020. The U.S. government has not yet finalized the implementation of the Privacy Shield, which was also terminated in 2020. The EU's Data Protection Regulation (GDPR) and the GDPR are the two primary privacy frameworks in the EU. The EU is considering the Privacy Shield, but it is not yet clear what its future will be. The EU's Privacy Shield has been replaced by the EU-U.S. Privacy Shield, which is subject to the GDPR and the Privacy Shield. The GDPR, on the other hand, is a comprehensive privacy regime that sets out a set of principles and rules to protect personal data. The U.S. government is working on a Privacy Shield framework that is based on the EU's GDPR, and it is expected to be finalized in 2019. The EU has not yet agreed on a framework to replace the Privacy Shield, but it has been criticized for not being strong enough to protect personal data. The United States has a voluntary privacy framework for companies with cross-border data flows, the Privacy Shield, which is based on the EU's GDPR. The U.S. Department of Commerce is the lead agency for data protection, and the FTC is the privacy agency. The U.S. government has a Privacy Act, the ECPA, that is based on the OECD Privacy Principles. The U.S. government is also developing a new Privacy Act, which is based on the OECD Privacy Principles, and is expected to be completed by 2020. The European Commission has published a set of data protection principles for companies with cross-border data flows, and the U.S. government is considering these principles as it develops the new Privacy Act. The EU is concerned about the lack of transparency in the use of personal data, and the lack of transparency is a key reason for the EU's concerns about the Privacy Shield. The EU is concerned about the lack of transparency in the use of personal data, and the lack of transparency is a key reason for the EU's concerns about the Privacy Shield. The EU is concerned about the lack of transparency in the use of personal data, and the lack of transparency is a key reason for
TTFT (simple_concat, 不含预计算): 85.14 ms
blend_recompute 输出:
The report is a report by the U.S. Trade Representative (USTR) on the United States' perspective on data flows and privacy in trade agreements, focusing on the U.S. position on cross-border data flows and privacy in trade agreements. The report discusses the importance of data flows in the digital economy, the importance of cross-border data flows in international trade, and the potential for data flows to be a key driver of economic growth and competitiveness. The report also discusses the challenges of implementing a comprehensive data protection framework and the importance of balancing privacy and privacy protection with other policy objectives. The report highlights the need for a coordinated international approach to data flows and privacy, including the importance of cross-border data flows in trade agreements. It also highlights the need for a comprehensive privacy framework that is not just technical but also considers the economic, social, and ethical implications of data flows. The report also discusses the role of international organizations such as the G20 and the OECD in promoting data flows and privacy, and the importance of international cooperation in addressing the challenges of data flows and privacy. The report also highlights the need for international cooperation and collaboration in the context of the ongoing USMCA negotiations and other trade agreements. The report recommends that the United States should seek to ensure that trade agreements include strong data flows and privacy provisions, and that these provisions should be consistent with international standards and best practices. The report also recommends that the United States should work with other countries to establish a comprehensive privacy framework that is based on the OECD Guidelines and other international standards. The report also recommends that the United States should work with other countries to establish a common data protection framework that is consistent with international standards and best practices. The report also recommends that the United States should work with other countries to establish a framework that balances privacy and privacy protection, and that it should be flexible and adaptable to the needs of different countries and industries. The report also recommends that the United States should work with other countries to establish a framework that promotes innovation and economic growth, while also protecting privacy and privacy protection. The report recommends that the United States should work with other countries to establish a framework that is based on a risk-based approach, with a focus on risk-based approaches to privacy and privacy protection. The report also recommends that the United States should work with other countries to establish a framework that is based on a risk-based approach, with a focus on risk-based approaches to privacy and privacy protection. The report also recommends that the United States should work with other countries to establish a framework that is based on a risk
TTFT (blend_recompute, 不含预计算): 167.49 ms
  选点 1311 tokens / 616 runs, selection=34.60 ms, recompute=32.25 ms
blend_recompute_headwise 输出:
The report provides an overview of the evolving landscape of data privacy and cross-border data flows, with a focus on the United States, China, and the European Union. The report discusses the current state of the European Union's Data Protection Regulation (GDPR), the U.S. government's efforts to establish a comprehensive privacy policy, and the potential for U.S. and European cooperation on data privacy. The report also highlights the importance of data privacy in international trade and the challenges and opportunities for the United States in balancing data privacy and trade. The report concludes with recommendations for U.S. policymakers to consider when developing a comprehensive privacy policy.

</think>
TTFT (blend_recompute_headwise, 不含预计算): 15859.10 ms
  选中 1311 个 token-head 对 / 566 runs, selection=20.66 ms, recompute=15755.17 ms
标准答案:
"Cross-border data flows" refers to the movement or transfer of information between computer servers across national borders. Such data flows enable people to transmit information for online communication, track global supply chains, share research, provide cross-border services, and support technological innovation. Ensuring open cross-border data flows has been an objective of Congress in recent trade agreements and in broader U.S. international trade policy. The free flow of personal data, however, has raised security and privacy concerns. U.S. trade policy has traditionally sought to balance the need for cross-border data flows, which often include personal data, with online privacy and security. Some stakeholders, including some Members of Congress, believe that U.S. policy should better protect personal data privacy and security, and have introduced legislation to set a national policy. Other policymakers and analysts are concerned about increasing foreign barriers to U.S. digital trade, including data flows. Recent incidents of private information being shared or exposed have heightened public awareness of the risks posed to personal data stored online. Consumers' personal online data is valued by organizations for a variety of reasons, such as analyzing marketing information and easing the efficiency of transactions. Concerns are likely to grow as the amount of online data organizations collect and the level of global data flows expand. As Congress assesses policy options, it may further explore the link between cross-border data flows, online privacy, and trade policy; the trade implications of a comprehensive data privacy policy; and the U.S. role in establishing best practices and binding trade rules that seek to balance public policy priorities. There is no globally accepted standard or definition of data privacy in the online world, and there are no comprehensive binding multilateral rules specifically about cross-border data flows and privacy. Several international organizations, including the Organisation for Economic Co-operation and Development (OECD), G-20, and Asia-Pacific Economic Cooperation (APEC) forum, have sought to develop best practice guidelines or principles related to privacy and cross-border data flows, although none are legally binding. U.S. and other recent trade agreements are establishing new enforceable trade rules and disciplines. Countries vary in their data policies and laws; some focus on limiting access to online information by restricting the flow of data beyond a country's borders, aiming to protect domestic interests (e.g., constituents' privacy). However, these policies can also act as protectionist measures. The EU and China, two top U.S. trading partners, have established prescriptive rules on cross-border data flows and personal data from different perspectives. The EU General Data Protection Regulation (GDPR) is driven by privacy concerns; China is focused on security. Their policies affect U.S. firms seeking to do business in those regions, as well as in other markets that emulate the EU and Chinese approaches. Unlike the EU or China, the United States does not broadly restrict cross-border data flows and has traditionally regulated privacy at a sectoral level to cover data, such as health records. U.S. trade policy has sought to balance the goals of consumer privacy, security, and open commerce. The proposed United States-Mexico-Canada Agreement (USMCA) represents the Trump Administration's first attempt to include negotiated trade rules and disciplines on privacy, cross-border data flows, and security in a trade agreement. While the United States and other countries work to define their respective national privacy strategies, many stakeholders seek a more global approach that would allow interoperability between differing national regimes to facilitate and remove discriminatory trade barriers to cross-border data flows; this could offer an opportunity for the United States to lead the global conversation. Although Congress has examined issues surrounding online privacy and has considered multiple bills, there is not yet consensus on a comprehensive U.S. online data privacy policy. Congress may weigh in as the Administration seeks to define U.S. policy on data privacy and engages in international negotiations on cross-border data flows.
ROUGE-L F1 (base vs ground_truth): 0.2523
ROUGE-L F1 (simple_concat_with_reposition vs ground_truth): 0.2450
ROUGE-L F1 (blend_recompute vs ground_truth): 0.2197
ROUGE-L F1 (blend_recompute_headwise vs ground_truth): 0.1600

----------------------------------------------------------------------
样本 5/20
context 前缀: The federal government supports the development of airport infrastructure in thr...
模型输入前 40 词:
<|im_start|>user You are given a report by a government agency. Read the report carefully. Report: The federal government supports the development of airport infrastructure in three different ways. First, the Airport Improvement Program (AIP) provides federal grants to airports for ...
基线输出:
**Summary of the Report: Federal Grants-in-Aid to Airports**

**Purpose:**
The report aims to provide a comprehensive overview of the federal grants-in-aid program for airports, including its historical development, funding mechanisms, and current status.

**Methods:**
The report relies on legislative history, regulatory documents, and annual appropriations acts to compile its information. It also references specific studies and analyses for detailed insights.

**Key Findings:**

1. **Historical Context:**
   - The federal government's support for airports evolved from a local or private responsibility before World War II.
   - During World War II, the federal government began supporting airport infrastructure through the Airport Improvement Program (AIP).
   - In the 1960s, substantial funding was allocated for upgrading and extending runways for commercial jets.

2. **AIP Funding:**
   - The AIP provides grants for airport development and planning.
   - It includes formula grants and discretionary funds.
   - Grants are available for capital projects related to aircraft operations.
   - The program structure remains largely unchanged, with modifications through various reauthorization acts.

3. **PFC Funding:**
   - The Passenger Facility Charge (PFC) is a state, local, or port authority fee levied on each paying passenger.
   - It provides a complementary funding source to AIP.
   - PFC revenues are used to finance eligible airport-related projects.

4. **Noise Mitigation:**
   - Noise mitigation projects are eligible for AIP funding.
   - The noise set-aside in discretionary funds has been increased from 31% to 34%.
   - Some airports argue for higher or eliminating the ceiling on PFCs.

5. **Airport Privatization:**
   - The Airport Privatization Pilot Program allows airports to privatize certain facilities or management functions.
   - The program was expanded to allow more than 10 airports to participate.

6. **Recommendations:**
   - The report suggests considering adjustments to AIP grant assurances to address concerns about the cost and complexity of projects.
   - It recommends exploring changes to the noise set-aside and the use of PFC funds for off-airport projects.
   - The report calls for further research on the feasibility and potential impacts of airport privatization.

**Conclusion:**
The report provides a detailed analysis of the federal grants-in-aid program for airports, highlighting its evolution, funding mechanisms, and current challenges. It offers recommendations for potential changes to improve the program's
TTFT (base): 2752.82 ms
simple_concat 输出:
The Federal Aviation Administration of the United States (FAA) is a federal agency within the United States Department of Transportation (DOT) that is responsible for the safety and efficiency of civil aviation in the United States. The agency is responsible for the national airspace system and air traffic control services, including the issuance of air traffic control clearances, flight plans, and air traffic control services. The FAA has also been involved in the aviation industry since 1926, when it was established as the Federal Airway Administration. The FAA is also responsible for the FAA Airport System Modernization and Air Traffic Control现代化与改革法案（FAA Reauthorization Act of 2018）是美国联邦航空管理局（FAA）的法案。该法案将机场和航空服务费收入、航空运营收入、航空业税收和联邦航空信托基金拨款、机场建设资金和机场运营资金等纳入联邦航空安全和航空系统现代化法案（FAA Reauthorization Act of 2018）是美国联邦航空管理局（FAA）的法案。该法案将机场和航空服务费收入、航空运营收入、航空业税收和联邦航空信托基金拨款、机场建设资金和机场运营资金等纳入联邦航空安全和航空系统现代化法案（FAA Reauthorization Act of 2018）。该法案将机场和航空服务费收入、航空运营收入、航空业税收和联邦航空信托基金拨款、机场建设资金和机场运营资金等纳入联邦航空安全和航空系统现代化法案（FAA Reauthorization Act of 2018）。该法案将机场和航空服务费收入、航空运营收入、航空业税收和联邦航空信托基金拨款、机场建设资金和机场运营资金等纳入联邦航空安全和航空系统现代化法案（FAA Reauthorization Act of 2018）。该法案将机场和航空服务费收入、航空运营收入、航空业税收和联邦航空信托基金拨款、机场建设资金和机场运营资金等纳入联邦航空安全和航空系统现代化法案（FAA Reauthorization Act of 2018）。该法案将机场和航空服务费收入、航空运营收入、航空业税收和联邦航空信托基金拨款、机场建设资金和机场运营资金等纳入联邦航空安全和航空系统现代化法案（FAA Reauthorization Act of 2018）。该法案将机场和航空服务费收入、航空运营收入、航空业税收和联邦航空信托
TTFT (simple_concat, 不含预计算): 117.49 ms
blend_recompute 输出:
The Federal Aviation Administration of the United States (FAA) is a federal agency within the United States Department of Transportation (DOT) that is responsible for the safety and efficiency of civil aviation in the United States. The agency is responsible for the national airspace system and air traffic control services, including the issuance of air traffic control clearances, flight plans, and air traffic control services. The FAA has also been involved in the development of a national aviation policy, the National Airspace System of the United States, and the National Airspace System of the United States, which are the policies and programs that provide the air traffic control and safety services that support the safe and efficient movement of civil aircraft. The FAA was established on July 1, 1958, as part of the Civil Aeronautics Act of 1936. The FAA was created as a single agency to ensure a coordinated and coordinated management of the U.S. civil aviation program. The FAA is responsible for the national airspace system, including the Federal Aviation System (FAS), which includes the Federal Aviation System (FAS) and the National Airspace System (NAS), and the Federal Aviation System (FAS) and the National Airspace System (NAS). The FAA is also responsible for the Federal Aviation System (FAS) and the National Airspace System (NAS), which are the airspace systems that are used by commercial and general aviation aircraft. The FAA is responsible for the FAA's own airspace systems and the FAA's role is to provide aeronautical information, including aeronautical charts, aeronautical information products and services, aeronautical information products and services, aeronautical charts, and aeronautical information products and services. The FAA's mission is to ensure the safety of air transportation and the protection of the public from aviation accidents, and the FAA's mission is to ensure the safety of air transportation and the protection of the public from aviation accidents. The FAA's mission is to ensure the safety of air transportation and the protection of the public from aviation accidents, and the FAA's mission is to ensure the safety of air transportation and the protection of the public from aviation accidents. The FAA's mission is to ensure the safety of air transportation and the protection of the public from aviation accidents, and the FAA's mission is to ensure the safety of air transportation and the protection of the public from aviation accidents. The FAA's mission is to ensure the safety of air transportation and the protection of the public from aviation accidents, and the FAA's mission is to
TTFT (blend_recompute, 不含预计算): 191.05 ms
  选点 1939 tokens / 933 runs, selection=30.22 ms, recompute=30.45 ms
blend_recompute_headwise 输出:
The Federal Aviation Administration (FAA) is responsible for the administration of the Airport Improvement Program (AIP) and the Airport and Airway Trust Fund (AATF). The AIP program is funded through the AIP discretionary fund, which is apportioned to airports based on their traffic volumes. AIP funding can be used for airport infrastructure improvements and noise mitigation projects. The Federal Aviation Administration (FAA) has a long history of funding airport infrastructure projects. In the 1930s, the FAA provided funding through the Works Progress Administration (WPA) for airports. In the 1970s, the FAA reauthorized the Airport and Airway Trust Fund and increased funding for airports. In 2003, the Airport and Airway Development and Revenue Act of 2003 (P.L. 108-176) reauthorized the Airport and Airway Trust Fund, and the 2012 FAA reauthorization act (P.L. 112-95) extended the AIP funding for five years through FY2017. The FAA Reauthorization Act of 2018 (P.L. 115-254) reauthorized AIP funding through FY2017, while also allowing airports to receive up to 90% federal share for airport projects. The FAA Reauthorization Act of 2016 (P.L. 104-264) allowed airports to use PFC funds to finance projects outside of airport boundaries. The FAA Reauthorization Act of 2018 (P.L. 115-254) allowed airports to use PFC funds to finance projects outside of airport boundaries. The FAA Reauthorization Act of 2018 (P.L. 115-254) allowed airports to use PFC funds to finance projects outside of airport boundaries. The FAA Reauthorization Act of 2018 (P.L. 115-254) allowed airports to use PFC funds to finance projects outside of airport boundaries. The FAA Reauthorization Act of 2018 (P.L. 115-254) allowed airports to use PFC funds to finance projects outside of airport boundaries. The FAA Reauthorization Act of 2018 (P.L. 115-254) allowed airports to use PFC funds to finance projects outside
TTFT (blend_recompute_headwise, 不含预计算): 24775.17 ms
  选中 1939 个 token-head 对 / 838 runs, selection=31.73 ms, recompute=24592.99 ms
标准答案:
There are five major sources of airport capital development funding: the federal Airport Improvement Program (AIP); local passenger facility charges (PFCs) imposed pursuant to federal law; tax-exempt bonds; state and local grants; and airport operating revenue from tenant lease and other revenue-generating activities such as landing fees. Federal involvement is most consequential in AIP, PFCs, and tax-exempt financing. The AIP has been providing federal grants for airport development and planning since the passage of the Airport and Airway Improvement Act of 1982 (P.L. 97-248). AIP funding is usually spent on projects that support aircraft operations such as runways, taxiways, aprons, noise abatement, land purchase, and safety or emergency equipment. The funds obligated for AIP are drawn from the airport and airway trust fund, which is supported by a variety of user fees and fuel taxes. Different airports use different combinations of these sources depending on the individual airport's financial situation and the type of project being considered. Although smaller airports' individual grants are of much smaller dollar amounts than the grants going to large and medium hub airports, the smaller airports are much more dependent on AIP to meet their capital needs. This is particularly the case for noncommercial airports, which received over 25% of AIP grants distributed in FY2018. Larger airports are much more likely to issue tax-exempt bonds or finance capital projects with the proceeds of PFCs. The FAA Reauthorization Act of 2018 (P.L. 115-254) provided annual AIP funding of $3.35 billion from the airport and airway trust fund for five years from FY2019 to FY2023. The act left the basic structure of AIP unchanged, but authorized supplemental annual funding of over $1 billion from the general fund to the AIP discretionary funds, starting with $1.02 billion in FY2019, and required at least 50% of the additional discretionary funds to be available to nonhub and small hub airports. The act included a provision permitting eligible projects at small airports (including those in the State Block Grant Program) to receive a 95% federal share of project costs (otherwise capped at 90%), if such projects are determined to be successive phases of a multiphase construction project that received a grant in FY2011. The 2018 reauthorization expanded the number of states that could participate in the State Block Grant Program from 10 to 20 and also expanded the existing airport privatization pilot program (now renamed the Airport Investment Partnership Program) to include more than 10 airports. The law included a provision that forbids states or local governments from levying or collecting taxes on a business at an airport that "is not generally imposed on sales or services by that State, political subdivision, or authority unless wholly utilized for airport or aeronautical purposes." The airport improvement issues Congress generally faces in the context of FAA reauthorization include the following: Should airport development funding be increased or decreased? Should the $4.50 ceiling on PFCs be eliminated, raised, or kept as it is? Could AIP be restructured to address congestion at the busiest U.S. airports, or should a large share of AIP resources continue to go to noncommercial airports that lack other sources of funding? Should Congress set tighter limits on the purposes for which AIP and PFC funds may be spent? This report provides an overview of airport improvement financing, with emphasis on AIP and the related passenger facility charges. It also discusses some ongoing airport issues that are likely to be included in a future FAA reauthorization debate.
ROUGE-L F1 (base vs ground_truth): 0.2344
ROUGE-L F1 (simple_concat_with_reposition vs ground_truth): 0.1209
ROUGE-L F1 (blend_recompute vs ground_truth): 0.1474
ROUGE-L F1 (blend_recompute_headwise vs ground_truth): 0.2317

----------------------------------------------------------------------
样本 6/20
context 前缀: DOD’s MILCON appropriations are used to fund the acquisition, construction, inst...
模型输入前 40 词:
<|im_start|>user You are given a report by a government agency. Read the report carefully. Report: DOD’s MILCON appropriations are used to fund the acquisition, construction, installation, and equipping of temporary or permanent public works, military installations, facilities, and real property ...
基线输出:
**Summary of the Report**

The report discusses the U.S. Department of Defense's (DOD) military construction (MILCON) appropriations and the associated cost estimates. It provides an overview of DOD's MILCON appropriations process, including the use of the Form 1391 to submit project requirements and justifications, and the process for reprogramming MILCON funds. The report also examines the quality of MILCON cost estimates and the guidance DOD provides for developing them. Key findings include:

- The active component obligated about 89% of its MILCON appropriations for congressionally directed projects whose appropriations expired on September 30, 2017.
- Unexpended rates for amounts appropriated for fiscal years 2014 through 2016 vary, with unobligated amounts for these years remaining available for new obligations.
- The report provides data on the execution of MILCON appropriations for fiscal years 2010 through 2016, including the obligations made by the Army, Air Force, and Navy for MILCON projects.

Recommendations include:

- The Secretary of Defense should ensure that the Assistant Secretary of Defense for Energy, Installations, and the Environment work with DOD's construction agents, military departments, and other offices to improve DOD's MILCON cost estimating guidance by fully incorporating all 12 steps needed for developing high-quality, reliable cost estimates.

- The report also recommends that DOD incorporate the 12 steps into the Unified Facilities Criteria so that, at least, each step is considered for each project.

- The report suggests that DOD fully incorporate the 12 steps into the Unified Facilities Criteria to ensure consistency across DOD in the cost estimating process.

- The report notes that DOD may not be fully applying all 12 steps to each construction project due to characteristics of the military construction program that DOD believes differ from those of major system or weapon acquisition programs.

- The report recommends that DOD fully incorporate the 12 steps into the Unified Facilities Criteria to establish consistency across DOD in the cost estimating process by ensuring that, for each MILCON project, each step in the Cost Guide would at least be considered.

- The report suggests that DOD fully incorporate the 12 steps into the Unified Facilities Criteria to establish consistency across DOD in the cost estimating process by ensuring that, for each MILCON project, each step in the Cost Guide would at least be considered.

- The report recommends that DOD fully incorporate the
TTFT (base): 1496.77 ms
simple_concat 输出:
The report "MILCON Project Cost Estimates and Cost Estimating Practices for Military Construction Projects" by the Government Accountability Office (GAO-18-323T examines the cost estimates for military construction projects in the United States, specifically focusing on the U.S. Army, U.S. Air Force, and the U.S. Navy. The report analyzes the cost estimates for MILCON (Military Installation Construction) projects from fiscal years 2010 to 2016, including the process of estimating the cost of these projects, the cost estimating process, and the cost estimating process for MILCON projects. The report finds that the active component of the active component has spent about 90 percent of its MILCON appropriations for fiscal years 2010 through 2016, while the Navy has spent about 95 percent. The report notes that the military departments of the active component have developed their own guidance for MILCON cost estimating, and the Air Force has developed guidance that is similar to the DOD’s MILCON cost estimating guidance. The report also notes that the Army and the Air Force have not fully implemented the 12 steps for developing a reliable cost estimate, as required by the Cost Guide. The report recommends that the active component should incorporate the 12 steps into their MILCON cost estimating procedures and guidance to ensure that all projects are subject to the same level of reliability and accuracy. The report also recommends that the DOD should establish a process for reprogramming MILCON funds for projects that are not funded or are not funded on time, and that the DOD should also establish a process for developing MILCON estimates for projects that are not funded or are not funded on time. The report also recommends that the DOD should establish a process for developing MILCON estimates for projects that are not funded or are not funded on time, and that the DOD should also establish a process for reprogramming MILCON funds for projects that are not funded or are not funded on time. The report also recommends that the DOD should establish a process for developing MILCON estimates for projects that are not funded or are not funded on time, and that the DOD should also establish a process for reprogramming MILCON funds for projects that are not funded or are not funded on time. The report also recommends that the DOD should establish a process for developing MILCON estimates for projects that are not funded or are not funded on time, and that the DOD should also establish a process for reprogramming MIL
TTFT (simple_concat, 不含预计算): 78.95 ms
blend_recompute 输出:
The report "MILCON Project Cost Estimates and Cost Estimating Practices for Military Construction Projects" by the U.S. Government Accountability Office (GAO, or GAO) examines the cost estimates for military construction projects in the Department of Defense (DOD) and the Department of the Army, the Air Force, and the Navy. The report analyzes the current state of MILCON projects, focusing on the Department of Defense (DOD) and the active component of the military departments. The primary focus is to identify and mitigate potential issues in the cost estimation process, which is crucial for ensuring the accuracy and reliability of the costs of MILCON projects. The report finds that the active component spent over 90% of their MILCON appropriations for MILCON projects during fiscal years 2010 through 2016, with 84.7% of those costs being for congressionally directed projects. The report also found that DOD’s MILCON projects have not fully incorporated all 12 steps of the Cost Guide for estimating cost estimates, which includes the identification of project costs, cost estimating, cost estimating documentation, and cost estimating review and approval. The report also recommends that DOD incorporate the 12-step process into the Unified Facilities Criteria to ensure that all MILCON projects are managed in accordance with best practices. The report also recommends that DOD should also review the cost estimates of projects and ensure that they are based on the best available data, including information from the Department of Defense’s Unified Facilities Criteria and other relevant sources. The report concludes by providing a detailed list of recommendations for improving MILCON project cost estimates and cost estimating practices. The report also provides a table showing the obligations made by the Army for MILCON appropriations for fiscal years 2010 through 2016. The report also provides a table showing the obligations made by the Air Force for MILCON appropriations for fiscal years 2010 through 2016. The report also provides a table showing the obligations made by the Navy for MILCON appropriations for fiscal years 2010 through 2016. The report also provides a table showing the obligations made by the active component for MILCON appropriations for fiscal years 2010 through 2016. The report also provides a table showing the obligations made by the active component for MILCON appropriations for fiscal years 2010 through 2016. The report also provides a table showing the obligations made by the active component
TTFT (blend_recompute, 不含预计算): 138.77 ms
  选点 1218 tokens / 506 runs, selection=18.17 ms, recompute=30.63 ms
blend_recompute_headwise 输出:
The report assesses the reliability of military construction (MILCON) cost estimates for the active component of the Department of Defense (DOD) from fiscal years 2010 through 2016. It found that the active component expended almost all of its MILCON appropriations and that the cost estimates for MILCON projects were not reliable. The report recommends that DOD incorporate the 12 steps for developing a reliable cost estimate into its MILCON cost estimating guidance.
TTFT (blend_recompute_headwise, 不含预计算): 12893.32 ms
  选中 1218 个 token-head 对 / 457 runs, selection=19.14 ms, recompute=12783.41 ms
标准答案:
Between fiscal years 2005 and 2016, Congress annually appropriated between $2.5 to $9.6 billion in MILCON funding for the active component of the U.S. military to use for projects worldwide. Reliable project construction cost estimates are of great importance, since those estimates drive these appropriations. House Report 114-537 accompanying a proposed bill authorizing national defense activities for fiscal year 2017 included a provision for GAO to report on DOD's MILCON cost estimating. This report examines the extent to which (1) the active component obligated and expended the MILCON appropriations received during fiscal years 2005-2016, (2) the active component reprogrammed MILCON appropriations during fiscal years 2010 through 2016, and (3) DOD's MILCON cost estimates are reliable for selected projects and DOD's guidance for developing estimates fully incorporates the steps needed for developing reliable estimates. GAO analyzed the active components' MILCON execution data and reviewed DOD's guidance for cost estimating and compared it with the best practices identified in GAO's Cost Estimating and Assessment Guide . During fiscal years 2005 through 2016, Congress appropriated about $66 billion in military construction funds (MILCON) to the active duty Army, Navy, and Air Force (referred to as the active component) for projects. As of September 30, 2016, the active component had obligated all but about $5.1 billion and expended all but about $11 billion of those funds. Of the $5.1 billion remaining unobligated, about $4.6 billion was still available to be obligated because MILCON appropriations are generally available for new obligations for 5 years. According to Department of Defense (DOD) officials, available but unobligated amounts no longer needed may be either taken back by Congress or reprogrammed to other MILCON projects that the active component identifies as needing additional funding. During fiscal years 2010 through 2016, the active component reprogrammed about $1.6 billion in MILCON appropriations to fund emergency projects, projects that were authorized but did not receive specific appropriations, and projects needing additional funding. Of this amount, the Army reprogrammed about $789 million; the Navy, about $535 million; and the Air Force, about $295 million. DOD's guidance does not fully incorporate the steps needed for developing reliable estimates and the estimates for three projects that GAO reviewed were not reliable. Specifically, two of the three high-value projects GAO examined experienced a more than 30-percent increase from the initial cost estimates submitted to Congress. GAO determined that DOD cost estimators did not follow all the best practices associated with the four characteristics—comprehensive, well-documented, accurate, and credible—of a reliable estimate for these projects. GAO's Cost Estimating and Assessment Guide identifies 12 steps that, if used, are more likely to result in reliable and valid cost estimates. However, as shown below, DOD's construction guidance—the Unified Facilities Criteria—does not include all of these steps. Until DOD incorporates these steps, DOD and congressional decision-makers may not have reliable estimates to inform their decisions regarding appropriations and the oversight of projects. GAO recommends that DOD ensure that its cost estimating guidance fully incorporate the steps needed for developing reliable cost estimates. DOD partially concurred with GAO's recommendation and stated that it will issue revised cost guidance in fiscal year 2019 that more fully incorporates those steps that would benefit the military construction program.
ROUGE-L F1 (base vs ground_truth): 0.3731
ROUGE-L F1 (simple_concat_with_reposition vs ground_truth): 0.3073
ROUGE-L F1 (blend_recompute vs ground_truth): 0.3041
ROUGE-L F1 (blend_recompute_headwise vs ground_truth): 0.2491

----------------------------------------------------------------------
样本 7/20
context 前缀: To participate in federal student aid programs, postsecondary schools must be 1)...
模型输入前 40 词:
<|im_start|>user You are given a report by a government agency. Read the report carefully. Report: To participate in federal student aid programs, postsecondary schools must be 1) certified by Education as eligible to participate in federal student aid programs, 2) ...
基线输出:
The report examines the certification and oversight processes for postsecondary schools participating in federal student aid programs. Key findings include:

- Schools must meet criteria for certification, accreditation, and state authorization.
- FSA conducts compliance audits annually to assess school administration and compliance with federal aid requirements.
- OIG reviews compliance audits for quality, with findings differing from program reviews.
- Auditors' training and school selection practices affect audit quality.
- OIG and FSA are collaborating to improve audit guidance and oversight.

Recommendations include:
- Enhancing auditor training and selection criteria.
- Improving audit guide revisions for consistency and clarity.
- Strengthening collaboration between FSA and OIG for audit quality and oversight.

The report's purpose is to evaluate and improve the federal student aid certification and oversight process.
TTFT (base): 776.13 ms
simple_concat 输出:
The Federal Student Aid (FSA) is responsible for certifying schools that participate in federal student aid programs, ensuring they meet eligibility and compliance requirements. The report evaluates the FSA’s processes for certifying schools, which include compliance audits and program reviews. The report finds that FSA officials and staff from the Office of Inspector General (OIG) have implemented several changes to improve audit quality and ensure compliance. These changes include:

1. **Compliance Audits**: FSA provides training on the 2016 revised guide for audits of for-profit schools, including a focus on ensuring schools have a process to verify student enrollment and financial statements. This is to ensure that schools are administering federal student aid correctly.

2. **Program Reviews**: FSA has increased the number of compliance audits to 41, compared to 2017, and has provided guidance on how to select and implement new school auditors. This aims to ensure that audits are thorough and relevant to the school’s eligibility and compliance.

3. **Training for Auditors**: The OIG has conducted training sessions on auditing for-profit schools and is exploring additional training opportunities for new and unfamiliar auditors.

The report notes that these changes are aimed at improving the quality of audits and ensuring that schools are meeting eligibility and compliance requirements. The report also mentions that FSA has taken steps to address audit quality and information availability, including:

- Revising and improving the audit guide to include more detailed guidance on compliance audits.
- Increasing the frequency of compliance audits to ensure that schools are meeting the requirements.
- Providing additional training to ensure that schools have the necessary knowledge and skills to conduct audits.

The report also notes that the OIG and FSA have established a working group to address issues related to school selection and certification. These efforts are aimed at improving the quality of audits and ensuring that schools are administering federal student aid programs correctly.

The report does not provide specific data on the number of schools that have been certified or denied certification, as it is not yet available. However, the report suggests that these efforts are aimed at improving the overall quality of the certification process and ensuring that schools are meeting the necessary requirements for federal student aid programs.
TTFT (simple_concat, 不含预计算): 50.18 ms
blend_recompute 输出:
The Federal Student Aid (FSA) is responsible for certifying schools that participate in federal student aid programs, ensuring they meet eligibility and compliance requirements. The report "FSA’s Federal Student Aid Certification Process: Ensuring Student Aid Eligibility and Compliance" by the Government Accountability Office (GAO) examines the process through which FSA certifies schools for federal student aid. It reviews the steps involved in the certification process, including initial and recertification processes, and the role of the Office of Inspector General (OIG). Key findings include:

1. **Initial Certification Process**:
   - **Process Overview**: Schools must meet several criteria to be certified, including meeting accreditation standards, having a qualified administrator, and having a financial plan for the school’s future.
   - **Certification Process**: FSA staff review a school's application and make a determination of eligibility and compliance.
   - **Regional Offices**: FSA regional offices conduct compliance audits to ensure schools are compliant with federal student aid requirements.
   - **Provisional Certification**: Schools with significant compliance issues may be placed on a provisional certification status, with some having to meet additional conditions for full certification.

2. **Recertification Process**:
   - **Process Overview**: Schools must reapply for certification every 10 years, with a 3-year grace period for schools that are recertified.
   - **Review Criteria**: Schools are reviewed based on compliance with eligibility and compliance requirements.
   - **Quality Reviews**: OIG and FSA staff review the quality of audits, focusing on issues such as the quality of audits, completeness of documentation, and compliance with standards.

3. **Auditor Training and Oversight**:
   - **Training**: FSA staff receive training on auditing and quality reviews.
   - **Oversight**: OIG staff review the audit documentation and provide feedback and recommendations to schools.
   - **Audit Quality**: The OIG has reviewed compliance audits and found that the quality varies, with some audits showing quality issues.
   - **Training and Guidance**: OIG officials are working on improving the quality of audits and providing additional training to schools.

4. **Schools’ Responses**:
   - **Initial Certification**: 86% of schools were fully certified, 14% were provisionally certified, and 10% were denied.
   - **Recertification**: 66% were fully certified, 28% were provisionally certified, and 6% were denied.
   - **Training and Guidance**:
TTFT (blend_recompute, 不含预计算): 99.97 ms
  选点 637 tokens / 274 runs, selection=10.91 ms, recompute=29.26 ms
blend_recompute_headwise 输出:
<report-summary>

# Report Summary

## Purpose
The purpose of this report is to assess the quality of federal student aid audits conducted by the Department of Education's (Education) Federal Student Aid (FSA) office. This assessment aims to identify any issues or deficiencies in the quality of audits, determine the impact of OIG oversight on school recertification decisions, and evaluate the effectiveness of FSA's training and guidance to ensure compliance with federal regulations.

## Methods
The report involved a comprehensive review of FSA's compliance audits and compliance audit quality reviews from fiscal years 2006 through 2017. Key methods included:
- Reviewing compliance audit data and OIG quality review data
- Conducting interviews with FSA and OIG officials
- Analyzing Education data on schools applying for recertification
- Reviewing training materials and guidance provided to schools

## Key Findings
### Audit Quality
- **FSA’s Compliance Audits:** FSA conducted compliance audits on 739 schools, of which 23% passed, 59% were provisionally certified, and 18% had deficiencies.
- **OIG Quality Reviews:** OIG conducted 250 to 300 compliance audit quality reviews annually, and 73% of schools were fully certified, 59% were provisionally certified, and 18% had deficiencies.
- **Auditor Quality:** Some auditors conducting compliance audits had insufficient training and varied in their quality of work, with some audits finding issues not present in annual audits.

### School Recertification
- **FSA Certification:** Schools applying for recertification were generally approved with 86% passing, 14% provisionally, and 2% denied.
- **OIG Certification:** OIG approved 73% of schools, 21% provisionally, and 6% denied.
- **OIG’s Impact:** OIG’s 2016 revisions to the compliance audit guide improved audit quality, but issues persist.

### Training and Guidance
- **OIG Training:** FSA staff are directed to review information and conduct audits, with some issues related to auditor training and consistency in quality.
- **FSA Guidance:** FSA and OIG officials emphasized the importance of audit quality and the need for additional training for new or unfamiliar auditors.

## Recommendations
### OIG and FSA
- **Training and Guidance:** Ensure that auditors are adequately trained and that
TTFT (blend_recompute_headwise, 不含预计算): 7701.49 ms
  选中 637 个 token-head 对 / 242 runs, selection=11.26 ms, recompute=7624.16 ms
标准答案:
Education provided over $122 billion in grants, loans and work study funds to help students pay for college at about 6,000 schools in fiscal year 2017. Education is responsible for certifying that these schools are eligible for and capable of properly administering federal student aid funds. Schools are required to submit an annual compliance audit that provides information on schools' administrative capability, which Education considers in its school certification decisions. GAO was asked to review Education's process for certifying schools to receive federal student aid. This report examines (1) how Education certifies schools to administer federal student aid and how frequently schools are approved and denied certification; and (2) the role of compliance audits in the certification process and what, if any, steps Education has taken to address the quality of the audit information. GAO analyzed data on school certification outcomes for calendar years 2006-2017 (when GAO determined data were most reliable); reviewed data and reports summarizing Education's reviews of compliance audit quality for fiscal years 2006-2017; reviewed a non-generalizable sample of 21 school certification decisions from fiscal years 2015 and 2016, selected for a mix of decisions, school characteristics, and geographic regions; examined relevant federal laws, regulations, policy manuals and guidance; and interviewed Education officials. The Department of Education (Education) is responsible for evaluating a variety of information to determine whether a postsecondary school should be certified to administer federal student aid programs, and agency data show that it approves most schools that apply. Education procedures instruct regional office staff to review school policies, financial statements, and compliance audits prepared by independent auditors, among other things. Education can certify schools to participate in federal student aid programs for up to 6 years, or it can provisionally certify them for less time if it determines that increased oversight is needed—for example, when a school applies for certification for the first time or when it has met some but not all requirements to be fully certified. In calendar years 2006 through 2017, Education fully or provisionally approved most schools applying for initial or recertification to receive federal student aid (see figure). Note: Schools applying for certification for the first time and approved are placed in provisional certification. In deciding whether to certify schools, Education particularly relies on compliance audits for direct information about how well schools are administering federal student aid, and Education's offices of Federal Student Aid and Inspector General have taken steps to address audit quality. The Inspector General annually selects a sample of compliance audits for quality reviews based on risk factors, such as auditors previously cited for errors. In fiscal years 2006 through 2017, 59 percent of the 739 selected audits received failing scores. Audits that fail must be corrected; if not, the school generally must repay federal student aid covered by the audit. Because higher risk audits are selected for review, Inspector General officials said they cannot assess the overall prevalence of quality problems in compliance audits. These two Education offices have taken steps to improve audit quality. For example, the Inspector General offered additional training to auditors on its revised 2016 audit guide and provided guidance to schools on hiring an auditor, while Federal Student Aid created a working group to strengthen its procedures for addressing poor quality compliance audits. Education's efforts to address audit quality could help ensure that these audits provide reliable information for school certification decisions. GAO is not making recommendations in this report.
ROUGE-L F1 (base vs ground_truth): 0.1902
ROUGE-L F1 (simple_concat_with_reposition vs ground_truth): 0.3402
ROUGE-L F1 (blend_recompute vs ground_truth): 0.2996
ROUGE-L F1 (blend_recompute_headwise vs ground_truth): 0.2667

----------------------------------------------------------------------
样本 8/20
context 前缀: Cybersecurity incidents continue to impact federal entities and the information ...
模型输入前 40 词:
<|im_start|>user You are given a report by a government agency. Read the report carefully. Report: Cybersecurity incidents continue to impact federal entities and the information they maintain. According to OMB’s 2018 annual FISMA report to Congress, agencies reported 35,277 information ...
基线输出:
The report assesses the effectiveness of selected civilian agencies' implementation of the federal government's approach and strategy for securing information systems, including intrusion detection and prevention capabilities. Key findings include:

- Agencies generally implemented some intrusion detection and prevention capabilities, but inconsistencies and limitations were noted.
- OMB and DHS have facilitated the use of intrusion detection and prevention capabilities, but challenges remain.
- Agencies reported implementing some capabilities, but inconsistencies and limitations were noted.
- Agencies need more training and guidance on NCPS and CDM capabilities.
- Agencies need more resources for advanced network security tools.
- Agencies need to implement the defense-in-depth strategy.
- Agencies need to report on implementation of the defense-in-depth strategy.
- Agencies need to report on the effectiveness of NCPS and CDM.
- Agencies need to report on the costs and benefits of commercial tools.
- Agencies need to report on the capability of agencies to protect sensitive cyber threat indicators and defensive measures.
- Agencies need to report on the implementation of the cybersecurity- focused cross-agency priority goal.

Recommendations include:

- OMB should coordinate with agencies to identify training and guidance needs for implementing NCPS and CDM.
- OMB should follow up with agencies to identify obstacles and impediments affecting their abilities to implement intrusion detection and prevention capabilities.
- OMB should submit the intrusion assessment plan to the appropriate congressional committees.
- OMB should report on implementation of the defense-in-depth strategy described in the intrusion assessment plan.
- OMB should update the analysis of agencies' intrusion detection and prevention capabilities to include the degree to which agencies are using NCPS.
- OMB should direct the Federal CIO to update her report to Congress to include required information.
- OMB should establish a time frame for finalizing the Trusted Internet Connections policy intended to address challenges with agencies' perimeter-based architectures and issue it when finalized.
- OMB should establish a time frame for finalizing the strategy for realigning resources across agencies to protect high-value assets and issue it when finalized.
- OMB should direct the Federal CIO to work with DHS to follow-up with agencies to identify obstacles and impediments affecting their abilities to implement intrusion detection and prevention capabilities.

</think>
TTFT (base): 3732.74 ms
simple_concat 输出:
### Federal Cybersecurity Act of 2015: Federal Cybersecurity Enhancement Act of 2015: Overview of OMB’s Review of the Federal Cybersecurity Enhancement Act of 2015

Assistant

### Summary

The Federal Cybersecurity Enhancement Act of 2015 (FISA) was enacted in 2015 and is designed to strengthen the security of the federal government’s information systems and networks. The report evaluates the Federal Cybersecurity Enhancement Act of 2015 and assesses the progress made by the Department of Homeland Security (DHS) in implementing the Act. The report finds that agencies are making progress in implementing the cybersecurity capabilities required by the FISA, but many agencies have not yet fully implemented all of the requirements of the act. Specifically, 1) agencies are not yet implementing the agency’s cybersecurity strategy, 2) agencies are not yet implementing the federal cybersecurity enhancement act, 3) agencies are not yet implementing the Federal Cybersecurity Improvement Act of 2015, and 4) agencies are not yet implementing the Federal Cybersecurity Strategy for the Federal Government. The report also identifies the following key findings: 1) Agencies are not yet implementing the cybersecurity strategy for information security management. 2) Agencies are not yet implementing the cybersecurity enhancement act. 3) Agencies are not yet implementing the cybersecurity enhancement act. 4) Agencies are not yet implementing the Federal Cybersecurity Enhancement Act of 2015. The report also highlights the importance of the Federal Cybersecurity Enhancement Act of 2015, including its objectives, implementation timeline, and key stakeholders. The report also includes recommendations for the Department of Homeland Security to ensure that agencies are implementing the cybersecurity enhancement act, and other related requirements. The report also provides a summary of the Cybersecurity Enhancement Act of 2015, including the act’s objectives, implementation timeline, and key stakeholders. The report also includes recommendations for the Department of Homeland Security to ensure that agencies are implementing the cybersecurity enhancement act, other requirements. The report also provides a summary of the Cybersecurity Enhancement Act of 2015, including the act’s objectives, implementation timeline, and key stakeholders. The report also includes recommendations for the Department of Homeland Security to ensure that agencies are implementing the cybersecurity enhancement act, other requirements. The report also includes a summary of the Cybersecurity Enhancement Act of 2015, including the act’s objectives, implementation timeline, and key stakeholders. The report also includes recommendations
TTFT (simple_concat, 不含预计算): 161.02 ms
blend_recompute 输出:
### Report Title: OMB Report on the Federal Government’s Approach and Implementation of the Federal Cybersecurity Enhancement Act of 2015

The Federal Cybersecurity Enhancement Act of 2015 (FISMA) is a federal law that aims to enhance cybersecurity measures in the federal government. The report outlines the progress made in implementing the act and the challenges agencies face in implementing the Federal Cybersecurity Enhancement Act of 2015. The report covers several aspects of the act, including:

1. Implementation of the Cybersecurity Enhancement Act of 2015: The report notes that 23 agencies have reported that they have met the requirement to implement the cybersecurity enhancement act. However, 15 agencies have not yet met this requirement. The report also notes that agencies are taking steps to meet the requirement, including using intrusion detection and prevention capabilities, but noted that agencies need to improve their implementation of the act to achieve the desired results.

2. Implementation of the Cybersecurity Enhancement Act of 2015: The report notes that 21 agencies have reported that they have implemented the cybersecurity enhancement act. This is a significant achievement, as only 13 agencies were required to implement it. The report notes that agencies are taking steps to meet the requirement, including using intrusion detection and prevention capabilities, but noted that agencies need to improve their implementation of the act to achieve the desired results.

3. The report also notes that agencies are taking steps to meet the requirements for the Federal Cybersecurity Enhancement Act of 2015, including:

- Using intrusion detection and prevention capabilities
- Implementing the cybersecurity enhancement act
- Improving the implementation of the cybersecurity enhancement act

4. The report also notes that agencies are taking steps to meet the requirements for the Federal Cybersecurity Enhancement Act of 2015, including:

- Using intrusion detection and prevention capabilities
- Implementing the cybersecurity enhancement act
- Improving the implementation of the cybersecurity enhancement act

5. The report also notes that agencies are taking steps to meet the requirements for the Federal Cybersecurity Enhancement Act of 2015, including:

- Using intrusion detection and prevention capabilities
- Implementing the cybersecurity enhancement act
- Improving the implementation of the cybersecurity enhancement act

5. The report also notes that agencies are taking steps to meet the requirements for the Federal Cybersecurity Enhancement Act of 2015, including:

- Using intrusion detection and prevention capabilities
- Implementing the cybersecurity enhancement act
- Improving
TTFT (blend_recompute, 不含预计算): 197.68 ms
  选点 2373 tokens / 1101 runs, selection=38.78 ms, recompute=25.41 ms
blend_recompute_headwise 输出:
The Federal Cybersecurity Enhancement Act of 2015 (FISMA) required the federal government to implement cybersecurity enhancements to protect federal information systems and assets. The Federal Cybersecurity Enhancement Act of 2015 required OMB to report on the effectiveness of the federal government’s approach and strategy for securing federal information systems, including intrusion detection and prevention capabilities. OMB reported on the effectiveness of the federal government’s approach and strategy for securing federal information systems in a report issued in September 2018. The report did not address all of the requirements specified in the act. We provided a draft of this report to OMB and the 23 civilian CFO Act agencies, including DHS, covered by our review. In our report, we described the federal government’s approach and strategy for securing federal information systems, including intrusion detection and prevention capabilities. We also assessed the extent to which agencies reported implementing the federal government’s approach and strategy to secure information systems. We also assessed the extent to which agencies reported implementing the federal government’s approach and strategy to secure information systems. We also assessed the extent to which agencies reported implementing the federal government’s approach and strategy to secure information systems. We also assessed the extent to which agencies reported implementing the federal government’s approach and strategy to secure information systems. We also assessed the extent to which agencies reported implementing the federal government’s approach and strategy to secure information systems. We also assessed the extent to which agencies reported implementing the federal government’s approach and strategy to secure information systems. We also assessed the extent to which agencies reported implementing the federal government’s approach and strategy to secure information systems. We also assessed the extent to which agencies reported implementing the federal government’s approach and strategy to secure information systems. We also assessed the extent to which agencies reported implementing the federal government’s approach and strategy to secure information systems. We also assessed the extent to which agencies reported implementing the federal government’s approach and strategy to secure information systems. We also assessed the extent to which agencies reported implementing the federal government’s approach and strategy to secure information systems. We also assessed the extent to which agencies reported implementing the federal government’s approach and strategy to secure information systems. We also assessed the extent to which agencies reported implementing the federal government’s approach and strategy to secure information systems. We also assessed the extent to which agencies reported implementing the federal government’s approach and strategy to secure information systems. We also assessed the extent to which agencies reported implementing the federal government’s approach and strategy to secure information systems. We also assessed the extent to which agencies reported
TTFT (blend_recompute_headwise, 不含预计算): 29433.76 ms
  选中 2373 个 token-head 对 / 993 runs, selection=40.29 ms, recompute=29224.61 ms
标准答案:
Federal agencies are dependent on information systems to carry out operations. The risks to these systems are increasing as security threats evolve and become more sophisticated. To reduce the risk of a successful cyberattack, agencies can deploy intrusion detection and prevention capabilities on their networks and systems. GAO first designated federal information security as a government-wide high-risk area in 1997. In 2015, GAO expanded this area to include protecting the privacy of personally identifiable information. Most recently, in September 2018, GAO updated the area to identify 10 critical actions that the federal government and other entities need to take to address major cybersecurity challenges. The federal approach and strategy for securing information systems is grounded in the provisions of the Federal Information Security Modernization Act of 2014 and Executive Order 13800. The act requires agencies to develop, document, and implement an agency-wide program to secure their information systems. The Executive Order, issued in May 2017, directs agencies to use the National Institute of Standards and Technology's cybersecurity framework to manage cybersecurity risks. The Federal Cybersecurity Enhancement Act of 2015 contained a provision for GAO to report on the effectiveness of the government's approach and strategy for securing its systems. GAO determined (1) the reported effectiveness of agencies' implementation of the government's approach and strategy; (2) the extent to which DHS and OMB have taken steps to facilitate the use of intrusion detection and prevention capabilities to secure federal systems; and (3) the extent to which agencies reported implementing capabilities to detect and prevent intrusions. To address these objectives, GAO analyzed OMB reports related to agencies' information security practices including OMB's annual report to Congress for fiscal year 2017. GAO also analyzed and summarized agency-reported security performance metrics and IG-reported information for the 23 civilian CFO Act agencies. In addition, GAO evaluated plans, reports, and other documents related to DHS intrusion detection and prevention programs, and interviewed OMB, DHS, and agency officials. The 23 civilian agencies covered by the Chief Financial Officers Act of 1990 (CFO Act) have often not effectively implemented the federal government's approach and strategy for securing information systems (see figure below). Until agencies more effectively implement the government's approach and strategy, federal systems will remain at risk. To illustrate: As required by Office of Management and Budget (OMB), inspectors general (IGs) evaluated the maturity of their agencies' information security programs using performance measures associated with the five core security functions—identify, protect, detect, respond, and recover. The IGs at 17 of the 23 agencies reported that their agencies' programs were not effectively implemented. IGs also evaluated information security controls as part of the annual audit of their agencies' financial statements, identifying material weaknesses or significant deficiencies in internal controls for financial reporting at 17 of the 23 civilian CFO Act agencies. Chief information officers (CIOs) for 17 of the 23 agencies reported not meeting all elements of the government's cybersecurity cross-agency priority goal. The goal was intended to improve cybersecurity performance through, among other things, maintaining ongoing awareness of information security, vulnerabilities, and threats; and implementing technologies and processes that reduce malware risk. Executive Order 13800 directed OMB, in coordination with the Department of Homeland Security (DHS), to assess and report on the sufficiency and appropriateness of federal agencies' processes for managing cybersecurity risks. Using performance measures for each of the five core security functions, OMB determined that 13 of the 23 agencies were managing overall enterprise risks, while the other 10 agencies were at risk. In assessing agency risk by core security function, OMB identified a few agencies to be at high risk (see figure at the top of next page). DHS and OMB facilitated the use of intrusion detection and prevention capabilities to secure federal agency systems, but further efforts remain. For example, in response to prior GAO recommendations, DHS had improved the capabilities of the National Cybersecurity Protection System (NCPS), which is intended to detect and prevent malicious traffic from entering agencies' computer networks. However, the system still had limitations, such as not having the capability to scan encrypted traffic. The department was also in the process of enhancing the capabilities of federal agencies to automate network monitoring for malicious activity through its Continuous Diagnostics and Mitigation (CDM) program. However, the program was running behind schedule and officials at most agencies indicated the need for additional training and guidance. Further, the Federal CIO issued a mandated report assessing agencies' intrusion detection and prevention capabilities, but the report did not address required information, such as the capability of NCPS to detect advanced persistent threats, and a cost/benefit comparison of capabilities to commercial technologies and tools. Selected agencies had not consistently implemented capabilities to detect and prevent intrusions into their computer networks. Specifically, the agencies told GAO that they had not fully implemented required actions for protecting email, cloud services, host-based systems, and network traffic from malicious activity. For example, 21 of 23 agencies had not, as of September 2018, sufficiently enhanced email protection through implementation of DHS' directive on enhanced email security. In addition, less than half of the agencies that use cloud services reported monitoring these services. Further, most of the selected 23 agencies had not fully implemented the tools and services available through the first two phases of DHS's CDM program. Until agencies more thoroughly implement capabilities to detect and prevent intrusions, federal systems and the information they process will be vulnerable to malicious threats. GAO is making two recommendations to DHS, to among other things, coordinate with agencies to identify additional needs for training and guidance. GAO is also making seven recommendations to OMB to, among other things, direct the Federal CIO to update the mandated report with required information, such as detecting advanced persistent threats. DHS concurred with GAO's recommendations. OMB did not indicate whether it concurred with the recommendations or not.
ROUGE-L F1 (base vs ground_truth): 0.2727
ROUGE-L F1 (simple_concat_with_reposition vs ground_truth): 0.2000
ROUGE-L F1 (blend_recompute vs ground_truth): 0.2182
ROUGE-L F1 (blend_recompute_headwise vs ground_truth): 0.2328

----------------------------------------------------------------------
样本 9/20
context 前缀: Since 1993, USAID has obligated more than $5 billion in bilateral assistance to ...
模型输入前 40 词:
<|im_start|>user You are given a report by a government agency. Read the report carefully. Report: Since 1993, USAID has obligated more than $5 billion in bilateral assistance to the Palestinians in the West Bank and Gaza, primarily using funds appropriated ...
基线输出:
The report examines the status of USAID's bilateral assistance to the West Bank and Gaza through the Economic Support Fund (ESF) for fiscal years 2015 and 2016, focusing on payments to PA creditors, vetting of PA creditors, and compliance with antiterrorism policies. Key findings include:
- USAID obligated $544.1 million in ESF assistance for West Bank and Gaza, with 99% obligated and 64% expended.
- Payments to PA creditors accounted for 26% of total obligations.
- USAID vetted PA creditors before signing debt relief agreements, but did not conduct external assessments of PA ministries' financial systems.
- USAID continued to commission external assessments and financial audits of PA ministries despite not considering certain legal requirements applicable to direct payments.
- No material weaknesses were identified in the audits and assessments.

Recommendations include:
- Conducting external assessments of PA ministries' financial systems.
- Ensuring compliance with all legal requirements applicable to direct payments to PA creditors.
- Revising USAID policies to comply with all relevant laws and executive orders.

</think>
TTFT (base): 930.40 ms
simple_concat 输出:
The report "USAID's Use of USAID’s Emergency Supplemental Funding for USAID's Debt Relief to the Palestinian Authority" was conducted by the Government Accountability Office (GAO). The report aims to assess the use of USAID's Emergency Supplemental Funding (ESF) to the Palestinian Authority (PA) for fiscal years 2015 and 2016. The report found that the PA has made progress in meeting the objectives set by the PA Ministry of Finance and Planning, but there are still areas where improvements can be made. The report also notes that USAID has implemented a process to ensure that the use of ESF assistance is consistent with USAID’s policies and procedures. The report recommends that USAID continue to monitor the PA's use of ESF funds to ensure that it remains consistent with USAID’s policies and procedures. It also recommends that USAID ensure that the PA has adequate internal controls and systems to ensure the integrity of the PA's financial management systems. Additionally, the report recommends that USAID conduct external assessments of the PA Ministry of Health and Finance and Planning to ensure that they have the capacity to use ESF assistance as intended. The report concludes that the USAID data on the PA's obligations and expenditures are reliable. The report is available at the GAO website.
TTFT (simple_concat, 不含预计算): 59.77 ms
blend_recompute 输出:
The report "USAID's Use of USAID’s Emergency Supplemental Funding for PA Debt Relief" by the Government Accountability Office (GAO-19-236T is a report that examines the use of USAID’s USAID’s Emergency Supplemental Funding (ESF) for Palestinian Authority (PA) debt relief in fiscal years 2015 and 2016. The report provides an overview of the program and identifies the total amount of ESF assistance provided, including the amount allocated, obligated, and expended. The report also discusses the process of funding PA creditors, including the process for determining the amount of assistance to be provided to the PA, the procedures for reporting and monitoring, and the impact of the funding on the PA's debt relief process. The report concludes with a discussion of the results of the audit and recommendations for improving the program. The report is based on interviews with officials from USAID, the PA, and other stakeholders. The report found that USAID has provided about $1.4 billion in ESF assistance to the PA in fiscal years 2015 and 2016, with the largest share of the assistance being for the West Bank and Gaza region. The report recommends that USAID should ensure that the use of ESF funding for PA creditors is consistent with the PA’s debt relief objectives, and that USAID should work with the PA to address any identified weaknesses in the PA’s financial management systems.
TTFT (blend_recompute, 不含预计算): 131.73 ms
  选点 619 tokens / 267 runs, selection=12.19 ms, recompute=37.48 ms
blend_recompute_headwise 输出:
The report assesses the USAID's assistance to the West Bank and Gaza under the Economic Growth and Infrastructure development objective. Key findings include:
- USAID obligated and expended a significant portion of fiscal years 2015 and 2016 ESF assistance for the West Bank and Gaza.
- No questioned or ineligible costs, reportable material weaknesses, or noncompliance with terms were found in the external assessments.
- The mission held an entrance conference with the PA Ministry of Finance and Planning for the audit of the fiscal year 2016 grant.
- No significant issues were identified in the financial audits of the fiscal years 2015 and 2016 debt relief grants.
- USAID provided direct payments to PA creditors, ensuring they met requirements for transparency and accountability.
- No legal or policy requirements were identified as not applicable to direct payments to PA creditors.

Recommendations: None identified in the report.
TTFT (blend_recompute_headwise, 不含预计算): 7554.55 ms
  选中 619 个 token-head 对 / 231 runs, selection=10.93 ms, recompute=7479.60 ms
标准答案:
Since 1993, the U.S. government has committed more than $5 billion in bilateral assistance to the Palestinians in the West Bank and Gaza. According to the Department of State, this assistance to the Palestinians promotes U.S. economic and political foreign policy interests by supporting Middle East peace negotiations and financing economic stabilization programs. USAID is primarily responsible for administering ESF assistance to the West Bank and Gaza. Appropriations acts for fiscal years 2015 and 2016 included provisions for GAO to review the treatment, handling, and uses of funds provided through the ESF for assistance to the West Bank and Gaza. This report examines (1) the status of ESF assistance and projects provided to the West Bank and Gaza for fiscal years 2015 and 2016, including project assistance and payments to PA creditors, and (2) the extent to which USAID conducted required vetting of PA creditors to ensure that this assistance would not support entities or individuals associated with terrorism and assessed PA ministries' capacity to use ESF assistance as intended. GAO reviewed relevant laws and regulations and USAID financial data, policies, procedures, and documents. GAO also interviewed USAID and State Department officials. As of March 2018, the U.S. Agency for International Development (USAID) had allocated about $545 million of funding appropriated to the Economic Support Fund (ESF) for assistance in the West Bank and Gaza for fiscal years 2015 and 2016. USAID obligated about $544 million (over 99 percent) and expended about $351 million (over 64 percent) of the total allocations. Project assistance accounted for approximately $399 million of the obligated funds, while payments to Palestinian Authority (PA) creditors accounted for $145 million (see figure). USAID's obligations for project assistance in the West Bank and Gaza for fiscal years 2015 and 2016 supported three development objectives—Economic Growth and Infrastructure ($239 million), Investing in the Next Generation ($107 million), and Governance and Civic Engagement (about $25 million). In fiscal years 2015 and 2016, USAID made payments directly to PA creditors—two Israeli fuel companies, to cover debts for petroleum purchases, and a local Palestinian bank, to pay off a line of credit used for PA medical referrals to six hospitals in the East Jerusalem Hospital network. USAID vetted PA creditors to ensure that the program assistance would not provide support to entities or individuals associated with terrorism and also conducted external assessments and financial audits of PA ministries of Health and Finance and Planning. USAID documentation showed that, as required, officials checked the vetting status of each PA creditor within 12 months before USAID signed its debt relief grant agreements with the PA. In addition, although USAID determined that it was not legally required to assess the PA Ministry of Health's medical referral services and the Ministry of Finance and Planning's petroleum procurement system, the agency commissioned external assessments of both ministries. These assessments found some weaknesses in both ministries' systems; however, USAID mission officials stated that these weaknesses did not affect USAID debt relief payments to the PA creditors. Nevertheless, USAID took additional steps to mitigate the identified weaknesses. For example, a USAID contractor worked with the Ministry of Health to update, revise, and approve guidelines for medical referrals. In addition, USAID commissioned financial audits of the debt relief grant agreements between USAID and the PA for direct payments to PA creditors in fiscal year 2015 and 2016. The audits did not identify any ineligible costs, reportable material weaknesses in internal control, or material instances of noncompliance with the terms of the agreements. GAO is not making recommendations in this report.
ROUGE-L F1 (base vs ground_truth): 0.2670
ROUGE-L F1 (simple_concat_with_reposition vs ground_truth): 0.2245
ROUGE-L F1 (blend_recompute vs ground_truth): 0.2380
ROUGE-L F1 (blend_recompute_headwise vs ground_truth): 0.2903

----------------------------------------------------------------------
样本 10/20
context 前缀: Congressional interest in small business access to capital has increased in rece...
模型输入前 40 词:
<|im_start|>user You are given a report by a government agency. Read the report carefully. Report: Congressional interest in small business access to capital has increased in recent years because of concerns that small businesses might be prevented from accessing sufficient ...
基线输出:
The report provides an in-depth analysis of the Small Business Lending Fund (SBLF) enacted during the 111th Congress to enhance small business access to capital. Key findings include:

- The SBLF was designed to address the decline in small business lending by providing temporary authority to the Secretary of the Treasury to make capital investments in eligible institutions to increase the availability of credit for small businesses.

- Participating institutions were required to submit a small business lending plan to the appropriate federal banking agency and, for applicants that are state-chartered banks, to the appropriate state banking regulator.

- The SBLF's legislative history includes differences between the House- and Senate-passed versions, including changes in eligibility criteria, dividend rate provisions, and the use of call report data to measure small business lending.

- SBLF participants reported increasing their small business lending, but questions remain regarding the validity of these reported amounts and the potential long-term cost to the federal treasury.

- The SBLF's effectiveness in increasing small business lending remains uncertain, and ongoing congressional oversight is focused on its potential long-term costs and effects on small business lending.

- The report concludes with recommendations for further study, including examining the program's impact on small business lending, assessing the potential long-term cost to the federal treasury, and evaluating the program's eligibility criteria and dividend rate provisions.
TTFT (base): 3779.95 ms
simple_concat 输出:
The Small Business Lending Fund (SBLF) is a program designed to increase the availability of capital for small businesses. It was created by the Small Business Jobs and Employment Act of 2008, which was signed into law on March 29, 2010. The SBLF was established to address the lack of capital available for small businesses in the banking system, particularly for small businesses. The program is funded by the U.S. Treasury. The SBLF was created to provide small business loans to small businesses that meet certain criteria, including those with less than $5 million in assets, 10 or more employees, and that are not already owned by a bank or a financial holding company. The SBLF has been in operation since 2009, and is administered by the Small Business Administration (SBA). The program provides a $20 billion in capital for lending to small businesses, with a 10-year maturity. The program has been criticized by some for the way it is administered and its impact on the banking industry. Critics argue that the SBLF is a bailout program and that it is not designed to be a capital injection program. They also argue that the program is not targeted to address the needs of small businesses. The SBLF has been criticized for not addressing the need for capital for small businesses. The SBLF has been criticized for not providing small businesses with the capital they need to be able to make loans. The SBLF has been criticized for not providing small businesses with the capital they need to increase their lending to small businesses. The SBLF has been criticized for not providing small businesses with the capital they need to increase their lending to small businesses. The SBLF has been criticized for not providing small businesses with the capital they need to increase their lending to small businesses. The SBLF has been criticized for not providing small businesses with the capital they need to increase their lending to small businesses. The SBLF has been criticized for not providing small businesses with the capital they need to increase their lending to small businesses. The SBLF has been criticized for not providing small businesses with the capital they need to increase their lending to small businesses. The SBLF has been criticized for not providing small businesses with the capital they need to increase their lending to small businesses. The SBLF has been criticized for not providing small businesses with the capital they need to increase their lending to small businesses. The SBLF has been criticized for
TTFT (simple_concat, 不含预计算): 145.88 ms
blend_recompute 输出:
The Small Business Lending Fund (SBLF) is a program designed to increase the availability of capital for small businesses. It was created to address the lack of small business lending to small businesses. The program was established by the Small Business Jobs and Employment Act of 2010, which was signed into law on June 30, 2010. The program provides $30 billion in capital to eligible institutions, including banks, to be used for small business lending. The program was designed to be competitive, competitive grants to banks, which means that banks must meet certain requirements to receive funds. The SBLF is funded through the Small Business Lending Fund Funded by the Treasury, which is a program that provides capital to small businesses. The SBLF is designed to help small businesses, which are businesses with fewer than 500 employees, to increase their small business lending. The program was designed to be a temporary program, which means that the SBLF's funding will end in 2014. The program is not intended to be permanent and will be replaced by a permanent program, which is called the Small Business Lending Fund, in 2014. The SBLF is intended to be a temporary program. The SBLF was designed to be a temporary program to help small businesses increase their lending to small businesses. The program was designed to be a temporary program to help small businesses increase their lending to small businesses. The SBLF was designed to be a temporary program to help small businesses increase their lending to small businesses. The SBLF was designed to be a temporary program to help small businesses increase their lending to small businesses. The SBLF was designed to be a temporary program to help small businesses increase their lending to small businesses. The SBLF was designed to be a temporary program to help small businesses increase their lending to small businesses. The SBLF was designed to be a temporary program to help small businesses increase their lending to small businesses. The SBLF was designed to be a temporary program to help small businesses increase their lending to small businesses. The SBLF was designed to be a temporary program to help small businesses increase their lending to small businesses. The SBLF was designed to be a temporary program to help small businesses increase their lending to small businesses. The SBLF was designed to be a temporary program to help small businesses increase their lending to small businesses. The SBLF was designed to be a temporary program to help
TTFT (blend_recompute, 不含预计算): 235.90 ms
  选点 2295 tokens / 1019 runs, selection=37.94 ms, recompute=32.57 ms
blend_recompute_headwise 输出:
The Small Business Lending Fund (SBLF) is a program designed to increase the availability of capital for small businesses. It was created to provide a temporary capital infusion to small businesses to help them access credit and create jobs. The SBLF provides capital to eligible institutions that meet certain criteria, including small business lending, and has been criticized for its potential cost and the lack of oversight. The SBLF has been criticized for not being able to increase small business lending, and for not providing enough small business loans. The SBLF has also been criticized for its dividend rate, which is set at 5% per annum initially, with reduced rates available if the bank increased its small business lending. The SBLF has been criticized for not providing enough small business loans and for not being able to increase small business lending. The SBLF has been criticized for not being able to increase small business lending and for not being able to provide enough small business loans. The SBLF has been criticized for not being able to increase small business lending and for not being able to provide enough small business loans. The SBLF has been criticized for not being able to increase small business lending and for not being able to provide enough small business loans. The SBLF has been criticized for not being able to increase small business lending and for not being able to provide enough small business loans. The SBLF has been criticized for not being able to increase small business lending and for not being able to provide enough small business loans. The SBLF has been criticized for not being able to increase small business lending and for not being able to provide enough small business loans. The SBLF has been criticized for not being able to increase small business lending and for not being able to provide enough small business loans. The SBLF has been criticized for not being able to increase small business lending and for not being able to provide enough small business loans. The SBLF has been criticized for not being able to increase small business lending and for not being able to provide enough small business loans. The SBLF has been criticized for not being able to increase small business lending and for not being able to provide enough small business loans. The SBLF has been criticized for not being able to increase small business lending and for not being able to provide enough small business loans. The SBLF has been criticized for not being able to increase small business lending and for not being able to provide enough small business loans. The SBLF has been criticized for not
TTFT (blend_recompute_headwise, 不含预计算): 30779.90 ms
  选中 2295 个 token-head 对 / 930 runs, selection=40.51 ms, recompute=30584.65 ms
标准答案:
Congressional interest in small business access to capital has increased in recent years because of concerns that small businesses might be prevented from accessing sufficient capital to enable them to start, continue, or expand operations and create jobs. Some have argued that the federal government should provide additional resources to assist small businesses. Others worry about the long-term adverse economic effects of spending programs that increase the federal deficit. They advocate business tax reduction, reform of financial credit market regulation, and federal fiscal restraint as the best means to assist small businesses and create jobs. Several laws were enacted during the 111th Congress to enhance small business access to capital. For example, P.L. 111-5, the American Recovery and Reinvestment Act of 2009 (ARRA), provided the Small Business Administration (SBA) an additional $730 million, including funding to temporarily subsidize SBA fees and increase the 7(a) loan guaranty program's maximum loan guaranty percentage to 90%. P.L. 111-240, the Small Business Jobs Act of 2010, authorized the Secretary of the Treasury to establish a $30 billion Small Business Lending Fund (SBLF), in which $4.0 billion was issued, to encourage community banks with less than $10 billion in assets to increase their lending to small businesses. It also authorized a $1.5 billion State Small Business Credit Initiative to provide funding to participating states with small business capital access programs, numerous changes to the SBA's loan guaranty and contracting programs, funding to continue the SBA's fee subsidies and the 7(a) program's 90% maximum loan guaranty percentage through December 31, 2010, and about $12 billion in tax relief for small businesses. P.L. 111-322, the Continuing Appropriations and Surface Transportation Extensions Act, 2011, authorized the SBA to continue its fee subsidies and the 7(a) program's 90% maximum loan guaranty percentage through March 4, 2011, or until available funding was exhausted, which occurred on January 3, 2011. This report focuses on the SBLF. It opens with a discussion of the supply and demand for small business loans. The SBLF's advocates claimed the SBLF was needed to enhance the supply of small business loans. The report then examines other arguments presented both for and against the program. Advocates argued that the SBLF would increase lending to small businesses and, in turn, create jobs. Opponents contended that the SBLF could lose money, lacked sufficient oversight provisions, did not require lenders to increase their lending to small businesses, could serve as a vehicle for Troubled Asset Relief Program (TARP) recipients to effectively refinance their TARP loans on more favorable terms with little or no resulting benefit for small businesses, and could encourage a failing lender to make even riskier loans to avoid higher dividend payments. The report concludes with an examination of the program's implementation and a discussion of bills introduced to amend the SBLF. For example, during the 112th Congress, S. 681, the Greater Accountability in the Lending Fund Act of 2011, would have limited the program's authority to 15 years from enactment and prohibited TARP recipients from participating in the program. H.R. 2807, the Small Business Leg-Up Act of 2011, would have transferred any unobligated and repaid funds from the SBLF to the Community Development Financial Institutions Fund "to increase the availability of credit for small businesses." H.R. 3147, the Small Business Lending Extension Act, would have extended the Department of the Treasury's investment authority from one year to two years. During the 113th Congress, H.R. 2474, the Community Lending and Small Business Jobs Act of 2013, would have transferred any unobligated and repaid funds from the SBLF to the Community Development Financial Institutions Fund.
ROUGE-L F1 (base vs ground_truth): 0.2333
ROUGE-L F1 (simple_concat_with_reposition vs ground_truth): 0.2420
ROUGE-L F1 (blend_recompute vs ground_truth): 0.2047
ROUGE-L F1 (blend_recompute_headwise vs ground_truth): 0.1913

----------------------------------------------------------------------
样本 11/20
context 前缀: This report presents background information and issues for Congress concerning t...
模型输入前 40 词:
<|im_start|>user You are given a report by a government agency. Read the report carefully. Report: This report presents background information and issues for Congress concerning the Navy's force structure and shipbuilding plans. The current and planned size and composition of ...
基线输出:
The report provides background information and issues for Congress concerning the Navy's force structure and shipbuilding plans. The current and planned size and composition of the Navy, the rate of Navy ship procurement, and the prospective affordability of the Navy's shipbuilding plans have been oversight matters for the congressional defense committees for many years. The Navy's proposed FY2020 budget requests funding for the procurement of 12 new ships, including one Gerald R. Ford (CVN-78) class aircraft carrier, three Virginia-class attack submarines, three DDG-51 class Aegis destroyers, one FFG(X) frigate, two John Lewis (TAO-205) class oilers, and two TATS towing, salvage, and rescue ships. The issue for Congress is whether to approve, reject, or modify the Navy's proposed FY2020 shipbuilding program and the Navy's longer-term shipbuilding plans. The Navy's FY2019 budget submission also included a total of 55 ships in the period FY2020-FY2024, but the mix of ships making up the total of 55 for these years has been changed under the FY2020 budget submission to include one additional attack submarine, one additional FFG(X) frigate, and two (rather than four) LPD-17 Flight II amphibious ships over the five-year period. The Navy's FY2020 five-year (FY2020-FY2024) shipbuilding plan includes 55 new ships, or an average of about 10 per year. The Navy's FY2019 budget submission also included a total of 55 ships in the period FY2020-FY2024, but the mix of ships making up the total of 55 for these years has been changed under the FY2020 budget submission to include one additional attack submarine, one additional FFG(X) frigate, and two (rather than four) LPD-17 Flight II amphibious ships over the five-year period.
TTFT (base): 5115.22 ms
simple_concat 输出:
### Summary:

The Navy's FY2020 budget proposal includes a 355-ship Navy, a 355-ship Navy, and a 355-ship Navy. The Navy has a 355-ship goal for FY2020, but the Navy's FY2019 budget proposal is for 350 ships, which is below the 355-ship goal. The Navy has stated that the current Navy fleet of 355 ships is sufficient to meet the 355-ship goal, and that the Navy will need to procure 55 ships to reach that goal. The Navy's FY2019 budget proposal includes funding for 35 ships, and the Navy has stated that it will use this funding to build the 35 ships. The Navy's FY2020 budget proposal also includes funding for 10 ships, and the Navy has stated that these ships will be used to replace ships that will be retired. The Navy has not yet decided whether to use the $1.5 billion in the FY2020 budget to build the 355-ship fleet or to fund the 10 ships. The Navy has stated that it is not certain whether the 355-ship fleet will be built at the same rate of production as the 300-ship fleet, and that the Navy's current plan to build 30 ships per year is not necessarily a good indicator of the Navy's ability to build 355 ships. The Navy's FY2020 budget proposal includes funding for 55 ships, but it is not clear whether these ships will be built in the same way as the 30 ships, and whether the Navy will be able to build 355 ships in the future. The Navy's FY2020 budget proposal includes funding for 10 ships, and the Navy has stated that these ships will be used to replace ships that will be retired. The Navy has not yet decided whether to use the $1.5 billion in the FY2020 budget to build the 355-ship fleet or to fund the 10 ships. The Navy's FY2020 budget proposal includes funding for 55 ships, but it is not clear whether these ships will be built in the same way as the 30 ships, and whether the Navy will be able to build
TTFT (simple_concat, 不含预计算): 168.52 ms
blend_recompute 输出:
### Summary:

The Navy's FY2020 budget proposal includes a 355-ship Navy, a 355-ship Navy, and a 355-ship Navy. The Navy has a 355-ship goal for 2030. The Navy's FY2017 budget request includes a 355-ship Navy. The Navy has a 355-ship fleet goal. The Navy's FY2017 budget proposal for FY2020 calls for 355 ships, with a target of 355 ships by 2025. The Navy has a 355-ship goal for 2030. The Navy has a 355-ship fleet goal for 2030. The Navy has a 355-ship fleet goal for 2030. The Navy's FY2017 budget request calls for 355 ships, with a target of 355 ships by 2025. The Navy's FY2017 budget proposal for FY2020 calls for 355 ships, with a target of 355 ships by 2025. The Navy's FY2017 budget request calls for 355 ships, with a target of 355 ships by 2025. The Navy's FY2017 budget proposal for FY2020 calls for 355 ships, with a target of 355 ships by 2025. The Navy's FY2017 budget request calls for 355 ships, with a target of 355 ships by 2025. The Navy's FY2017 budget request calls for 355 ships, with a target of 355 ships by 2025. The Navy's FY2017 budget request calls for 355 ships, with a target of 355 ships by 2025. The Navy's FY2017 budget request calls for 355 ships, with a target of 355 ships by 2025. The Navy's FY2017 budget request calls for 355 ships, with a target of 355 ships by 2025. The Navy's
TTFT (blend_recompute, 不含预计算): 266.55 ms
  选点 2919 tokens / 1315 runs, selection=53.52 ms, recompute=31.28 ms
blend_recompute_headwise 输出:
The report is a detailed analysis of the Navy's shipbuilding plans and their potential impact on the Navy's ability to achieve its goal of a 355-ship fleet. The report covers several key points:

1. The Navy's shipbuilding plans and their impact on the overall shipbuilding industry.
2. The need for a robust workforce to support the Navy's shipbuilding needs.
3. The challenges of maintaining the shipbuilding industrial base and the potential impact on shipbuilding costs.
4. The Navy's goal of increasing the size of the Navy to 355 ships.
5. The need for sustained investment in shipbuilding and the importance of multi-year procurement (MYP) contracts.
6. The need to avoid procurement cost growth and the potential for cost growth to be a risk to the Navy's ability to achieve its goal.
7. The importance of a stable budget and funding for shipbuilding and maintenance to support the Navy's shipbuilding plans.
8. The need to maintain a skilled workforce and the challenges of doing so.
9. The need to consider the impact of procurement cost growth on the Navy's ability to achieve its goal.
10. The need for a balanced approach to shipbuilding that takes into account the Navy's mission requirements, industry's ability to meet those requirements, and the Navy's ability to sustain the shipbuilding workforce.

The report also highlights the challenges of maintaining the Navy's shipbuilding workforce, including the need to train and develop a skilled workforce and the potential for industry to increase its workforce capacity over time. The report also notes the importance of maintaining a stable budget and funding for shipbuilding and maintenance to support the Navy's shipbuilding plans. The report concludes by recommending a balanced approach to shipbuilding that takes into account the Navy's mission requirements, industry's ability to meet those requirements, and the Navy's ability to sustain the shipbuilding workforce.
TTFT (blend_recompute_headwise, 不含预计算): 37228.09 ms
  选中 2919 个 token-head 对 / 1206 runs, selection=56.83 ms, recompute=36988.16 ms
标准答案:
The current and planned size and composition of the Navy, the rate of Navy ship procurement, and the prospective affordability of the Navy's shipbuilding plans have been oversight matters for the congressional defense committees for many years. On December 15, 2016, the Navy released a force-structure goal that calls for achieving and maintaining a fleet of 355 ships of certain types and numbers. The 355-ship force-level goal is the result of a Force Structure Assessment (FSA) conducted by the Navy in 2016. The Navy states that a new FSA is now underway as the successor to the 2016 FSA. This new FSA, Navy officials state, is to be completed by the end of 2019. Navy officials have suggested in their public remarks that this new FSA could change the 355-ship figure, the planned mix of ships, or both. The Navy's proposed FY2020 budget requests funding for the procurement of 12 new ships, including one Gerald R. Ford (CVN-78) class aircraft carrier, three Virginia-class attack submarines, three DDG-51 class Aegis destroyers, one FFG(X) frigate, two John Lewis (TAO-205) class oilers, and two TATS towing, salvage, and rescue ships. The Navy's FY2020 five-year (FY2020-FY2024) shipbuilding plan includes 55 new ships, or an average of 11 new ships per year. The Navy's FY2020 30-year (FY2020-FY2049) shipbuilding plan includes 304 ships, or an average of about 10 per year. If the FY2020 30-year shipbuilding plan is implemented, the Navy projects that it will achieve a total of 355 ships by FY2034. This is about 20 years sooner than projected under the Navy's FY2019 30-year shipbuilding plan—an acceleration primarily due to a decision announced by the Navy in April 2018, after the FY2019 plan was submitted, to increase the service lives of all DDG-51 destroyers to 45 years. Although the Navy projects that the fleet will reach a total of 355 ships in FY2034, the Navy in that year and subsequent years will not match the composition called for in the FY2016 FSA. One issue for Congress is whether the new FSA that the Navy is conducting will change the 355-ship force-level objective established by the 2016 FSA and, if so, in what ways. Another oversight issue for Congress concerns the prospective affordability of the Navy's 30-year shipbuilding plan. Decisions that Congress makes regarding Navy force structure and shipbuilding plans can substantially affect Navy capabilities and funding requirements and the U.S. shipbuilding industrial base.
ROUGE-L F1 (base vs ground_truth): 0.5477
ROUGE-L F1 (simple_concat_with_reposition vs ground_truth): 0.2648
ROUGE-L F1 (blend_recompute vs ground_truth): 0.1645
ROUGE-L F1 (blend_recompute_headwise vs ground_truth): 0.2033

----------------------------------------------------------------------
样本 12/20
context 前缀: Under SBA’s 7(a) loan program, SBA guarantees loans made by commercial lenders t...
模型输入前 40 词:
<|im_start|>user You are given a report by a government agency. Read the report carefully. Report: Under SBA’s 7(a) loan program, SBA guarantees loans made by commercial lenders to small businesses for working capital and other general business purposes. These lenders ...
基线输出:
<report-summary>

This report examines the 7(a) loan program of the Small Business Administration (SBA), focusing on its role in supporting small businesses and the challenges in ensuring lenders comply with the credit elsewhere requirement. Key findings include:

- The 7(a) program primarily serves small businesses that cannot obtain conventional credit at reasonable terms. Lenders with delegated authority make credit elsewhere determinations.
- SBA relies on on-site and targeted reviews to monitor lenders' compliance, with 17 of 40 on-site reviews in fiscal 2016 finding noncompliance.
- Lenders often lack proper internal controls, making compliance inconsistent. SBA's standard operating procedures do not require documentation of assessments.
- Lenders interpret criteria differently, leading to variability in how credit elsewhere is determined. SBA does not routinely collect or analyze information on lenders' use of criteria.
- The credit elsewhere requirement is crucial for reaching underserved borrowers, but compliance issues persist. SBA needs better information on lenders' practices to address these challenges.
TTFT (base): 2459.58 ms
simple_concat 输出:
### Report Title: SBA’s Oversight of 7(a) Loans to Small Businesses in 2016

SBA’s Oversight of 7(a) Loans to Small Businesses in 2016

### Report Summary

This report examines SBA’s oversight of 7(a) loans to small businesses in fiscal year 2016. It reviews the 7(a) loan program, which is a key component of the SBA’s Small Business Administration’s (SBA) Small Business Innovation and Entrepreneurship Act of 1953. SBA’s 7(a) program provides loans to small businesses to help them secure financing for working capital and other business purposes. The report finds that the SBA’s 7(a) program has not yet achieved its objective of increasing access to credit for small businesses. In fiscal year 2016, SBA approved 7(a) loans totaled $13. 6 billion, down 24 percent from fiscal year 2015. This is the third consecutive year that the total amount approved has been below the SBA’s $15 billion target. This decrease in total loan volume was partially driven by the economic environment, which was a result of the Great Recession. The report also found that lenders, which are the primary borrowers of 7(a) loans, are more likely to be non-compliant with the credit elsewhere requirement, the requirement that a lender must provide a credit elsewhere determination for 7(a) loans. Specifically, 32 percent of 7(a) loans approved in fiscal year 2016 were for new businesses and 38 percent were for existing businesses. The SBA also found that the credit elsewhere requirement is not well-documented in the SBA’s loan files. The credit elsewhere requirement is based on a lender’s assessment of whether the borrower’s credit elsewhere is sufficient to cover the credit elsewhere requirement. SBA’s on-site reviews, which are conducted by SBA staff, do not include the credit elsewhere requirement in their review criteria. Instead, SBA’s on-site reviews focus on the borrower’s creditworthiness and the credit elsewhere requirement is determined based on a lender’s own credit elsewhere criteria. The SBA’s 7(a) program is required to monitor lenders’ compliance with the credit elsewhere requirement. SBA’s standard operating procedures (SOP) provide that lenders are required to maintain documentation of the lender’s credit elsewhere determination for all 7(a) loans. The S
TTFT (simple_concat, 不含预计算): 128.51 ms
blend_recompute 输出:
### Report Title: SBA’s Oversight of 7(a) Loans to Small Businesses in 2016

SBA’s Oversight of 7(a) Loans to Small Businesses in 2016

### Report Summary

This report examines SBA’s oversight of 7(a) loans to small businesses in fiscal year 2016. It reviews SBA’s compliance with its credit elsewhere requirement and the credit elsewhere documentation requirements for 7(a) loans. It also examines the lender selection process, the credit elsewhere criteria used by lenders, and the credit elsewhere documentation requirements. The report finds that SBA has established credit elsewhere requirements for 7(a) loans and that SBA’s review process for 7(a) loans is comprehensive. However, the SBA’s credit elsewhere criteria and the credit elsewhere documentation requirements are not well defined and SBA’s review process is not always thorough. SBA’s credit elsewhere requirement requires lenders to provide documentation that the loan is not credit elsewhere. This requirement is not consistently applied. SBA does not require lenders to provide documentation of the credit elsewhere requirement. SBA’s credit elsewhere criteria for 7(a) loans are based on the borrower’s credit elsewhere criteria, which are based on the borrower’s credit elsewhere criteria. The credit elsewhere criteria for 7(a) loans are not well defined and vary by lender and borrower. SBA does not require lenders to document the credit elsewhere criteria, and the criteria are not consistent across the SBA. The credit elsewhere requirement is not based on the borrower’s credit elsewhere criteria, and SBA does not have a formal process for evaluating the criteria used by lenders. The credit elsewhere requirement is not based on the credit elsewhere criteria, and SBA does not have a formal process for evaluating the criteria used by lenders. SBA does not have a formal process for evaluating the criteria used by lenders. SBA’s on-site reviews of 7(a) loans do not include a review of lenders’ credit elsewhere criteria. SBA does not require lenders to document the credit elsewhere criteria, and SBA does not have a formal process for evaluating the criteria used by lenders. SBA does not have a formal process for evaluating the criteria used by lenders. SBA does not have a formal process for evaluating the criteria used by lenders. SBA does not have a formal process for evaluating the criteria used by lenders. SBA does not have a formal process for evaluating the criteria used by lenders. SBA does not have a formal process for evaluating the criteria
TTFT (blend_recompute, 不含预计算): 266.35 ms
  选点 1597 tokens / 678 runs, selection=27.08 ms, recompute=40.20 ms
blend_recompute_headwise 输出:
The report assesses the implementation of the 7(a) loan program by SBA. It reviews the credit elsewhere requirement, which requires borrowers to demonstrate that they have not obtained credit elsewhere at reasonable terms and conditions. The report found that lenders are required to document whether they have made a determination of credit elsewhere, but the documentation is not required to be submitted to SBA. Lenders are required to submit documentation of credit elsewhere to SBA if they have a loan in which the borrower does not meet the criteria for a 7(a) loan. The report found that the credit elsewhere requirement has not been consistently applied by lenders. In fiscal year 2016, the credit elsewhere requirement was not applied to 40 percent of 7(a) loans, according to SBA. The report recommends that SBA require lenders to document their credit elsewhere determination and provide SBA with documentation on how lenders use the credit elsewhere criteria. The report also recommends that SBA collect and analyze information on lenders' use of the credit elsewhere criteria. The report found that SBA did not routinely collect information on lenders' use of the credit elsewhere criteria, and the credit elsewhere criteria are not used consistently. The report recommends that SBA collect and analyze information on lenders' use of the credit elsewhere criteria to better understand lenders' practices. The report also recommends that SBA improve its oversight of lenders' compliance with the credit elsewhere requirement and analyze trends in lenders' practices related to the credit elsewhere requirement. The report found that SBA did not routinely collect information on lenders' use of the credit elsewhere criteria, and the credit elsewhere criteria are not used consistently. The report recommends that SBA collect and analyze information on lenders' use of the credit elsewhere criteria to better understand lenders' practices. The report also recommends that SBA improve its oversight of lenders' compliance with the credit elsewhere requirement and analyze trends in lenders' practices related to the credit elsewhere requirement. The report found that SBA did not routinely collect information on lenders' use of the credit elsewhere criteria, and the credit elsewhere criteria are not used consistently. The report recommends that SBA collect and analyze information on lenders' use of the credit elsewhere criteria to better understand lenders' practices. The report also recommends that SBA improve its oversight of lenders' compliance with the credit elsewhere requirement and analyze trends in lenders' practices related to the credit elsewhere requirement. The report found that SBA did not routinely collect information on lenders' use of the credit elsewhere criteria, and the credit elsewhere criteria are not used consistently. The report
TTFT (blend_recompute_headwise, 不含预计算): 17267.98 ms
  选中 1597 个 token-head 对 / 605 runs, selection=27.27 ms, recompute=17121.64 ms
标准答案:
SBA's 7(a) program is required to serve creditworthy small business borrowers who cannot obtain credit through a conventional lender at reasonable terms. The Joint Explanatory Statement of the Consolidated Appropriations Act, 2017 includes a provision for GAO to review the 7(a) program. This report discusses, among other things, (1) how SBA monitors lenders' compliance with the credit elsewhere requirement, (2) the extent to which SBA evaluates trends in lender credit elsewhere practices, and (3) lenders' views on the credit elsewhere criteria for 7(a) loans. GAO analyzed SBA data on 7(a) loans approved for fiscal years 2007–2016, the latest available, and reviewed literature on small business lending; reviewed standard operating procedures, other guidance, and findings from SBA reviews performed in fiscal year 2016; and interviewed lender associations and a nonrepresentative sample of 7(a) lenders selected that concentrated on larger lenders. For its 7(a) loan program, the Small Business Administration (SBA) has largely delegated authority to lenders to make 7(a) loan determinations for those borrowers who cannot obtain conventional credit at reasonable terms elsewhere. To monitor lender compliance with the “credit elsewhere” requirement SBA primarily uses on-site reviews conducted by third-party contractors with SBA participation and oversight, and other reviews. According to SBA guidance, lenders making 7(a) loans must take steps to ensure and document that borrowers meet the program's credit elsewhere requirement. However, GAO noted a number of concerns with SBA's monitoring efforts. Specifically, GAO found the following: Over 40 percent (17 of 40) of the on-site lender reviews performed in fiscal year 2016 identified lender noncompliance with the requirement. On-site reviewers identified several factors, such as weakness in lenders' internal control processes that were the cause for lender noncompliance. Most on-site reviewers did not document their assessment of lenders' policies or procedures, because SBA does not require them to do so. As a result SBA does not have information that could help explain the high noncompliance rate. Federal internal control standards state that management should design control activities, including appropriate documentation, and use quality information to achieve the entity's objectives. Without better information on lenders' procedures for complying with the documentation requirement, SBA may be limited in its ability to promote compliance with requirements designed to help ensure that the 7(a) program reaches its target population. SBA does not routinely collect or analyze information on the criteria used by lenders for credit elsewhere justifications. SBA recently began collecting some information on lenders' use of the criteria, but this information is limited, and SBA does not analyze the information that it does collect to better understand lenders' practices. Federal internal control standards state that management should use quality information to achieve the entity's objectives. Without more robust information and analysis, SBA may be limited in its ability to understand how lenders are using the credit elsewhere criteria and identify patterns of use by certain lenders that place them at a higher risk of not reaching borrowers who cannot obtain credit from other sources at reasonable terms. In general, representatives from 8 of 11 lenders that GAO interviewed stated that SBA's credit elsewhere criteria are adequate for determining small business eligibility for the 7(a) program. These criteria help them target their lending to small businesses that would otherwise have difficulty obtaining conventional credit because they are often new businesses or have a shortage of collateral. However, they also said that other factors—such as lender policies and economic conditions—can affect their decisions to offer 7(a) loans. In January 2018, SBA issued revised guidance for the 7(a) program and has provided training on this new guidance to lenders and trade associations. Lenders told GAO they are still in the process of understanding the new requirements. GAO recommends that SBA (1) require its on-site reviewers to document their assessment of lenders' policies and procedures related to the credit elsewhere documentation requirement, (2) collect information on lenders' use of credit elsewhere criteria, and (3) analyze that information to identify trends. SBA generally agreed with the recommendations.
ROUGE-L F1 (base vs ground_truth): 0.3358
ROUGE-L F1 (simple_concat_with_reposition vs ground_truth): 0.3244
ROUGE-L F1 (blend_recompute vs ground_truth): 0.2653
ROUGE-L F1 (blend_recompute_headwise vs ground_truth): 0.3377

----------------------------------------------------------------------
样本 13/20
context 前缀: Concerned that the federal government was more focused on program activities and...
模型输入前 40 词:
<|im_start|>user You are given a report by a government agency. Read the report carefully. Report: Concerned that the federal government was more focused on program activities and processes than the results to be achieved, Congress passed the Government Performance and ...
基线输出:
The report assesses the use of performance information by federal managers, focusing on changes from 2013 to 2017 and the extent to which agencies have adopted practices to improve performance. Key findings include:

- Managers' reported use of performance information did not improve significantly since 2013, with some agencies declining. 

- Data-driven reviews were positively associated with higher use of performance information, particularly for managers familiar with them.

- Agencies' use of performance information varied widely, with some showing notable increases or declines. 

- Recommendations include directing OMB to improve data-driven reviews and sharing proven practices for their use.

- The report emphasizes the need for more actions to enhance the use of performance information within agencies and across the federal government.

- The survey was conducted among managers at 24 CFO Act agencies, using a stratified random sample.
TTFT (base): 2317.50 ms
simple_concat 输出:
### Summary of the Report

The report assesses the extent to which federal agencies are using performance information to improve the use of performance information in the federal government. The report finds that agencies are making progress in some areas, but significant challenges remain. Specifically, the survey of 4, 395 federal managers found that managers in federal agencies are generally using performance information to make decisions. However, there are some areas where there is room for improvement, including the use of data-driven reviews and the use of data to improve the use of performance information. The survey also found that managers reported a mixed bag of results on 2017 survey questions related to the use of performance information, with some agencies reporting that their managers’ use of performance information has improved, while others report that it has not. The report also notes that while agencies have taken actions to improve the use of performance information, such as implementing data-driven reviews, but these actions have not yet been fully implemented. The report concludes that agencies should focus on implementing these actions, particularly data-driven reviews and data-driven reviews to improve the use of performance information and to ensure that performance information is used for decision making. The report also recommends that OMB and the Performance Improvement Council should work with agencies to develop a strategy to improve the use of performance information, including identifying and sharing proven practices for improving performance information use, as well as addressing challenges that agencies face in using performance information.

Summary of the report:

The report aims to assess the extent to which federal agencies are utilizing performance information to improve the use of performance information within the federal government. The survey of 4, 395 federal managers found that managers in federal agencies are generally using performance information to make decisions. However, there are still areas where improvements are needed, such as the use of data-driven reviews and the use of data to improve the use of performance information. The report found that agencies have taken actions to improve the use of performance information, but these actions have not yet been fully implemented. The report recommends that agencies should focus on implementing these actions, particularly data-driven reviews and data-driven reviews to improve the use of performance information and to ensure that performance information is used for decision making. The report also recommends that OMB and the Performance Improvement Council work with agencies to develop a strategy to improve the use of performance information, including identifying and sharing proven practices for improving performance information use, as well as addressing challenges that agencies face in using performance information. The results of the survey are presented in detail in the report. The findings
TTFT (simple_concat, 不含预计算): 114.74 ms
blend_recompute 输出:
### Summary of the Report

The report, "Managing for Results: Federal Managers’ Use of Performance Information," assesses the current state of performance information usage in the federal government. The report analyzes the use of performance information by federal managers, specifically focusing on the use of performance information by managers and managers’ perceptions of their own performance information practices. Key findings include:

1. **Survey Results:**
   - Managers reported that they use performance information in their decision-making processes. 
   - Managers who reported using performance information in their decision-making were more likely to report that they have a performance information system, have a performance management system, and that their agencies use performance information to help them make decisions.
   - The use of performance information is higher at the agency level than at the individual level.
   - The use of performance information is higher at the agency level than at the individual level.
   - The use of performance information is higher at the agency level than at the individual level.
   - The use of performance information is higher at the agency level than at the individual level.
   - The use of performance information is higher at the agency level than at the individual level.
   - The use of performance information is higher at the agency level than at the individual level.
   - The use of performance information is higher at the agency level than at the individual level.
   - The use of performance information is higher at the agency level than at the individual level.
   - The use of performance information is higher at the agency level than at the individual level.
   - The use of performance information is higher at the agency level than at the individual level.
   - The use of performance information is higher at the agency level than at the individual level.
   - The use of performance information is higher at the agency level than at the individual level.
   - The use of performance information is higher at the agency level than at the individual level.
   - The use of performance information is higher at the agency level than at the individual level.
   - The use of performance information is higher at the agency level than at the individual level.
   - The use of performance information is higher at the agency level than at the individual level.
   - The use of performance information is higher at the agency level than at the individual level.
   - The use of performance information is higher at the agency level than at the individual level.
   - The use of performance information is higher at the agency level than at the individual level.
   - The use of performance information is higher at the
TTFT (blend_recompute, 不含预计算): 176.85 ms
  选点 1690 tokens / 751 runs, selection=25.55 ms, recompute=32.88 ms
blend_recompute_headwise 输出:
# Summary of the Report

## Purpose
The purpose of the report is to assess the use of performance information by federal managers and to identify opportunities to improve the use of performance information at federal agencies.

## Methods
The report uses data from a survey of federal managers to assess the use of performance information. The survey includes 11 questions related to leading practices for using performance information. The report analyzes the survey results and compares them to previous results from 2013.

## Key Findings
- The survey results show that the use of performance information by managers has not improved significantly over the past five years.
- The survey results show that managers are less likely to use performance information to make decisions than they were in 2013.
- Managers report that they use performance information to make decisions more frequently than they use it to improve the use of performance information.

## Recommendations
- The President’s Management Agenda and its related CAP goal to leverage data as a strategic asset present an opportunity to improve the use of performance information.
- The government should work with agencies to identify and share proven practices for increasing the use of performance information.
- The government should provide agencies with tools and training to improve the use of performance information.

## Conclusion
The report found that managers are less likely to use performance information to improve the use of performance information than to make decisions. The government should work with agencies to improve the use of performance information and share proven practices.
TTFT (blend_recompute_headwise, 不含预计算): 19541.04 ms
  选中 1690 个 token-head 对 / 679 runs, selection=28.19 ms, recompute=19381.16 ms
标准答案:
To reform the federal government and make it more efficient and effective, agencies need to use data about program performance. The benefit of collecting performance information is only fully realized when it is used by managers to make decisions aimed at improving results. GAO was asked to review agencies' use of performance information. This report assesses, among other things, the extent to which: (1) 24 agencies' reported use of performance information and related leading practices has changed since 2013 and (2) the Executive Branch has taken actions to enhance the use of performance information. To address the first objective, GAO analyzed results from its 2017 survey of federal managers, and compared them to 2013 results. The survey covered a stratified random sample of 4,395 managers from the 24 Chief Financial Officers Act agencies. The survey had a 67 percent response rate and results can be generalized to the population of managers government-wide and at each agency. For the second objective, GAO reviewed agency documents and interviewed staff from OMB and the PIC. Agencies' reported use of performance information to make decisions, and leading practices that can promote such use, generally has not improved since GAO's last survey of federal managers in 2013. However, GAO's survey results continue to point to certain practices that could help agencies improve managers' use of performance information. For example, as shown in the table below, GAO's survey found that managers whose programs were subject to data-driven reviews (regular reviews used to assess progress on select agency goals) to a greater extent reported statistically significantly greater use of performance information to make decisions. The Executive Branch has begun taking steps to improve the use of performance information within agencies and across the government. For example, In the President's Management Agenda and government-wide reform plan, released in March and June 2018 respectively, the administration acknowledged the need to do more, and announced a goal, among other actions, to improve the use of data in federal decision making. However, the Office of Management and Budget (OMB) and others responsible for this goal have yet to fully develop action plans to hold agencies accountable for achieving it. The Performance Improvement Council (PIC), which is chaired by OMB, has undertaken efforts to improve the use of performance information by, for example, creating a working group on agency performance reviews. But it has not yet taken a systematic approach to identify and share proven practices that led to, or challenges that may be hampering, increased use of performance information by managers. GAO's survey results identified agencies that may have insights into such practices and challenges. More fully developing action plans for the new goal, and identifying and sharing proven practices and challenges, could help ensure the Executive Branch takes further steps to improve the use of performance information by managers within agencies and across the federal government. To improve the use of performance information within agencies and across the federal government, GAO recommends that OMB work with (1) fellow goal leaders to more fully develop action plans for the new goal to improve the use of data and (2) the PIC to prioritize efforts to identify and share proven practices and challenges. OMB had no comments on this report.
ROUGE-L F1 (base vs ground_truth): 0.2892
ROUGE-L F1 (simple_concat_with_reposition vs ground_truth): 0.3575
ROUGE-L F1 (blend_recompute vs ground_truth): 0.2006
ROUGE-L F1 (blend_recompute_headwise vs ground_truth): 0.2831

----------------------------------------------------------------------
样本 14/20
context 前缀: Implementing Telework: The Telework Enhancement Act of 2010 (the Act) establishe...
模型输入前 40 词:
<|im_start|>user You are given a report by a government agency. Read the report carefully. Report: Implementing Telework: The Telework Enhancement Act of 2010 (the Act) establishes telework implementation requirements for agencies, including, for example, that each agency designate a Telework ...
基线输出:
<report summary>

The report examines how 23 civilian Chief Financial Officer (CFO) Act agencies reported using telework in office space planning. It identifies the specific ways selected agencies and GSA used telework in their office space planning and the challenges agencies faced in using telework in space planning. The report recommends that the Administrator of General Services develop guidance including how agencies can use telework as a strategic space-planning tool and complete the Workplace Investment and Feasibility Tool.
TTFT (base): 1701.62 ms
simple_concat 输出:
The Federal Government of the United States, including the U.S. Department of Homeland Security, has been using telework as a strategy to reduce space usage and associated costs. The U.S. General Services Administration (GSA) is responsible for overseeing federal real estate planning for the government, including the federal government’s space planning. The report discusses the implementation of telework and space planning in federal agencies. It provides information on the challenges agencies face in implementing telework and space planning, including space-planning tools and strategies. The report also identifies the space-planning tools and strategies used by GSA, the Department of Homeland Security (DHS), the Department of Health and Human Services (HHS), and the Department of Justice (DOJ) to reduce space usage and space-planning challenges. The report also highlights the use of telework as a strategic space-planning tool and the challenges agencies face in using telework in space planning. The report also identifies the challenges agencies face in using telework in space planning, such as the need for training and the challenges of implementing space-planning policies and procedures. The report also identifies the challenges of managing change in space planning and the importance of management buy-in. The report recommends that agencies should consider using telework as a space-planning tool and that agencies should consider the benefits of space-planning tools and strategies, including telework, in their space-planning efforts. The report also recommends that agencies should consider the challenges of space-planning and the importance of management buy-in in their space-planning efforts. The report also recommends that agencies should consider the challenges of managing change in space planning and the importance of management buy-in in their space-planning efforts. The report recommends that agencies should consider the benefits of telework and telework as a strategic space-planning tool. The report recommends that agencies should consider the challenges of managing change in space planning and the importance of management buy-in in their space-planning efforts. The report recommends that agencies should consider the benefits of telework and telework as a strategic space-planning tool. The report recommends that agencies should consider the challenges of managing change in space planning and the importance of management buy-in in their space-planning efforts. The report recommends that agencies should consider the benefits of telework and telework as a strategic space-planning tool. The report recommends that agencies should consider the challenges of managing change in space planning and the importance of management buy-in in their space-planning efforts. The report recommends that agencies should consider the benefits of telework and tele
TTFT (simple_concat, 不含预计算): 84.73 ms
blend_recompute 输出:
The Federal Government of the United States, including the U.S. Department of Homeland Security, has been using telework as a strategy to reduce space usage and associated costs. The U.S. General Services Administration (GSA) is responsible for managing federal real estate for the federal government and has taken steps to promote telework as a strategic space-planning tool to reduce space and reduce costs. GSA has developed a telework policy and has a formalized telework policy, which outlines the use of telework in a variety of settings. However, the GSA’s telework policy is not comprehensive, and telework is not yet widely adopted by agencies. GSA’s efforts to increase telework have been hampered by a lack of information and resources to assist agencies in using telework as a strategic space-planning tool, including telework as a space-planning tool. The Federal Government has a range of space-planning tools and resources available to help agencies reduce space usage and space costs. However, GSA’s space-planning tools and resources do not include telework as a strategic tool. The GSA’s space-planning tools include space planning software and space-planning tools, and GSA has developed a tool that helps agencies quantify the benefits and costs of telework. GSA’s space-planning tools are not comprehensive and do not address the challenges agencies face in using telework as a strategic space-planning tool. We recommend that the General Services Administration (GSA) develop a space-planning tool that explicitly includes telework as a strategic tool. GSA should also develop a tool that helps agencies quantify the benefits and costs of telework as a strategic tool. GSA should also develop a space-planning tool that can be used to identify the benefits and costs of telework as a strategic tool for space planning. The Department of Homeland Security has also been using telework as a strategy to reduce space usage and associated costs. The Department of Homeland Security (DHS) is responsible for providing information and services to protect the nation against foreign and domestic threats, hazards, and security risks to personnel and assets. The Department’s telework policy is more comprehensive than GSA’s telework policy and is based on a framework of space planning, which includes telework. The Department’s telework policy is used by the Department to improve space efficiency and reduce space costs. The Department’s telework policy is not yet widely adopted by agencies. The Department has a range of space-planning tools and resources available to help agencies reduce space usage and
TTFT (blend_recompute, 不含预计算): 151.28 ms
  选点 1325 tokens / 605 runs, selection=20.18 ms, recompute=31.03 ms
blend_recompute_headwise 输出:
**Summary of the Report**

**Purpose:** This report examines the use of telework as a space-planning tool by civilian CFO Act agencies and the challenges they face in implementing telework. The report identifies key space-planning challenges and provides recommendations to improve space utilization.

**Methods:**
- Surveyed 23 civilian CFO Act agencies
- Conducted interviews with agency officials
- Visited four sub-agency locations
- Analyzed telework guidance and space-planning documents
- Conducted a content analysis of telework case studies and space-planning documents

**Key Findings:**
- Agencies face challenges in using telework as a space-planning tool, including:
  - Human capital issues
  - Suitability of telework for mission requirements
  - Challenges in measuring cost savings
- Agencies use telework to reduce space and improve efficiency
- Agencies lack specific guidance on using telework in space-planning
- Agencies face challenges in obtaining management buy-in for telework
- Agencies need to address challenges in space-planning and telework implementation

**Recommendations:**
- Develop guidance on using telework as a space-planning tool
- Complete the Workplace Investment and Feasibility Tool
- Identify additional information, resources, or guidance for space-planning and telework

**Conclusion:**
The report highlights the importance of telework as a space-planning tool and the challenges agencies face in implementing it. It recommends developing guidance and tools to improve space utilization and telework implementation.
TTFT (blend_recompute_headwise, 不含预计算): 14751.09 ms
  选中 1325 个 token-head 对 / 532 runs, selection=20.95 ms, recompute=14642.84 ms
标准答案:
Federal agencies are exploring ways to use telework as a tool to reduce the federal footprint and use space more efficiently. GAO was asked to examine the effects of telework on agencies' space-planning efforts. In this report, GAO reviewed: (1) how the 23 civilian CFO Act agencies reported using telework in office space planning; (2) the specific ways selected agencies and GSA used telework in their office space planning; and (3) any challenges the civilian CFO Act agencies faced in using telework in office space planning. GAO surveyed all 23 civilian CFO Act agencies, analyzed each agency's space-planning documents, and Real Property Efficiency Plans . GAO reviewed four agencies in greater detail based on analysis of telework data and other factors. For those four agencies GAO conducted site visits, interviewed officials, and analyzed agency documents. GAO also identified challenges agencies faced in using telework in space planning, based on survey results, agency documents, and interviews. The 23 civilian Chief Financial Officer (CFO) Act agencies reported various ways of considering and using telework as a space-planning tool, by, for example, implementing desk-sharing for employees who telework in order to relinquish leased space, or increasing the number of staff working in an existing space without increasing its size. All of the 23 agencies discussed telework in the context of space planning and achieving greater space efficiencies in either their space-planning documents or Real Property Efficiency Plans . The agencies that used telework as a space-planning tool generally reported implementing smaller or unassigned workstations. Three of the four agencies GAO reviewed in greater detail––the General Services Administration (GSA); the Office of Justice Programs at the Department of Justice; the Centers for Disease Control at the Department of Health and Human Services; and the Bureau of the Fiscal Service at the Department of the Treasury––leveraged telework to reduce or use office space more efficiently. For example, GSA and the Office of Justice Programs used telework to accommodate more employees in a smaller office space as illustrated in figure 1 below. The Centers for Disease Control used telework to accommodate more employees in the same amount of space. The Bureau of the Fiscal Service reduced space without telework by reducing the size of individual workstations. The 23 civilian CFO Act agencies reported several challenges in using telework to reduce space including human capital issues, mission suitability, and measuring cost savings attributable to telework. About two-thirds of the agencies said they would find it helpful to have additional information, assistance, or resources in using telework as a space-planning tool. GSA provides guidance to improve space utilization. However, GAO found that GSA last developed relevant formal guidance in 2006. This information, and that on GSA's telework and space-planning websites, was neither specific nor detailed and therefore of limited assistance to agencies that would like to use telework as a space-planning tool. Additionally, GSA's space-planning tool—the Workplace Investment and Feasibility Tool, intended to help agencies quantify the benefits and costs of telework––remains under development after more than 4 years, and GSA officials have not decided whether to make the tool available to other federal agencies. As such, agencies reported that they lack adequate guidance to determine how best to reduce space or use it more efficiently, and how to assess the benefits and costs of using telework in space planning. GSA concurred with recommendations that GSA should: (1) develop guidance on how agencies can use telework as a strategic space-planning tool and make this guidance readily available and (2) complete and make the Workplace Investment and Feasibility Tool available to federal agencies for use in assessing the benefits and costs of telework.
ROUGE-L F1 (base vs ground_truth): 0.2951
ROUGE-L F1 (simple_concat_with_reposition vs ground_truth): 0.2442
ROUGE-L F1 (blend_recompute vs ground_truth): 0.2593
ROUGE-L F1 (blend_recompute_headwise vs ground_truth): 0.2550

----------------------------------------------------------------------
样本 15/20
context 前缀: IT systems supporting federal agencies and our nation’s critical infrastructures...
模型输入前 40 词:
<|im_start|>user You are given a report by a government agency. Read the report carefully. Report: IT systems supporting federal agencies and our nation’s critical infrastructures are inherently at risk. These systems are highly complex and dynamic, technologically diverse, and often ...
基线输出:
The report provides an in-depth analysis of cybersecurity challenges facing the United States, highlighting vulnerabilities in federal IT systems, critical infrastructure protection, and privacy concerns. Key findings include:

- IT systems supporting federal agencies and critical infrastructure are inherently at risk due to their complexity and interconnectedness.
- Challenges persist in establishing a comprehensive cybersecurity strategy, securing federal systems and information, protecting cyber critical infrastructure, and ensuring privacy and PII protection.
- Recommendations include developing a more comprehensive federal strategy, addressing global supply chain risks, improving cybersecurity workforce management, enhancing cyber incident response, and prioritizing efforts to protect privacy and PII.

</think>
TTFT (base): 5187.11 ms
simple_concat 输出:
### Summary of the report:

The report "Federal Government Cybersecurity: Strengthening Federal Cybersecurity: A Review of Selected Agencies’ Cybersecurity Programs" is a report that evaluates the cybersecurity efforts of 20 federal agencies, including the Department of Homeland Security (DHS), Department of Defense (DOD), Department of Defense (DOD), Department of Commerce (DOD), Department of Transportation (DOT), Department of Transportation (DOT), Department of Health and Human Services (DHS), Department of Homeland Security (DHS), and the Department of Education (DOE). The report highlights the following key points:

1. **Overview:**
The report evaluates the cybersecurity efforts of 24 federal agencies in the federal government, including the DOD, DOD, DHS, DOT, DOD, and DHS, and the Department of Health and Human Services (DHS) and Department of Education (DOE). It aims to assess the agencies' cybersecurity programs and assess the status of their cybersecurity strategies.

2. **Key Findings:**
   - **DHS:**
     - DHS has made progress in establishing a cybersecurity program for critical infrastructure security, but there are still gaps in the implementation of the Cybersecurity Framework, including a lack of a cybersecurity strategy, and the need for additional cybersecurity workforce development.
   - DHS has not fully implemented the Cybersecurity Framework for all 16 sectors.
   - The department has not addressed the risks associated with the implementation of the Framework for the Department of Defense, the Department of Homeland Security, the Department of Education, and the Department of Transportation.
   - The department has not fully implemented the cybersecurity program for the Department of Homeland Security and the Department of Education.
   - DHS has not yet fully implemented the Cybersecurity Framework for the Department of Defense.
   - DHS has not fully implemented the Cybersecurity Framework for the Department of Defense.
   - DHS’s cybersecurity strategy for the Department of Defense has not been finalized.
   - DHS has not implemented the Cybersecurity Framework for the Department of Defense.
   - DHS has not implemented the Cybersecurity Framework for the Department of Education.
   - DHS has not implemented the Cybersecurity Framework for the Department of Transportation.
   - DHS has not implemented the Cybersecurity Framework for the Department of Health and Human Services.
   - DHS has not implemented the Cybersecurity Framework for the Department of Education.
   - DHS has not implemented the Cybersecurity Framework for the Department of Health and Human Services.
   - DHS has not implemented the Cybersecurity Framework for the
TTFT (simple_concat, 不含预计算): 159.45 ms
blend_recompute 输出:
### Summary of the report:

The report "Federal Government Cybersecurity: Key Challenges and Recommendations" is a comprehensive report that highlights several key cybersecurity challenges facing the federal government in the field of cybersecurity. The report identifies several key challenges, including the need for a comprehensive cybersecurity strategy, inadequate information sharing, and inadequate oversight of cybersecurity programs. The report notes that agencies have not yet fully implemented a cybersecurity strategy that is consistent with the National Cyber Strategy and other federal laws and policies. The report also notes that agencies are not effectively managing their cybersecurity efforts and have not addressed cybersecurity risks to critical infrastructure, including the need to address cybersecurity threats to federal agencies, such as the Department of Defense and the Department of Defense. The report also notes that agencies have not effectively managed cybersecurity risks to critical infrastructure, such as the National Security Agency, the Department of Homeland Security, and the Department of Homeland Security. The report recommends that agencies should develop and implement a comprehensive cybersecurity strategy that is consistent with the National Cybersecurity Strategy and other federal laws and policies. The report also recommends that agencies should address cybersecurity risks to critical infrastructure and critical infrastructure, and to ensure that cybersecurity programs are effective and well-managed. The report recommends that the Department of Homeland Security should take action to improve the effectiveness of its cybersecurity efforts, and that agencies should establish a cybersecurity workforce that is capable of addressing cybersecurity risks and developing a comprehensive cybersecurity strategy. The report also recommends that the Department of Homeland Security should establish a cybersecurity workforce that is capable of addressing cybersecurity risks and developing a comprehensive cybersecurity strategy. The report also recommends that the Department of Homeland Security should establish a cybersecurity workforce that is capable of addressing cybersecurity risks and developing a comprehensive cybersecurity strategy. The report also recommends that the Department of Homeland Security should establish a cybersecurity workforce that is capable of addressing cybersecurity risks and developing a comprehensive cybersecurity strategy. The report also recommends that the Department of Homeland Security should establish a cybersecurity workforce that is capable of addressing cybersecurity risks and developing a comprehensive cybersecurity strategy. The report also recommends that the Department of Homeland Security should establish a cybersecurity workforce that is capable of addressing cybersecurity risks and developing a comprehensive cybersecurity strategy. The report also recommends that the Department of Homeland Security should establish a cybersecurity workforce that is capable of addressing cybersecurity risks and developing a comprehensive cybersecurity strategy. The report also recommends that the Department of Homeland Security should establish a cybersecurity workforce that is capable of addressing cybersecurity risks and developing a comprehensive cybersecurity strategy. The report also recommends that the Department of Homeland Security should establish a cybersecurity workforce that is capable of addressing cybersecurity risks and developing a comprehensive cybersecurity strategy.
TTFT (blend_recompute, 不含预计算): 260.63 ms
  选点 2885 tokens / 1325 runs, selection=52.87 ms, recompute=30.87 ms
blend_recompute_headwise 输出:
The Federal Government’s Progress on Addressing Cybersecurity Challenges: An Update

Summary: In August 2018, GAO reported on the progress of the federal government in addressing cybersecurity challenges. We identified the following key findings and recommendations:

- The Department of Homeland Security (DHS) has not fully implemented its cybersecurity strategy, as required by the National Cybersecurity Protection Act of 2014 and the Cybersecurity Act of 2015. Specifically, we found that DHS had not implemented a comprehensive plan for cybersecurity. The department agreed with our recommendation to develop a comprehensive cybersecurity strategy, but had not yet implemented it.

- Agencies had not fully defined the role of their Chief Information Security Officers (CISOs), as required by the Federal Information Security Management Act of 2002. We recommended that DHS clarify the role of CISOs and ensure that they have a clear understanding of their responsibilities. However, as of August 2018, none of the recommendations had been implemented.

- The Department of Defense (DOD) and the Federal Aviation Administration (FAA) had not implemented the recommendations to address the cybersecurity challenges in their respective sectors. For example, DOD had not implemented the recommendations to improve the effectiveness of its cybersecurity program, and FAA had not implemented the recommendations to address the cybersecurity risks to critical infrastructure.

- The Department of Defense had not fully implemented the recommendations to address the cybersecurity risks to its information systems, such as the National Cybersecurity and Communications Integration Center (NCCIC) and the Department of Homeland Security (DHS)’s Cybersecurity Strategy.

- The National Institute of Standards and Technology (NIST) had not implemented the recommendations to improve the security of federal information systems and address the cybersecurity risks associated with the use of smart grid technology.

- The Department of Defense had not implemented the recommendations to address the cybersecurity risks to the electricity grid.

- The Department of Homeland Security had not implemented the recommendations to address the cybersecurity risks to the cyber infrastructure and the cybersecurity of federal information systems.

- The Department of Defense had not implemented the recommendations to address the cybersecurity risks to the cyber infrastructure and the cybersecurity of federal information systems.

- The Department of Defense had not implemented the recommendations to address the cybersecurity risks to the cyber infrastructure and the cybersecurity of federal information systems.

- The Department of Defense had not implemented the recommendations to address the cybersecurity risks to the cyber infrastructure and the cybersecurity of federal information systems.

- The Department of Defense had not implemented the recommendations to address the cybersecurity risks to the cyber
TTFT (blend_recompute_headwise, 不含预计算): 37602.62 ms
  选中 2885 个 token-head 对 / 1234 runs, selection=55.05 ms, recompute=37349.67 ms
标准答案:
Federal agencies and the nation's critical infrastructures—such as energy, transportation systems, communications, and financial services—are dependent on information technology systems to carry out operations. The security of these systems and the data they use is vital to public confidence and national security, prosperity, and well-being. The risks to these systems are increasing as security threats evolve and become more sophisticated. GAO first designated information security as a government-wide high-risk area in 1997. This was expanded to include protecting cyber critical infrastructure in 2003 and protecting the privacy of personally identifiable information in 2015. This report provides an update to the information security high-risk area. To do so, GAO identified the actions the federal government and other entities need to take to address cybersecurity challenges. GAO primarily reviewed prior work issued since the start of fiscal year 2016 related to privacy, critical federal functions, and cybersecurity incidents, among other areas. GAO also reviewed recent cybersecurity policy and strategy documents, as well as information security industry reports of recent cyberattacks and security breaches. GAO has identified four major cybersecurity challenges and 10 critical actions that the federal government and other entities need to take to address them. GAO continues to designate information security as a government-wide high-risk area due to increasing cyber-based threats and the persistent nature of security vulnerabilities. GAO has made over 3,000 recommendations to agencies aimed at addressing cybersecurity shortcomings in each of these action areas, including protecting cyber critical infrastructure, managing the cybersecurity workforce, and responding to cybersecurity incidents. Although many recommendations have been addressed, about 1,000 have not yet been implemented. Until these shortcomings are addressed, federal agencies' information and systems will be increasingly susceptible to the multitude of cyber-related threats that exist. GAO has made over 3,000 recommendations to agencies since 2010 aimed at addressing cybersecurity shortcomings. As of August 2018, about 1,000 still needed to be implemented.
ROUGE-L F1 (base vs ground_truth): 0.2333
ROUGE-L F1 (simple_concat_with_reposition vs ground_truth): 0.2071
ROUGE-L F1 (blend_recompute vs ground_truth): 0.2576
ROUGE-L F1 (blend_recompute_headwise vs ground_truth): 0.2533

----------------------------------------------------------------------
样本 16/20
context 前缀: With the passage of the NDAA in December 2016, PLCY is to be led by an Under Sec...
模型输入前 40 词:
<|im_start|>user You are given a report by a government agency. Read the report carefully. Report: With the passage of the NDAA in December 2016, PLCY is to be led by an Under Secretary for Strategy, Policy, and Plans, who is ...
基线输出:
The report examines the Leadership, Strategy, and Policy Office (PLCY) within the Department of Homeland Security (DHS). It highlights PLCY's role as the lead office for policy and strategy, leading, conducting, and coordinating DHS-wide and cross-cutting policy development and implementation. The report notes PLCY's responsibilities, including leading statutory responsibilities, representing DHS in interagency efforts, and self-initiated activities. It identifies challenges in PLCY's ability to lead and coordinate policies due to ambiguous roles and a lack of predictable, accountable, and repeatable procedures. The report recommends that DHS finalize a delegation of authority or similar document to clearly define PLCY's missions, roles, and responsibilities, create processes and procedures to implement these, and use the DHS Workforce Planning Guide to identify and address workforce gaps. The report also recommends enhancing collaboration and communication mechanisms between PLCY and operational components to better identify and address emerging policy and strategy needs.
TTFT (base): 1655.65 ms
simple_concat 输出:
The report "Report on the Performance and Management of the Office of Policy and Strategy within the Department of Homeland Security (PLCY) and the Office of the Secretary" is a comprehensive review of the Office of Policy and Strategy (PLCY) and the Office of the Secretary (PLCY) of the Department of Homeland Security (DHS). The report was prepared by the Government Accountability Office (GAO) in collaboration with PLCY officials, and was published on May 10, 2018. The report highlights several key findings and recommendations for improving the performance and management of PLCY and the Office of the Secretary. Here is a summary of the report's purpose, key findings, and recommendations:

### Purpose:
The purpose of the report is to assess the performance and management of the Office of Policy and Strategy (PLCY) and the Office of the Secretary of the Department of Homeland Security (PLCY). The report aims to provide an assessment of the current state of these offices, their effectiveness, and their ability to support the DHS mission. The report also aims to identify areas for improvement and offers recommendations to improve performance and management of these offices.

### Key Findings:

1. **Strategic Planning Efforts:**
   - PLCY is a key office within the Department of Homeland Security that is responsible for developing, coordinating, and coordinating policy and strategy. The report notes that PLCY has a broad mandate and is responsible for leading, coordinating, and coordinating policies and strategies across the department.
   - PLCY officials noted that they have not always been able to effectively lead, coordinate, and coordinate policies and strategies across the department due to the lack of a clear definition of roles and responsibilities for PLCY.
   - PLCY has not yet developed a clear and effective policy planning process that ensures that PLCY’s staff and the other DHS components work together in a coordinated manner.
   - PLCY has not been able to effectively communicate its role and responsibilities to the Department of Homeland Security (DHS) leadership.
   - PLCY officials noted that the lack of a clear definition of PLCY’s role and responsibilities has resulted in a lack of alignment with DHS’s strategic goals and objectives.
   - PLCY has not been able to ensure that the policies and strategies developed by PLCY are effectively implemented across all DHS components.

2. **Policy and Strategy Development and Coordination:**
   - PLCY officials noted that PLCY’s efforts to lead, coordinate, and coordinate policies and strategies have been hampered by a lack of clear policies
TTFT (simple_concat, 不含预计算): 85.79 ms
blend_recompute 输出:
The report "Report on the Performance and Management of the Office of Policy and Strategy within the Department of Homeland Security (PLCY) and the Office of the Secretary" is a comprehensive review of the Office of Policy and Strategy (PLCY) and the Office of the Secretary (PLCY) of the Department of Homeland Security (DHS). The report was prepared by the Government Accountability Office (GAO) in collaboration with the Office of the Chief Information Officer (PLCY) and the Office of Management and Budget (OMB). The purpose of the report is to evaluate the performance and management of PLCY, including its organizational structure, leadership, and the effectiveness of the Office of the Secretary (PLCY) in aligning with the DHS mission and the DHS Strategic Plan. The report highlights several key findings and recommendations. 

**Key Findings:**

1. **PLCY’s Mission and Role:**
   - PLCY’s mission is to provide strategic direction, policy development, and policy coordination for DHS.
   - It is responsible for the development and implementation of policy and strategy to support DHS’s mission and strategic plan.

2. **Leadership and Structure:**
   - PLCY officials acknowledged that PLCY’s organizational structure is well-established, but they also noted that PLCY officials and staff are not always aligned in terms of their understanding of their roles and responsibilities.
   - PLCY has a mission to support DHS’s mission and strategic plan, but PLCY officials are often unsure about the extent to which PLCY’s work aligns with the mission and strategic plan.

3. **Staffing and Capacity:**
   - PLCY has a need for more staff and resources, particularly for policy and strategy roles.
   - PLCY officials have not yet fully aligned the workforce with PLCY’s mission and strategic plan, and PLCY officials noted that there is a need to ensure that PLCY’s workforce is aligned with the department’s strategic priorities.
   - PLCY officials have identified that PLCY’s efforts to lead, conduct, and coordinate policy and strategy are hampered by a lack of clear roles and responsibilities.
   - PLCY officials acknowledged that PLCY does not have a consistent process and procedures for developing and implementing policies and strategies, and PLCY officials have not yet developed a systematic approach to identify, analyze, and address emerging policy and strategy needs.
   - PLCY officials have not developed a systematic approach to identifying, analyzing, and addressing emerging policy and strategy needs.

4. **Collaboration and Collaboration:**
   - PLC
TTFT (blend_recompute, 不含预计算): 116.94 ms
  选点 1135 tokens / 503 runs, selection=16.27 ms, recompute=25.15 ms
blend_recompute_headwise 输出:
The report assesses the Department of Homeland Security's (DHS) Homeland Security Policy and Strategy Office (PLCY) in terms of its workforce planning and policy development capabilities. PLCY, established in 2010, is responsible for developing and coordinating policies and strategies within DHS. The report identifies several challenges and opportunities for PLCY's workforce planning and policy development efforts. Key findings include:

- PLCY's role is critical for ensuring DHS's mission alignment and policy harmonization. However, PLCY's leadership and coordination mechanisms are lacking, leading to inconsistent communication and collaboration. PLCY lacks a clear process for identifying and addressing workforce gaps, and its workforce planning is not systematically aligned with DHS's strategic priorities.

- PLCY officials suggested that PLCY's role is unclear and that there are no clear mechanisms for leadership, coordination, and communication. PLCY officials noted that PLCY does not have a consistent process for strategy development and policymaking and that PLCY has not been able to effectively coordinate with other DHS components. PLCY officials acknowledged that PLCY has not been able to address workforce gaps and that PLCY lacks a consistent process for workforce planning.

- PLCY officials suggested that PLCY should develop a mechanism to identify and address workforce gaps and that PLCY should establish processes and procedures for its strategy development and policymaking efforts. PLCY officials also suggested that PLCY should use the DHS Workforce Planning Guide to identify and address workforce gaps and that PLCY should be able to communicate the results of these efforts to DHS leadership.

- PLCY officials suggested that PLCY should use the DHS Workforce Planning Guide to identify and address workforce gaps and that PLCY should be able to communicate the results of these efforts to DHS leadership. PLCY officials also suggested that PLCY should use the DHS Workforce Planning Guide to identify and address workforce gaps and that PLCY should be able to communicate the results of these efforts to DHS leadership.

- PLCY officials suggested that PLCY should use the DHS Workforce Planning Guide to identify and address workforce gaps and that PLCY should be able to communicate the results of these efforts to DHS leadership. PLCY officials also suggested that PLCY should use the DHS Workforce Planning Guide to identify and address workforce gaps and that PLCY should be able to communicate the results of these efforts to DHS leadership.

- PLCY officials suggested that PLCY should use the DHS Workforce Planning Guide to identify and address workforce gaps and that PLCY should be able to communicate the results of these efforts to DHS leadership. PLCY officials
TTFT (blend_recompute_headwise, 不含预计算): 12442.44 ms
  选中 1135 个 token-head 对 / 443 runs, selection=17.94 ms, recompute=12348.30 ms
标准答案:
GAO has designated DHS management as high risk because of challenges in building a cohesive department. PLCY supports cohesiveness by, among other things, coordinating departmentwide policy and strategy. In the past, however, questions have been raised about PLCY's efficacy. In December 2016, the NDAA codified PLCY's organizational structure, roles, and responsibilities. GAO was asked to evaluate PLCY's effectiveness. This report addresses the extent to which (1) DHS established an organizational structure and processes and procedures that position PLCY to be effective, (2) DHS and PLCY have ensured alignment of workforce with priorities, and (3) PLCY has engaged relevant component staff to help identify and respond to emerging needs. GAO analyzed the NDAA, documents describing specific responsibilities, and departmentwide policies and strategies. GAO also interviewed officials in PLCY and all eight operational components. According to our analysis and interviews with operational components, the Department of Homeland Security's (DHS) Office of Strategy, Policy, and Plans' (PLCY) organizational structure and efforts to lead and coordinate departmentwide and crosscutting strategies—a key organizational objective–have been effective. For example, PLCY's coordination efforts for a strategy and policy executive steering committee have been successful, particularly for strategies. However, PLCY has encountered challenges leading and coordinating efforts to develop, update, or harmonize policies that affect multiple DHS components. In large part, these challenges are because DHS does not have clearly-defined roles and responsibilities with accompanying processes and procedures to help PLCY lead and coordinate policy in a predictable, repeatable, and accountable manner. Until PLCY's roles and responsibilities for policy are more clearly defined and corresponding processes and procedures are in place, situations where the lack of clarity hampers PLCY's effectiveness in driving policy are likely to continue. Development of a delegation of authority, which involves reaching agreement about PLCY's roles and responsibilities and clearly documenting them, had been underway. However, it stalled due to changes in department leadership. As of May 2018, the effort had been revived, but it is not clear whether and when DHS will finalize it. PLCY does some workforce planning as part of its annual budgeting process, but does not systematically apply key principles of the DHS Workforce Planning Guide to help ensure that PLCY's workforce aligns with its and DHS's priorities and goals. According to PLCY officials, the nature of its mission requires a flexible staffing approach. As such, a portion of the staff functions as generalists who can be assigned to meet the needs of different situations, including unexpected changing priorities due to an emerging need. However, shifting short-term priorities requires tradeoffs, which may divert attention and resources from longer-term priorities. As of June 5, 2018, PLCY also had a number of vacancies in key leadership positions, which further limited attention to certain priorities. According to PLCY officials, PLCY recently began a review to identify the office's authorities in the National Defense Authorization Act for Fiscal Year 2017 (NDAA) and other statutes, compare these authorities to the current organization and operations, and address any workforce capacity gaps. Employing workforce planning principles—in particular, systematic identification of workforce demand, capacity gaps, and strategies to address them—consistent with the DHS Workforce Planning Guide could better position PLCY to use its workforce as effectively as possible under uncertain conditions and to communicate effectively with DHS leadership about tradeoffs. Officials from PLCY and DHS operational components praised existing mechanisms to coordinate and communicate at the senior level, especially about strategy, but component officials identified opportunities to better connect PLCY and component staff to improve communication flow about emerging policy and strategy needs. Among the ideas offered by component officials to enhance communication and collaboration were holding routine small-group meetings, creating forums for periodic knowledge sharing, and maintaining accurate and up-to-date contact information for all staff-level stakeholders. GAO is making four recommendations. DHS concurred with three recommendations, including that DHS finalize a delegation of authority defining PLCY's roles and responsibilities and develop corresponding processes and procedures. DHS did not concur with a recommendation to apply the DHS Workforce Planning Guide to identify and communicate workforce needs. GAO believes this recommendation is valid as discussed in the report.
ROUGE-L F1 (base vs ground_truth): 0.2369
ROUGE-L F1 (simple_concat_with_reposition vs ground_truth): 0.2570
ROUGE-L F1 (blend_recompute vs ground_truth): 0.2545
ROUGE-L F1 (blend_recompute_headwise vs ground_truth): 0.2789

----------------------------------------------------------------------
样本 17/20
context 前缀: The Robert T. Stafford Disaster Relief and Emergency Assistance Act (Stafford Ac...
模型输入前 40 词:
<|im_start|>user You are given a report by a government agency. Read the report carefully. Report: The Robert T. Stafford Disaster Relief and Emergency Assistance Act (Stafford Act), as amended, establishes the process for states or tribal entities to request a ...
基线输出:
**Summary of the Report**

The report discusses the Robert T. Stafford Disaster Relief and Emergency Assistance Act (Stafford Act) and its implementation by the Federal Emergency Management Agency (FEMA). It covers the process for states or tribal entities to request a presidential disaster declaration, the federal government's role during the response and recovery, and the IA program, which provides financial and direct assistance to disaster victims. Key findings include:

- FEMA uses six IA regulatory factors to evaluate disaster declarations: concentration of damages, trauma, special populations, voluntary agency assistance, insurance coverage, and average amount of individual assistance by state.
- FEMA regional offices evaluate IA requests using the RVAR template, which lists elements related to each factor.
- States and tribes must provide information on these factors when submitting their IA declaration request.
- FEMA headquarters officials acknowledge that some regions may not document all elements of the IA regulatory factors due to subjective nature, lack of eligibility thresholds, and difficulty gathering information.
- FEMA is revising the IA regulatory factors to include state fiscal capacity and resource availability, uninsured home and personal property losses, disaster-impacted population profile, impact to community infrastructure, casualties, and disaster-related unemployment.
- The report recommends that FEMA evaluate why regions are not completing the Regional Administrator’s Validation and Recommendations for each element of the IA regulatory factors and take corrective steps, if necessary.

**Contact Information**

For more information, please contact:
- Aditi Archer (Assistant Director)
- Su Jin Yon (Analyst-In-Charge)
- Hiwotte Amare
- Eric Hauswirth
- Susan Hsu
- Jun S. (Joyce) Kang
- Christopher Keisling
- Heidi Nielson
- Hadley Nobles
- Anne Rhodes-Kline
- Jerome (Jerry) Sandau
TTFT (base): 992.00 ms
simple_concat 输出:
The report "Federal Assistance to Individuals and Households Affected by Natural Disasters: A Review of FEMA’s Individual Assistance Program" is a comprehensive analysis of the Federal Emergency Management Agency (FEMA)’s Individual Assistance (IA) program, focusing on the disaster declarations made by FEMA regions and states in the United States. The report aims to provide an in-depth examination of the IA program's effectiveness in disaster response, particularly in addressing the needs of individuals and households affected by disasters. The study involved 10 FEMA regions and 11 states, examining how states and tribes have reported on the IA declarations they have received and the factors considered by FEMA in making IA requests for disaster declarations. 

The report finds that while FEMA has provided significant assistance through the IA program, there are challenges in collecting and documenting information on the IA regulatory factors, which are critical for the IA declaration process. Key findings include:

1. **Challenges in Documenting IA Regulatory Factors**: FEMA headquarters officials acknowledged the subjective nature of the IA regulatory factors, noting that FEMA does not have a set threshold for the six regulatory factors and that FEMA regions do not consistently obtain and document all elements of these factors, which can lead to inconsistencies and inconsistencies in disaster declarations.

2. **Lack of Transparency**: Officials from FEMA regions and state emergency management officials expressed concerns about the lack of transparency in the IA declaration process, with FEMA not providing a clear rationale for denying IA declarations and the difficulty in providing a detailed rationale for denial.

3. **Data Collection Challenges**: FEMA officials stated that the data collection for IA declarations is resource-intensive and that the use of total taxable resources and per capita personal income as the basis for determining IA declarations is outdated and inaccurate, leading to difficulties in assessing a state's capacity to provide assistance.

4. **Regional Differences**: FEMA regions have different approaches to disaster declarations, with some states and tribes requiring state-level declarations and others requiring tribal-level declarations, which can complicate the process.

The report recommends that FEMA should evaluate the factors in the IA regulatory factors to ensure consistency and clarity, particularly in the IA declaration process, to better align with the IA regulatory factors and to provide more accurate and consistent information to states and tribes.

The report recommends that FEMA should also ensure that the data collection process for IA declarations is more transparent, and that FEMA should develop and provide guidance on the use of the six IA regulatory factors, and ensure that states and tribes are provided with adequate information and resources to prepare and submit IA declarations effectively. Additionally, the report recommends that FEMA should consider
TTFT (simple_concat, 不含预计算): 69.68 ms
blend_recompute 输出:
The report "Federal Assistance to Individuals and Households Affected by Natural Disasters: A Review of FEMA's Individual Assistance (IA) Program" examines the disaster declaration process for FEMA's Individual Assistance (IA) program, which is a critical part of FEMA's disaster relief efforts. The purpose of the report is to assess the process and identify areas for improvement in order to better support disaster recovery efforts. Key findings of the report include:

1. FEMA's IA program has been in place since 1988 and is designed to provide financial and direct assistance to individuals and households affected by disasters. It is crucial for FEMA to ensure that disaster declarations are made promptly and efficiently, as it affects the availability of assistance for those in need.

2. FEMA headquarters officials have developed a process for evaluating IA requests, which includes six regulatory factors: disaster losses, IA regulatory factors, and IA regulatory factors. The IA regulatory factors include factors related to disaster losses, IA regulatory factors related to the IA program, and IA regulatory factors related to the IA program.

3. FEMA headquarters officials have not yet finalized a proposed rule that would replace the six IA regulatory factors with the six IA regulatory factors, which FEMA regional offices have been using since 2012. The new regulation aims to provide more objective criteria and clarity in the IA declaration process.

4. The report notes that FEMA regions and states have varying levels of experience with the IA declaration process, with some states reporting that they are not familiar with the regulations and that FEMA should consider providing more detailed information on how the IA declaration process works.

5. FEMA headquarters officials have stated that FEMA does not have the resources to fully evaluate all IA declarations, as they have not collected information on all elements of the IA regulatory factors. Officials from 10 of the 11 states and 7 of the 10 FEMA regions stated that FEMA does not have the resources to evaluate all elements of the IA regulatory factors.

6. The report recommends that FEMA evaluate the reasons why regions are not collecting information on all elements of the IA regulatory factors and take corrective actions to address the challenges. This could involve providing guidance on how to evaluate the six IA regulatory factors and providing more detailed information on the IA declaration process to ensure consistency in the evaluation process and the types of factors considered by FEMA.
TTFT (blend_recompute, 不含预计算): 100.37 ms
  选点 806 tokens / 326 runs, selection=12.07 ms, recompute=25.68 ms
blend_recompute_headwise 输出:
The report assesses the disaster declaration and individual assistance (IA) processes of the Federal Emergency Management Agency (FEMA) across 11 states and one U.S. territory. It identifies several challenges in FEMA's IA process, including the subjective nature of the regulatory factors, lack of transparency in the evaluation process, and difficulty gathering information on IA regulatory factors. FEMA's regional offices are required to evaluate IA declarations and make recommendations to the President based on the six regulatory factors. FEMA headquarters officials noted that FEMA's regional offices are not consistently obtaining and documenting all elements of the IA regulatory factors. FEMA is working on developing a new template to address this issue. FEMA officials also stated that FEMA headquarters will review the states' or tribes' IA declaration requests and provide recommendations to the President based on the IA regulatory factors. FEMA officials stated that FEMA's regional offices are not consistently obtaining and documenting all elements of the IA regulatory factors. FEMA is working on developing a new template to address this issue. FEMA officials also stated that FEMA headquarters will review the states' or tribes' IA declaration requests and provide recommendations to the President based on the IA regulatory factors. FEMA officials stated that FEMA's regional offices are not consistently obtaining and documenting all elements of the IA regulatory factors. FEMA is working on developing a new template to address this issue. FEMA officials stated that FEMA headquarters will review the states' or tribes' IA declaration requests and provide recommendations to the President based on the IA regulatory factors. FEMA officials stated that FEMA's regional offices are not consistently obtaining and documenting all elements of the IA regulatory factors. FEMA is working on developing a new template to address this issue. FEMA officials stated that FEMA headquarters will review the states' or tribes' IA declaration requests and provide recommendations to the President based on the IA regulatory factors. FEMA officials stated that FEMA's regional offices are not consistently obtaining and documenting all elements of the IA regulatory factors. FEMA is working on developing a new template to address this issue. FEMA officials stated that FEMA headquarters will review the states' or tribes' IA declaration requests and provide recommendations to the President based on the IA regulatory factors. FEMA officials stated that FEMA's regional offices are not consistently obtaining and documenting all elements of the IA regulatory factors. FEMA is working on developing a new template to address this issue. FEMA officials stated that FEMA headquarters will review the states' or tribes' IA declaration requests and provide recommendations to the President based on the IA regulatory factors. FEMA officials stated that FEMA's regional offices are not consistently obtaining and documenting all elements of the IA regulatory factors. FEMA is
TTFT (blend_recompute_headwise, 不含预计算): 8139.75 ms
  选中 806 个 token-head 对 / 296 runs, selection=12.71 ms, recompute=8064.63 ms
标准答案:
FEMA's IA program provides help to individuals to meet their immediate needs after a disaster, such as shelter and medical expenses. When a state, U.S. territory, or tribe requests IA assistance through a federal disaster declaration, FEMA evaluates the request against regulatory factors, such as concentration of damages, and provides a recommendation to the President, who makes a final declaration decision. GAO was asked to review FEMA's IA declaration process. This report examines (1) the number of IA declaration requests received, declared, and denied, and IA actual obligations from calendar years 2008 through 2016, (2) the extent to which FEMA accounts for the regulatory factors when evaluating IA requests, and (3) any challenges FEMA regions and select states reported on the declaration process and factors and any FEMA actions to revise them. GAO reviewed FEMA's policies, IA declaration requests and obligation data, and FEMA's RVARs from July 2012 through December 2016, the most recent years for which data were available. GAO also reviewed proposed rulemaking comments and interviewed FEMA officials from all 10 regions and 11 state emergency management offices selected based on declaration requests and other factors. From calendar years 2008 through 2016, the Department of Homeland Security's (DHS) Federal Emergency and Management Agency (FEMA) received 294 Individual Assistance (IA) declaration requests from states, U.S. territories, and tribes to help individuals meet their immediate needs after a disaster. Of these, the President declared 168 and denied 126 requests. Across the various types of IA declaration requests, severe storms (190) were the most common disaster type and drought (1) was among the least common. FEMA obligated about $8.6 billion in IA for disaster declarations during this period. GAO found that FEMA regions did not consistently obtain and document information on all elements of established IA regulatory factors when making IA recommendations to headquarters. Following a declaration request, a FEMA region is to prepare a Regional Administrator's Validation and Recommendation (RVAR)—a document designed to include data on each of the six IA regulatory factors for each declaration request as well as the regional administrator's recommendation. GAO reviewed all 81 RVARs from July 2012—the date FEMA began using the new RVAR template—through December 2016. GAO found that regions did not consistently obtain and document information for the elements required under the six regulatory factors (see table). For example, only 44 of the 81 RVARs documented all elements under the concentration of damage factor. By evaluating why regions are not completing all elements of each current IA regulatory factor, FEMA could identify whether any corrective steps are needed. Officials from the 10 FEMA regions and 11 states GAO interviewed, reported positive relationships with each other, but also cited various challenges with the IA declaration process and regulatory factors. For example, these officials told GAO that there are no established minimum thresholds for IA, making final determinations more subjective and the rationale behind denials unclear. However, as required by the Sandy Recovery Improvement Act of 2013, FEMA has taken steps to revise the IA factors by issuing a notice of proposed rulemaking. According to FEMA, the proposed rule aims to provide more objective criteria, clarify the threshold for eligibility, and speed up the IA declaration process. As of April 2018, the proposed rule was still under consideration. According to FEMA officials, they plan to finalize the rule in late 2018; therefore, it is too early to know the extent to which it will address these challenges. GAO recommends that FEMA evaluate why regions are not completing the RVARs for each element of the current IA regulatory factors and take corrective steps, if necessary. DHS concurred with the recommendation.
ROUGE-L F1 (base vs ground_truth): 0.2787
ROUGE-L F1 (simple_concat_with_reposition vs ground_truth): 0.2863
ROUGE-L F1 (blend_recompute vs ground_truth): 0.2863
ROUGE-L F1 (blend_recompute_headwise vs ground_truth): 0.2545

----------------------------------------------------------------------
样本 18/20
context 前缀: The Forest Service’s mission includes sustaining the nation’s forests and grassl...
模型输入前 40 词:
<|im_start|>user You are given a report by a government agency. Read the report carefully. Report: The Forest Service’s mission includes sustaining the nation’s forests and grasslands; managing the productivity of those lands for the benefit of citizens; conserving open space; ...
基线输出:
The report assesses the Forest Service's internal controls over budget execution processes, including allotments of budgetary resources, administrative control of funds, and unliquidated obligations. Key findings include deficiencies in processes and control activities for allotments, unliquidated obligations, reimbursements, and administrative control of funds. Recommendations include revising processes, designing and implementing related control activities, and updating manuals and handbooks to comply with USDA policy. The report also highlights the need for improved monitoring and review processes.
TTFT (base): 2078.68 ms
simple_concat 输出:
The Forest Service’s financial management system, including its internal control system, is not in compliance with the requirements of the Government Performance and Performance Information and Integrity Act. Specifically, the Forest Service’s financial management system does not include the following key components:

1. The Forest Service’s financial management system does not have a process for tracking and reviewing unliquidated obligations that have been issued and outstanding. This lack of tracking and review increases the risk of unliquidated obligations not being used or reported. The Forest Service’s process for reviewing unliquidated obligations is not documented in its manuals and handbooks, which are not reviewed by management. Additionally, the Forest Service did not have a process for reviewing unliquidated obligations for fire incident cooperative agreements, which are agreements between the Forest Service and other government agencies for fire suppression. The Forest Service’s policies and procedures for fire incident cooperative agreements do not address the risk of unliquidated obligations not being used or reported. The Forest Service’s policies and procedures do not include a process for reviewing unliquidated obligations for reimbursable agreements, which are agreements for reimbursable expenses, and do not include a process for reviewing unliquidated obligations for reimbursable agreements. The Forest Service’s manuals and handbooks do not adequately describe the processes and related control activities for reviewing unliquidated obligations. The Forest Service has not documented the processes and related control activities for reviewing unliquidated obligations and have not reviewed and updated them. The Forest Service’s manuals and handbooks do not include a process for reviewing unliquidated obligations for unliquidated obligations. The Forest Service’s manuals and handbooks do not include a process for reviewing unliquidated obligations for unliquidated obligations for fire incident cooperative agreements. The Forest Service’s manuals and handbooks do not include a process for reviewing unliquidated obligations for reimbursable agreements. The Forest Service has not documented the processes and related control activities for reviewing unliquidated obligations for reimbursable agreements. The Forest Service has not documented the processes and related control activities for reviewing unliquidated obligations for reimbursable agreements. The Forest Service has not documented the processes and related control activities for reviewing unliquidated obligations for reimbursable agreements. The Forest Service has not documented the processes and related control activities for reviewing unliquidated obligations for reimbursable agreements. The Forest Service has not documented the processes and related control activities for reviewing unliquidated obligations for reimbursable agreements. The Forest Service has not documented the processes and related control activities for reviewing unliquidated obligations for
TTFT (simple_concat, 不含预计算): 115.55 ms
blend_recompute 输出:
The Forest Service’s financial management system, including its internal control system, is not in compliance with the requirements of the Government Performance and Performance Information and Integrity Act. Specifically, the Forest Service’s budgeting and budgetary processes do not comply with the requirements of the Act because the agency does not have a policy that establishes the basis for allocating budgetary resources for specific purposes, and the Forest Service has not implemented controls over the use of unliquidated obligations, unliquidated obligations that have not been paid or settled. The Forest Service does not have a system for administrative control of funds, such as the Forest Service’s process for managing unliquidated obligations. Additionally, the Forest Service’s processes and related control activities for managing funds are not consistent with the requirements of the USDA’s Directive System and the USDA Budget Manual. The Forest Service does not have a system for managing unliquidated obligations that have not been paid or settled. The Forest Service has not developed a process and related control activities to reasonably assure that unliquidated obligations are reviewed for continuing need. The Forest Service has not reviewed the unliquidated obligations of its programs and projects to determine if the obligations are still needed, and it has not established a system for managing unliquidated obligations that have not been paid or settled. The Forest Service does not have a process for managing unliquidated obligations that have not been paid or settled. The Forest Service does not have a process for reviewing and certifying the unliquidated obligations. The Forest Service does not have a process for reviewing and certifying the unliquidated obligations of its programs and projects to ensure that the obligations are used for their intended purposes. The Forest Service has not documented the control activities for the review and certification of unliquidated obligations. The Forest Service has not developed a process for reviewing and certifying the unliquidated obligations of its programs and projects to ensure that the obligations are used for their intended purposes. The Forest Service has not developed a process for reviewing and certifying the unliquidated obligations of its programs and projects to ensure that the obligations are used for their intended purposes. The Forest Service does not have a process for reviewing and certifying the unliquidated obligations of its programs and projects to ensure that the obligations are used for their intended purposes. The Forest Service does not have a process for reviewing and certifying the unliquidated obligations of its programs and projects to ensure that the obligations are used for their intended purposes. The Forest Service has not developed a process for reviewing and certifying the unliquidated obligations of
TTFT (blend_recompute, 不含预计算): 162.69 ms
  选点 1583 tokens / 715 runs, selection=23.61 ms, recompute=29.94 ms
blend_recompute_headwise 输出:
The report assesses the Forest Service's internal control over budget execution processes, particularly focusing on allotments of budgetary resources, reimbursable agreements, and unliquidated obligations. Key findings include:

- The Forest Service lacks documented processes and control activities to reasonably assure that allotments of budgetary resources are used efficiently and effectively.
- The Forest Service does not have adequate processes and control activities to reasonably assure that unliquidated obligations are reviewed and certified in a timely manner.
- The Forest Service lacks processes and related control activities to reasonably assure that its reimburseable agreements are reviewed and certified.
- The Forest Service lacks processes and related control activities to reasonably assure that unliquidated obligations are reviewed and certified.

Recommendations include:

- Developing processes and related control activities to ensure allotments of budgetary resources are used efficiently and effectively.
- Designing, documenting, and implementing processes and related control activities for reviewing and certifying unliquidated obligations.
- Designing, documenting, and implementing processes and related control activities for reviewing and certifying reimburseable agreements.
- Designing, documenting, and implementing processes and related control activities for reviewing and certifying unliquidated obligations.

</summary>
TTFT (blend_recompute_headwise, 不含预计算): 17358.13 ms
  选中 1583 个 token-head 对 / 638 runs, selection=24.98 ms, recompute=17228.78 ms
标准答案:
The Forest Service, an agency within USDA, performs a variety of tasks as steward of 193 million acres of public forests and grasslands. Its budget execution process for carrying out its mission includes (1) allotments, which are authorizations by an agency to incur obligations within a specified amount, and (2) unliquidated obligations, which represent budgetary resources that have been committed but not yet paid. Deobligation refers to an agency's cancellation or downward adjustments of previously incurred obligations, which may result in funds that may be available for reobligation. GAO was asked to review the Forest Service's internal controls over its budget execution processes. This report examines the extent to which the Forest Service properly designed control activities over (1) allotments of budgetary resources, its system for administrative control of funds, and any fund transfers between Forest Service appropriations; (2) reimbursables and related collections; and (3) review and certification of unliquidated obligations. GAO reviewed the Forest Service's policies, procedures, and other documentation and interviewed agency officials. In fiscal years 2015 and 2016, the Forest Service received discretionary no-year appropriations of $5.1 billion and $5.7 billion, respectively. It is critical for the Forest Service to manage its budgetary resources efficiently and effectively. While the Forest Service had processes over certain of its budget execution activities, GAO found the following internal control deficiencies: Budgetary resources . The purpose statute requires that amounts designated in appropriations acts for specific purposes are used as designated. The Forest Service did not have an adequate process and related control activities to reasonably assure that amounts were used as designated. In fiscal year 2017, GAO issued a legal opinion that the Forest Service had failed to comply with the purpose statute with regard to a $65 million line-item appropriation specifically provided for the purpose of acquiring aircraft for the next-generation airtanker fleet. Further, the Forest Service lacked a process and related control activities to reasonably assure that unobligated no-year appropriation balances from prior years were reviewed for their continuing need; did not have a properly designed system for administrative control of funds, which keeps obligations and expenditures from exceeding limits authorized by law; and had not properly designed control activities for fund transfers to its Wildland Fire Management program. These deficiencies increase the risk that the Forest Service may make budget requests in excess of its needs. Reimbursable agreements . To carry out its mission, the Forest Service enters into reimbursable agreements with agencies within the U.S. Department of Agriculture (USDA), other federal agencies, state and local government agencies, and nongovernment entities. The Forest Service (1) did not have adequately described processes and related control activities in manuals and handbooks for its reimbursable agreement processes and (2) lacked control activities related to segregating incompatible duties performed by line officers and program managers. For example, line officers may be responsible for initiating cost sharing agreements, modifying cost settlement packages, and changing or canceling the related receivable, which represent incompatible duties. As a result, programs and resources may not be protected from waste, fraud, and mismanagement. Unliquidated obligations . The Forest Service's processes and control activities over the review and certification of unliquidated obligations were not properly designed to reasonably assure the best use of funds and that unliquidated obligations would be efficiently and effectively deobligated and made available for other program needs. Further, the current process, as designed, was inconsistent with USDA and Forest Service policy. In addition, the Forest Service's manuals and handbooks, which provide directives for the areas that GAO reviewed, had not been reviewed by management in accordance with the Forest Service's 5-year review policy. Further, standard operating procedures and desk guides prepared by staff to supplement the manuals and handbooks were not issued as directives and therefore were not considered official policy. This increases the risk that control activities may not be consistently performed across the agency. GAO is making 11 recommendations to improve processes and related internal control activities over the management of the Forest Service's budgetary resources, reimbursable receivables and collections, and its process for reviewing unliquidated obligations. The Forest Service generally agreed with the report and stated that it has made significant progress to address the report findings.
ROUGE-L F1 (base vs ground_truth): 0.2105
ROUGE-L F1 (simple_concat_with_reposition vs ground_truth): 0.2589
ROUGE-L F1 (blend_recompute vs ground_truth): 0.2555
ROUGE-L F1 (blend_recompute_headwise vs ground_truth): 0.2258

----------------------------------------------------------------------
样本 19/20
context 前缀: Article II, Section 2, of the Constitution provides that the President shall app...
模型输入前 40 词:
<|im_start|>user You are given a report by a government agency. Read the report carefully. Report: Article II, Section 2, of the Constitution provides that the President shall appoint officers of the United States "by and with the Advice and Consent ...
基线输出:
The report provides an in-depth analysis of the confirmation process for presidential appointments to government positions. It covers the background of the process, the criteria for confirmation, the number and types of appointments, and the challenges faced by the Senate in the confirmation process. The report also details the methods used by the Senate to review nominations and the procedures followed in the confirmation process. The report concludes with recommendations for improving the confirmation process and reducing delays.
TTFT (base): 1191.72 ms
simple_concat 输出:
The Senate rules of the United States Senate, as outlined in the Senate Rules XXI through XXVII, provide a detailed framework for the legislative process of the Senate, a legislative body of the United States Congress. The Senate is one of the two chambers of the United States Congress, alongside the House of Representatives. These rules are designed to ensure that the Senate operates efficiently and effectively in carrying out its responsibilities. The rules outline the procedures for the conduct of the Senate, including the rules of debate, voting procedures, and the rules of order. The Senate's rules are designed to be flexible, with the rules of the Senate often amended by the Senate itself through the Senate Rules Committee. The Senate's rules are an important tool for the Senate to maintain its independence and independence from the President of the United States. The Senate rules are designed to balance the interests of the President and the public by ensuring that nominations are considered and acted upon promptly. The Senate rules are a key tool for the Senate to ensure that nominations are considered and acted upon promptly. The Senate rules are designed to ensure that the Senate operates efficiently and effectively in carrying out its responsibilities. The Senate is one of the two chambers of the United States Congress, alongside the House of Representatives. The Senate is a legislative body that is responsible for considering and approving nominations for executive branch positions. The Senate rules are designed to provide a structured and fair process for this process. The Senate rules are designed to ensure that nominations are considered and acted upon promptly. The Senate rules are an important tool for the Senate to maintain its independence and independence from the President of the United States. The Senate rules are designed to balance the interests of the President and the public by ensuring that nominations are considered and acted upon promptly. The Senate rules are designed to ensure that nominations are considered and acted upon promptly. The Senate is a legislative body that is responsible for considering and approving nominations for executive branch positions. The Senate is a legislative body that is responsible for considering and approving nominations for executive branch positions. The Senate is a legislative body that is responsible for considering and approving nominations for executive branch positions. The Senate is a legislative body that is responsible for considering and approving nominations for executive branch positions. The Senate is a legislative body that is responsible for considering and approving nominations for executive branch positions. The Senate is a legislative body that is responsible for considering and approving nominations for executive branch positions. The Senate is a legislative body that is responsible for considering and approving nominations for executive branch positions. The Senate is a legislative body that is responsible for considering and approving
TTFT (simple_concat, 不含预计算): 82.17 ms
blend_recompute 输出:
The Senate rules of the United States Senate, as outlined in the Senate Rules XXI through XXVII, provide a detailed framework for the legislative process of the Senate. The Senate has a unique legislative process, as it is the only chamber of Congress where the President of the United States has the power to nominate executive branch officials, including federal judges, ambassadors, and other high-ranking officials. The rules outline the process for nominations to the Senate. The Senate rules also set forth the Senate's procedures for the confirmation of these nominations. The Senate's rules also outline the procedures for the Senate to consider nominations, including the process for nominations to the Senate, the Senate's procedures for the confirmation of these nominations, and the Senate's procedures for the consideration of nominations to the Senate. The Senate's rules are designed to ensure that the Senate can consider nominations and confirm them in a timely manner, as well as to ensure that the Senate can effectively manage its business and the Senate's procedures are consistent with the Constitution and other relevant laws. The Senate's rules also outline the procedures for the Senate to consider nominations and confirm them, including the Senate's procedures for the consideration of nominations and the Senate's procedures for the confirmation of nominations. The Senate's rules also outline the procedures for the Senate to consider nominations and confirm them, including the Senate's procedures for the consideration of nominations and the Senate's procedures for the confirmation of nominations. The Senate's rules are designed to ensure that the Senate can consider nominations and confirm them in a timely manner, as well as to ensure that the Senate can effectively manage its business and the Senate's procedures are consistent with the Constitution and other relevant laws. The Senate's rules also outline the procedures for the Senate to consider nominations and confirm them, including the Senate's procedures for the consideration of nominations and the Senate's procedures for the confirmation of nominations. The Senate's rules are designed to ensure that the Senate can consider nominations and confirm them in a timely manner, as well as to ensure that the Senate can effectively manage its business and the Senate's procedures are consistent with the Constitution and other relevant laws. The Senate's rules also outline the procedures for the Senate to consider nominations and confirm them, including the Senate's procedures for the consideration of nominations and the Senate's procedures for the confirmation of nominations. The Senate's rules are designed to ensure that the Senate can consider nominations and confirm them in a timely manner, as well as to ensure that the Senate can effectively manage its business and the Senate's procedures are consistent with the Constitution and other relevant laws. The
TTFT (blend_recompute, 不含预计算): 124.52 ms
  选点 991 tokens / 444 runs, selection=14.85 ms, recompute=32.82 ms
blend_recompute_headwise 输出:
The report provides an overview of the Senate's confirmation process for executive branch nominations, focusing on the procedural rules, the process of nominations, and the potential impact of recent changes in Senate rules. It explains how nominations are referred to the Senate, the role of the Senate Majority Leader, and the Senate's rules on cloture and unanimous consent. The report discusses the Senate's practice of referring nominations to committees for consideration and the timing of the Senate's consideration of nominations. It also covers the Senate's practice of referring nominations to committees for consideration and the timing of the Senate's consideration of nominations. The report provides information on the Senate's practice of referring nominations to committees for consideration and the timing of the Senate's consideration of nominations. It also covers the Senate's practice of referring nominations to committees for consideration and the timing of the Senate's consideration of nominations.
TTFT (blend_recompute_headwise, 不含预计算): 10836.85 ms
  选中 991 个 token-head 对 / 392 runs, selection=15.53 ms, recompute=10752.31 ms
标准答案:
Article II, Section 2, of the Constitution provides that the President shall appoint officers of the United States "by and with the Advice and Consent of the Senate." This report describes the process by which the Senate provides advice and consent on presidential nominations, including receipt and referral of nominations, committee practices, and floor procedure. Committees play the central role in the process through investigations and hearings. Senate Rule XXXI provides that nominations shall be referred to appropriate committees "unless otherwise ordered." Most nominations are referred, although a Senate standing order provides that some "privileged" nominations to specified positions will not be referred unless requested by a Senator. The Senate rule concerning committee jurisdictions (Rule XXV) broadly defines issue areas for committees, and the same jurisdictional statements generally apply to nominations as well as legislation. A committee often gathers information about a nominee either before or instead of a formal hearing. A committee considering a nomination has four options. It can report the nomination to the Senate favorably, unfavorably, or without recommendation, or it can choose to take no action. It is more common for a committee to take no action on a nomination than to reject a nominee outright. The Senate handles executive business, which includes both nominations and treaties, separately from its legislative business. All nominations reported from committee are listed on the Executive Calendar, a separate document from the Calendar of Business, which lists pending bills and resolutions. Generally speaking, the majority leader schedules floor consideration of nominations on the Calendar. Nominations are considered in "executive session," a parliamentary form of the Senate in session that has its own journal and, to some extent, its own rules of procedure. The Senate can call up a nomination expeditiously, because a motion to enter executive session to consider a specific nomination on the Calendar is not debatable. This motion requires a majority of Senators present and voting, a quorum being present, for approval. After a nomination has been called up, the question before the Senate is "will the Senate advise and consent to this nomination?" A majority of Senators voting is required to approve a nomination. However, Senate rules place no limit on how long a nomination may be debated, and ending consideration could require invoking cloture. On April 6, 2017, the Senate reinterpreted Rule XXII in order to allow cloture to be invoked on nominations to the Supreme Court by a majority of Senators voting. This expanded the results of similar actions taken by the Senate in November 2013, which changed the cloture vote requirement to a majority for nominations other than to the Supreme Court. After the 2013 decision, the number of nominations subjected to a cloture process increased. On April 3, 2019, the Senate reinterpreted Rule XXII again. The Senate reduced, from 30 hours to 2 hours, the maximum time nominations can be considered after cloture has been invoked. This change applied to all executive branch nominations except to high-level positions such as heads of departments, and it applied to all judicial nominations except to the Supreme Court and the U.S. Circuit Court of Appeals. The full impact of this change is difficult to assess at this time, but it is likely to shorten the time between a cloture vote and a vote on the nomination. If Senators respond as they did to the last reinterpretation of the cloture rule, it might also increase the number of nominations subjected to a cloture process. Nominations that are pending when the Senate adjourns sine die at the end of a session or recesses for more than 30 days are returned to the President unless the Senate, by unanimous consent, waives the rule requiring their return (Senate Rule XXXI, clause 6). If a nomination is returned, and the President still desires Senate consideration, he must submit a new nomination.
ROUGE-L F1 (base vs ground_truth): 0.1070
ROUGE-L F1 (simple_concat_with_reposition vs ground_truth): 0.1654
ROUGE-L F1 (blend_recompute vs ground_truth): 0.1856
ROUGE-L F1 (blend_recompute_headwise vs ground_truth): 0.1504

----------------------------------------------------------------------
样本 20/20
context 前缀: The Longshore and Harbor Workers' Compensation Act (LHWCA) requires that private...
模型输入前 40 词:
<|im_start|>user You are given a report by a government agency. Read the report carefully. Report: The Longshore and Harbor Workers' Compensation Act (LHWCA) requires that private-sector firms provide workers' compensation coverage for their employees engaged in longshore, harbor, or other ...
基线输出:
The report provides an overview of the Longshore and Harbor Workers' Compensation Act (LHWCA), a federal program that covers maritime workers in the United States. Key points include:

- The LHWCA was established in 1927 to provide workers' compensation for longshoremen and harbor workers on navigable waters.
- The program covers most private-sector workers in the United States who are covered by state workers' compensation laws.
- The DOL administers the LHWCA, which provides medical and disability benefits to injured workers and their families.
- The LHWCA is a no-fault system, ensuring benefits regardless of employer responsibility.
- The program is funded through an annual assessment charged to employers and insurance carriers.
- The LHWCA covers workers on navigable waters, including piers, wharves, and recreational vessels over 65 feet in length.
- The program provides medical benefits for injuries and illnesses, disability benefits for wage loss, and survivors benefits for workers killed on the job.
- The LHWCA is not a federal benefits program but a workers' compensation system.
- The report notes the extension of coverage to military and public works contractors in 1941 and to civilian employees of nonappropriated fund instrumentalities of the armed forces in 1952.
- The report highlights the need for legislation to remove the existing regulatory definitions for recreational vessels to allow employers to purchase workers' compensation for these workers under state laws.

</think>
TTFT (base): 767.87 ms
simple_concat 输出:
The LHWCA (Longshore and Harbor Workers' Compensation Act) is a federal law in the United States that provides compensation to workers who are injured, sick, or die while performing work-related duties on navigable waters. The LHWCA is a no-fault system that requires employers to provide workers' compensation coverage for their employees who are injured, sick, or die while working on covered vessels, which includes recreational vessels. The LHWCA provides benefits to injured workers, including medical and disability benefits, and survivors benefits to the families of workers who die on the job. The LHWCA also provides a cash payment to the families of workers who die on the job, and the benefits are paid at two-thirds of the worker's pre-injury wage. The LHWCA is funded by a fee charged to employers, with the exception of a small number of workers who are covered by state workers' compensation laws. The DOL (Department of Labor) is responsible for administering the LHWCA, and the DOL is responsible for authorizing insurance carriers to provide coverage and for authorizing companies to self-insure. The LHWCA also provides benefits to workers who are injured, sick, or die on the job, and it provides benefits to workers who are injured, sick, or die on the job while on the job. The LHWCA also provides benefits to workers who are injured, sick, or die on the job while on the job. The LHWCA also provides benefits to workers who are injured, sick, or die on the job while on the job. The LHWCA provides benefits to workers who are injured, sick, or die on the job while on the job. The LHWCA provides benefits to workers who are injured, sick, or die on the job while on the job. The LHWCA provides benefits to workers who are injured, sick, or die on the job while on the job. The LHWCA provides benefits to workers who are injured, sick, or die on the job while on the job. The LHWCA provides benefits to workers who are injured, sick, or die on the job while on the job. The LHWCA provides benefits to workers who are injured, sick, or die on the job while on the job. The LHWCA provides benefits to workers who are injured, sick, or die on the job while on the job. The LHWCA provides benefits to workers who are injured, sick, or die on the job while on the job. The
TTFT (simple_concat, 不含预计算): 59.37 ms
blend_recompute 输出:
The LHWCA (Longshore and Harbor Workers' Compensation Act) is a federal law that provides workers with compensation for injuries sustained while performing their jobs on or near navigable waters. The LHWCA was established in 1916 and has been amended several times to expand coverage to cover a wide range of workers, including those working on recreational vessels, military vessels, and in the construction and repair of recreational vessels. The LHWCA provides benefits to injured, sick, and deceased workers, including medical benefits, disability benefits, and burial and funeral benefits. The LHWCA is administered by the Department of Labor (DOL) and is funded through the LHWCA Special Fund. The fund is adjusted annually to account for inflation. The LHWCA benefits include benefits for workers who are totally or partially disabled, with benefits for the spouse and dependents of deceased workers. The LHWCA is designed to provide compensation for workers who are unable to work due to a work-related injury or illness. The LHWCA provides a comprehensive package of benefits to injured workers, including medical and disability benefits, and it is designed to provide a safety net for workers who are unable to work due to a work-related injury or illness. The LHWCA is a critical safety net for workers who are injured or disabled while performing their jobs on or near navigable waters, providing them with the financial security they need to recover and recover.
TTFT (blend_recompute, 不含预计算): 85.48 ms
  选点 637 tokens / 255 runs, selection=9.70 ms, recompute=24.22 ms
blend_recompute_headwise 输出:
The LHWCA is a federal workers' compensation program that covers workers engaged in maritime occupations on or adjacent to the navigable waters of the United States. It provides benefits to covered workers for injuries or illnesses, as well as to their survivors. The LHWCA is administered by the Department of Labor (DOL) and covers workers who are not covered by state workers' compensation laws. The LHWCA provides benefits for workers who are injured, sick, or die while on the job. The benefits are paid through the Special Fund, which is funded by employers and insurance carriers. The LHWCA provides benefits to workers who are injured, sick, or die while on the job. The benefits are paid through the Special Fund, which is funded by employers and insurance carriers. The LHWCA provides benefits to workers who are injured, sick, or die while on the job. The benefits are paid through the Special Fund, which is funded by employers and insurance carriers. The LHWCA provides benefits to workers who are injured, sick, or die while on the job. The benefits are paid through the Special Fund, which is funded by employers and insurance carriers. The LHWCA provides benefits to workers who are injured, sick, or die while on the job. The benefits are paid through the Special Fund, which is funded by employers and insurance carriers. The LHWCA provides benefits to workers who are injured, sick, or die while on the job. The benefits are paid through the Special Fund, which is funded by employers and insurance carriers. The LHWCA provides benefits to workers who are injured, sick, or die while on the job. The benefits are paid through the Special Fund, which is funded by employers and insurance carriers. The LHWCA provides benefits to workers who are injured, sick, or die while on the job. The benefits are paid through the Special Fund, which is funded by employers and insurance carriers. The LHWCA provides benefits to workers who are injured, sick, or die while on the job. The benefits are paid through the Special Fund, which is funded by employers and insurance carriers. The LHWCA provides benefits to workers who are injured, sick, or die while on the job. The benefits are paid through the Special Fund, which is funded by employers and insurance carriers. The LHWCA provides benefits to workers who are injured, sick, or die while on the job. The benefits are paid through the Special Fund, which is funded by employers and insurance carriers. The LHWCA provides
TTFT (blend_recompute_headwise, 不含预计算): 5913.96 ms
  选中 637 个 token-head 对 / 215 runs, selection=13.01 ms, recompute=5844.68 ms
标准答案:
The Longshore and Harbor Workers' Compensation Act (LHWCA) is a federal workers' compensation program that covers certain private-sector maritime workers. Firms that employ these workers are required to purchase workers' compensation or self-insure and are responsible for providing medical and disability benefits to covered workers who are injured or become ill on the job and survivors benefits to the families of covered workers who die on the job. The LHWCA is administered by the Department of Labor (DOL), and all benefit costs are paid by employers and their insurance carriers. In 2016, more than $1.4 billion in LHWCA benefits were paid to beneficiaries. Congress has extended the LHWCA provisions to cover workers outside of the maritime industry, such as overseas government contractors and civilian employees of military post exchanges. As part of the American Recovery and Reinvestment Act of 2009 (ARRA), persons who repair recreational vessels of any size were added to the LHWCA exemption list. In 2011, the DOL implemented this provision; since then, those regulations have proven controversial and numerous bills have been introduced to modify the regulatory definition to increase the number of workers exempted from the LHWCA. The LHWCA pays for all medical care associated with a covered injury or illness. Disability benefits are based on a worker's pre-injury wage, and, unlike comparable state workers' compensation benefits, are adjusted annually to reflect national wage growth.
ROUGE-L F1 (base vs ground_truth): 0.3676
ROUGE-L F1 (simple_concat_with_reposition vs ground_truth): 0.3852
ROUGE-L F1 (blend_recompute vs ground_truth): 0.3000
ROUGE-L F1 (blend_recompute_headwise vs ground_truth): 0.3429

======================================================================
测评汇总
平均 ROUGE-L F1 (base vs ground_truth): 0.2805
平均 TTFT (base): 2413.08 ms
平均 ROUGE-L F1 (simple_concat_with_reposition vs ground_truth): 0.2575
平均 TTFT (simple_concat, 不含预计算): 107.96 ms
平均 ROUGE-L F1 (blend_recompute vs ground_truth): 0.2415
平均 TTFT (blend_recompute, 不含预计算): 171.42 ms
平均 ROUGE-L F1 (blend_recompute_headwise vs ground_truth): 0.2528
平均 TTFT (blend_recompute_headwise, 不含预计算): 18908.48 ms
======================================================================

